999
LibreDWG 0.13.3
  0
SECTION
  2
HEADER
  9
$ACADVER
  1
AC1032
  9
$ACADMAINTVER
 90
        0
  9
$DWGCODEPAGE
  3
ANSI_1252
  9
$LASTSAVEDBY
  1
z
  9
$REQUIREDVERSIONS
160
           0
  9
$INSBASE
 10
0
 20
0
 30
0
  9
$EXTMIN
 10
38.54249812851327
 20
-8.585746275416696
 30
-0.4289412036978986
  9
$EXTMAX
 10
57.61296121420585
 20
2.115322206353795
 30
0.3103073964828802
  9
$LIMMIN
 10
0
 20
0
  9
$LIMMAX
 10
12
 20
9
  9
$ORTHOMODE
 70
     1
  9
$REGENMODE
 70
     1
  9
$FILLMODE
 70
     1
  9
$QTEXTMODE
 70
     0
  9
$MIRRTEXT
 70
     0
  9
$LTSCALE
 40
0.06
  9
$ATTMODE
 70
     1
  9
$TEXTSIZE
 40
0.2
  9
$TRACEWID
 40
0.05
  9
$TEXTSTYLE
  7
Standard
  9
$CLAYER
  8
0
  9
$CELTYPE
  6
ByLayer
  9
$CECOLOR
 62
     0
  9
$CELTSCALE
 40
1
  9
$DISPSILH
 70
     0
  9
$DIMSCALE
 40
1
  9
$DIMASZ
 40
0.18
  9
$DIMEXO
 40
0.0625
  9
$DIMDLI
 40
0.38
  9
$DIMRND
 40
0
  9
$DIMDLE
 40
0
  9
$DIMEXE
 40
0.18
  9
$DIMTP
 40
0
  9
$DIMTM
 40
0
  9
$DIMTXT
 40
0.18
  9
$DIMCEN
 40
0.09
  9
$DIMTSZ
 40
0
  9
$DIMTOL
 70
     0
  9
$DIMLIM
 70
     0
  9
$DIMTIH
 70
     1
  9
$DIMTOH
 70
     1
  9
$DIMSE1
 70
     0
  9
$DIMSE2
 70
     0
  9
$DIMTAD
 70
     0
  9
$DIMZIN
 70
     0
  9
$DIMBLK
  1
_ArchTick
  9
$DIMASO
 70
     1
  9
$DIMSHO
 70
     1
  9
$DIMPOST
  1

  9
$DIMAPOST
  1

  9
$DIMALT
 70
     0
  9
$DIMALTD
 70
     2
  9
$DIMALTF
 40
25.4
  9
$DIMLFAC
 40
1
  9
$DIMTOFL
 70
     0
  9
$DIMTVP
 40
0
  9
$DIMTIX
 70
     0
  9
$DIMSOXD
 70
     0
  9
$DIMSAH
 70
     0
  9
$DIMBLK1
  1

  9
$DIMBLK2
  1

  9
$DIMSTYLE
  2
Standard
  9
$DIMCLRD
 70
     0
  9
$DIMCLRE
 70
     0
  9
$DIMCLRT
 70
     0
  9
$DIMTFAC
 40
1
  9
$DIMGAP
 40
0.09
  9
$DIMJUST
 70
     0
  9
$DIMSD1
 70
     0
  9
$DIMSD2
 70
     0
  9
$DIMTOLJ
 70
     1
  9
$DIMTZIN
 70
     0
  9
$DIMALTZ
 70
     0
  9
$DIMALTTZ
 70
     0
  9
$DIMUPT
 70
     0
  9
$DIMDEC
 70
     2
  9
$DIMTDEC
 70
     2
  9
$DIMALTU
 70
     2
  9
$DIMALTTD
 70
     2
  9
$DIMTXSTY
  7
Standard
  9
$DIMAUNIT
 70
     0
  9
$DIMADEC
 70
     0
  9
$DIMALTRND
 40
0
  9
$DIMAZIN
 70
     0
  9
$DIMDSEP
 70
    46
  9
$DIMATFIT
 70
     3
  9
$DIMFRAC
 70
     0
  9
$DIMLDRBLK
  1

  9
$DIMLUNIT
 70
     2
  9
$DIMLWD
 70
    -2
  9
$DIMLWE
 70
    -2
  9
$DIMTMOVE
 70
     0
  9
$DIMFXL
 40
1
  9
$DIMFXLON
 70
     0
  9
$DIMJOGANG
 40
0.7853981633974483
  9
$DIMTFILL
 70
     0
  9
$DIMTFILLCLR
 70
     0
  9
$DIMARCSYM
 70
     0
  9
$DIMLTYPE
  6

  9
$DIMLTEX1
  6

  9
$DIMLTEX2
  6

  9
$DIMTXTDIRECTION
 70
     0
  9
$LUNITS
 70
     2
  9
$LUPREC
 70
     2
  9
$AXISMODE
 70
     0
  9
$AXISUNIT
 10
0
 20
0
  9
$SKETCHINC
 40
0.1
  9
$FILLETRAD
 40
0
  9
$AUNITS
 70
     0
  9
$AUPREC
 70
     0
  9
$MENU
  1
.
  9
$ELEVATION
 40
0
  9
$PELEVATION
 40
0
  9
$THICKNESS
 40
0
  9
$LIMCHECK
 70
     0
  9
$CHAMFERA
 40
0
  9
$CHAMFERB
 40
0
  9
$CHAMFERC
 40
0
  9
$CHAMFERD
 40
0
  9
$SKPOLY
 70
     0
  9
$TDCREATE
 40
2455753.915859670
  9
$TDUCREATE
 40
2455753.807859670
  9
$TDUPDATE
 40
2458952.828930000
  9
$TDUUPDATE
 40
2458952.720930000
  9
$TDINDWG
 40
0.424454480
  9
$TDUSRTIMER
 40
0.424453970
  9
$USRTIMER
 70
     1
  9
$ANGBASE
 50
0
  9
$ANGDIR
 70
     0
  9
$PDMODE
 70
     0
  9
$PDSIZE
 40
0
  9
$PLINEWID
 40
0
  9
$SPLFRAME
 70
     0
  9
$SPLINETYPE
 70
     6
  9
$SPLINESEGS
 70
     8
  9
$HANDSEED
  5
85A
  9
$SURFTAB1
 70
     6
  9
$SURFTAB2
 70
     6
  9
$SURFTYPE
 70
     6
  9
$SURFU
 70
     6
  9
$SURFV
 70
     6
  9
$UCSBASE
  2

  9
$UCSNAME
  2

  9
$UCSORG
 10
0
 20
0
 30
0
  9
$UCSXDIR
 10
1
 20
0
 30
0
  9
$UCSYDIR
 10
0
 20
1
 30
0
  9
$UCSORTHOREF
  2

  9
$UCSORTHOVIEW
 70
     0
  9
$UCSORGTOP
 10
0
 20
0
 30
0
  9
$UCSORGBOTTOM
 10
0
 20
0
 30
0
  9
$UCSORGLEFT
 10
0
 20
0
 30
0
  9
$UCSORGRIGHT
 10
0
 20
0
 30
0
  9
$UCSORGFRONT
 10
0
 20
0
 30
0
  9
$UCSORGBACK
 10
0
 20
0
 30
0
  9
$PUCSBASE
  2

  9
$PUCSNAME
  2

  9
$PUCSORG
 10
0
 20
0
 30
0
  9
$PUCSXDIR
 10
1
 20
0
 30
0
  9
$PUCSYDIR
 10
0
 20
1
 30
0
  9
$PUCSORTHOREF
  2

  9
$PUCSORTHOVIEW
 70
     0
  9
$PUCSORGTOP
 10
0
 20
0
 30
0
  9
$PUCSORGBOTTOM
 10
0
 20
0
 30
0
  9
$PUCSORGLEFT
 10
0
 20
0
 30
0
  9
$PUCSORGRIGHT
 10
0
 20
0
 30
0
  9
$PUCSORGFRONT
 10
0
 20
0
 30
0
  9
$PUCSORGBACK
 10
0
 20
0
 30
0
  9
$USERI1
 70
     0
  9
$USERI2
 70
     0
  9
$USERI3
 70
     0
  9
$USERI4
 70
     0
  9
$USERI5
 70
     0
  9
$USERR1
 40
0
  9
$USERR2
 40
0
  9
$USERR3
 40
0
  9
$USERR4
 40
0
  9
$USERR5
 40
0
  9
$WORLDVIEW
 70
     1
  9
$SHADEDGE
 70
     3
  9
$SHADEDIF
 70
    70
  9
$TILEMODE
 70
     1
  9
$MAXACTVP
 70
    64
  9
$PINSBASE
 10
0
 20
0
 30
0
  9
$PLIMCHECK
 70
     0
  9
$PEXTMIN
 10
0
 20
0
 30
0
  9
$PEXTMAX
 10
0
 20
0
 30
0
  9
$PLIMMIN
 10
0
 20
0
  9
$PLIMMAX
 10
12
 20
9
  9
$UNITMODE
 70
     0
  9
$VISRETAIN
 70
     1
  9
$PLINEGEN
 70
     0
  9
$PSLTSCALE
 70
     1
  9
$TREEDEPTH
 70
  3020
  9
$CMLSTYLE
  2
Standard
  9
$CMLJUST
 70
     0
  9
$CMLSCALE
 40
1
  9
$PROXYGRAPHICS
 70
     1
  9
$MEASUREMENT
 70
     0
  9
$CELWEIGHT
370
    -1
  9
$ENDCAPS
280
     0
  9
$JOINSTYLE
280
     0
  9
$LWDISPLAY
290
     0
  9
$INSUNITS
 70
     1
  9
$HYPERLINKBASE
  1

  9
$STYLESHEET
  1
monochrome.ctb
  9
$XEDIT
290
     1
  9
$CEPSNTYPE
380
     0
  9
$PSTYLEMODE
290
     1
  9
$FINGERPRINTGUID
  2
{60AE4FDB-0FAD-6048-A612-12585AFFCAF6}
  9
$VERSIONGUID
  2
{00B00D7C-F3D5-1149-93A8-9021658FBB1B}
  9
$EXTNAMES
290
     1
  9
$PSVPSCALE
 40
0
  9
$OLESTARTUP
290
     0
  9
$SORTENTS
280
   127
  9
$INDEXCTL
280
     0
  9
$HIDETEXT
280
     1
  9
$XCLIPFRAME
280
     0
  9
$HALOGAP
280
     0
  9
$OBSCOLOR
 70
   257
  9
$OBSLTYPE
280
     0
  9
$INTERSECTIONDISPLAY
280
     0
  9
$INTERSECTIONCOLOR
 70
   257
  9
$DIMASSOC
280
     2
  9
$PROJECTNAME
  1

  9
$CAMERADISPLAY
290
     0
  9
$LENSLENGTH
 40
50
  9
$CAMERAHEIGHT
 40
0
  9
$STEPSPERSEC
 40
2
  9
$STEPSIZE
 40
6
  9
$3DDWFPREC
 40
2
  9
$PSOLWIDTH
 40
0.25
  9
$PSOLHEIGHT
 40
4
  9
$LOFTANG1
 40
1.570796326794897
  9
$LOFTANG2
 40
1.570796326794897
  9
$LOFTMAG1
 40
0
  9
$LOFTMAG2
 40
0
  9
$LOFTPARAM
 70
     7
  9
$LOFTNORMALS
280
     1
  9
$LATITUDE
 40
37.795
  9
$LONGITUDE
 40
-122.394
  9
$NORTHDIRECTION
 40
0
  9
$TIMEZONE
 70
 -8000
  9
$LIGHTGLYPHDISPLAY
280
     1
  9
$TILEMODELIGHTSYNCH
280
     1
  9
$CMATERIAL
347
30
  9
$SOLIDHIST
280
     1
  9
$SHOWHIST
280
     1
  9
$DWFFRAME
280
     2
  9
$DGNFRAME
280
     0
  9
$REALWORLDSCALE
290
     1
  9
$INTERFERECOLOR
 62
   256
  9
$INTERFEREOBJVS
345
38
  9
$INTERFEREVPVS
346
39
  9
$CSHADOW
280
     0
  9
$SHADOWPLANELOCATION
 40
0
  0
ENDSEC
  0
SECTION
  2
CLASSES
  0
CLASS
  1
ACDBDICTIONARYWDFLT
  2
AcDbDictionaryWithDefault
  3
ObjectDBX Classes
 90
        0
 91
        1
280
     0
281
     0
  0
CLASS
  1
DICTIONARYVAR
  2
AcDbDictionaryVar
  3
ObjectDBX Classes
 90
        0
 91
        9
280
     0
281
     0
  0
CLASS
  1
TABLESTYLE
  2
AcDbTableStyle
  3
ObjectDBX Classes
 90
     4095
 91
        1
280
     0
281
     0
  0
CLASS
  1
MATERIAL
  2
AcDbMaterial
  3
ObjectDBX Classes
 90
     1153
 91
        3
280
     0
281
     0
  0
CLASS
  1
VISUALSTYLE
  2
AcDbVisualStyle
  3
ObjectDBX Classes
 90
     4095
 91
       25
280
     0
281
     0
  0
CLASS
  1
SORTENTSTABLE
  2
AcDbSortentsTable
  3
ObjectDBX Classes
 90
        0
 91
        1
280
     0
281
     0
  0
CLASS
  1
DIMASSOC
  2
AcDbDimAssoc
  3
"AcDbDimAssoc|Product Desc:     AcDim ARX App For Dimension|Company:          Autodesk, Inc.|WEB Address:      www.autodesk.com"
 90
        0
 91
        0
280
     0
281
     0
  0
CLASS
  1
PLOTSETTINGS
  2
AcDbPlotSettings
  3
ObjectDBX Classes
 90
        0
 91
        0
280
     0
281
     0
  0
CLASS
  1
SCALE
  2
AcDbScale
  3
ObjectDBX Classes
 90
     1153
 91
       17
280
     0
281
     0
  0
CLASS
  1
MLEADERSTYLE
  2
AcDbMLeaderStyle
  3
ACDB_MLEADERSTYLE_CLASS
 90
     4095
 91
        1
280
     0
281
     0
  0
CLASS
  1
ACDBSECTIONVIEWSTYLE
  2
AcDbSectionViewStyle
  3
ObjectDBX Classes
 90
     1025
 91
        1
280
     0
281
     0
  0
CLASS
  1
ACDBDETAILVIEWSTYLE
  2
AcDbDetailViewStyle
  3
ObjectDBX Classes
 90
     1025
 91
        1
280
     0
281
     0
  0
ENDSEC
  0
SECTION
  2
TABLES
  0
TABLE
  2
VPORT
  5
1F
330
0
100
AcDbSymbolTable
 70
     1
  0
VPORT
  5
20
330
1F
100
AcDbSymbolTableRecord
100
AcDbViewportTableRecord
  2
*Active
 70
     0
 10
0
 20
0
 11
1
 21
1
 12
49.54391795912977
 22
-4.12225210412319
 13
0
 23
0
 14
0.5
 24
0.5
 15
0.5
 25
0.5
 16
0
 26
0
 36
1
 17
0
 27
0
 37
0
 40
28.44893410432406
 41
2.26284348864994
 42
50
 43
0
 44
0
 50
0
 51
0
 71
     0
 72
  1000
 73
     1
 74
     3
 75
     0
 76
     0
 77
     0
 78
     0
281
     0
 65
     1
110
0
120
0
130
0
111
1
121
0
131
0
112
0
122
1
132
0
 79
     0
146
0
348
21
 60
     2
 61
     5
292
     1
282
     1
141
0
142
0
 63
   250
421
-1036831949
1001
ACAD_NAV_VCDISPLAY
1070
     3
  0
ENDTAB
  0
TABLE
  2
LTYPE
  5
1A
330
0
100
AcDbSymbolTable
 70
     3
  0
LTYPE
  5
1B
330
1A
100
AcDbSymbolTableRecord
100
AcDbLinetypeTableRecord
  2
ByBlock
 70
     0
  3

 72
    65
 73
     0
 40
0
  0
LTYPE
  5
1C
330
1A
100
AcDbSymbolTableRecord
100
AcDbLinetypeTableRecord
  2
ByLayer
 70
     0
  3

 72
    65
 73
     0
 40
0
  0
LTYPE
  5
C
330
1A
100
AcDbSymbolTableRecord
100
AcDbLinetypeTableRecord
  2
Continuous
 70
     0
  3
Solid line
 72
    65
 73
     0
 40
0
  0
LTYPE
  5
1E0
330
1A
100
AcDbSymbolTableRecord
100
AcDbLinetypeTableRecord
  2
HIDDEN2
 70
     0
  3
Hidden (.5x) _ _ _ _ _ _ _ _ _ _ _ _ _ _ _ _ _
 72
    65
 73
     2
 40
4.762499999999999
 49
3.175
 74
     0
 49
-1.5875
 74
     0
  0
ENDTAB
  0
TABLE
  2
LAYER
  5
14
102
{ACAD_XDICTIONARY
360
15
102
}
330
0
100
AcDbSymbolTable
 70
    11
  0
LAYER
  5
6
102
{ACAD_XDICTIONARY
360
83F
102
}
330
14
100
AcDbSymbolTableRecord
100
AcDbLayerTableRecord
  2
0
 70
     8
 62
     7
  6
Continuous
290
     1
370
    -3
390
7
348
0
  0
LAYER
  5
14A
102
{ACAD_XDICTIONARY
360
841
102
}
330
14
100
AcDbSymbolTableRecord
100
AcDbLayerTableRecord
  2
VENTANAS
 70
     8
 62
    82
  6
Continuous
290
     1
370
     5
390
7
348
0
  0
LAYER
  5
164
102
{ACAD_XDICTIONARY
360
165
102
}
330
14
100
AcDbSymbolTableRecord
100
AcDbLayerTableRecord
  2
CERR
 70
     8
 62
     2
  6
Continuous
290
     1
370
    -3
390
7
348
0
  0
LAYER
  5
160
102
{ACAD_XDICTIONARY
360
161
102
}
330
14
100
AcDbSymbolTableRecord
100
AcDbLayerTableRecord
  2
MURO-NO SEC
 70
     8
 62
     1
  6
Continuous
290
     1
370
    -3
390
7
348
0
  0
LAYER
  5
177
102
{ACAD_XDICTIONARY
360
178
102
}
330
14
100
AcDbSymbolTableRecord
100
AcDbLayerTableRecord
  2
MOB-FIJO
 70
     8
 62
     3
  6
Continuous
290
     1
370
    -3
390
7
348
0
  0
LAYER
  5
1E3
102
{ACAD_XDICTIONARY
360
1E4
102
}
330
14
100
AcDbSymbolTableRecord
100
AcDbLayerTableRecord
  2
CERR-MOD
 70
     8
 62
     2
  6
Continuous
290
     1
370
    -3
390
7
348
0
  0
LAYER
  5
1DD
102
{ACAD_XDICTIONARY
360
1DE
102
}
330
14
100
AcDbSymbolTableRecord
100
AcDbLayerTableRecord
  2
CERR-PROY
 70
     8
 62
     5
  6
HIDDEN2
290
     1
370
    -3
390
7
348
0
  0
LAYER
  5
201
102
{ACAD_XDICTIONARY
360
202
102
}
330
14
100
AcDbSymbolTableRecord
100
AcDbLayerTableRecord
  2
MURO-PROY
 70
     8
 62
    12
  6
HIDDEN2
290
     1
370
    -3
390
7
348
0
  0
LAYER
  5
226
102
{ACAD_XDICTIONARY
360
843
102
}
330
14
100
AcDbSymbolTableRecord
100
AcDbLayerTableRecord
  2
Muebles
 70
     8
 62
     3
  6
Continuous
290
     1
370
    18
390
7
348
0
  0
LAYER
  5
5A6
102
{ACAD_XDICTIONARY
360
845
102
}
330
14
100
AcDbSymbolTableRecord
100
AcDbLayerTableRecord
  2
ARWALL
 70
     8
 62
     7
  6
Continuous
290
     1
370
    -3
390
7
348
0
  0
LAYER
  5
5A3
102
{ACAD_XDICTIONARY
360
847
102
}
330
14
100
AcDbSymbolTableRecord
100
AcDbLayerTableRecord
  2
LSTREEDC
 70
     8
 62
     3
  6
Continuous
290
     1
370
    -3
390
7
348
0
  0
ENDTAB
  0
TABLE
  2
STYLE
  5
17
330
0
100
AcDbSymbolTable
 70
     2
  0
STYLE
  5
18
330
17
100
AcDbSymbolTableRecord
100
AcDbTextStyleTableRecord
  2
Standard
 70
     0
 40
0
 41
1
 50
0
 71
     0
 42
0.2
  3
txt
  4

  0
ENDTAB
  0
TABLE
  2
VIEW
  5
1D
330
0
100
AcDbSymbolTable
 70
     1
  0
ENDTAB
  0
TABLE
  2
UCS
  5
1E
330
0
100
AcDbSymbolTable
 70
     0
  0
ENDTAB
  0
TABLE
  2
APPID
  5
24
330
0
100
AcDbSymbolTable
 70
     4
  0
APPID
  5
25
330
24
100
AcDbSymbolTableRecord
100
AcDbRegAppTableRecord
  2
ACAD
 70
     0
  0
APPID
  5
1EB
330
24
100
AcDbSymbolTableRecord
100
AcDbRegAppTableRecord
  2
AcDbBlockRepETag
 70
     0
  0
APPID
  5
23
330
24
100
AcDbSymbolTableRecord
100
AcDbRegAppTableRecord
  2
ACAD_NAV_VCDISPLAY
 70
     0
  0
APPID
  5
833
330
24
100
AcDbSymbolTableRecord
100
AcDbRegAppTableRecord
  2
ACAD_EXEMPT_FROM_CAD_STANDARDS
 70
     0
  0
ENDTAB
  0
TABLE
  2
DIMSTYLE
  5
26
330
0
100
AcDbSymbolTable
 70
     2
100
AcDbDimStyleTable
 71
     1
340
27
  0
DIMSTYLE
105
27
330
26
100
AcDbSymbolTableRecord
100
AcDbDimStyleTableRecord
  2
Standard
 70
     0
 41
0.18
 42
0.0625
 43
0.38
 44
0.18
 49
1
 50
45
 73
     1
 74
     1
140
0.18
141
0.09
143
25.4
144
1
146
1
147
0.09
171
     2
176
-1056964608
177
-1056964608
178
-1056964608
271
     2
272
     2
273
     2
274
     2
277
     2
278
    46
283
     1
289
     3
340
18
294
     0
371
    -2
372
    -2
341
0
342
28
343
0
344
0
345
0
346
0
347
0
  0
ENDTAB
  0
TABLE
  2
BLOCK_RECORD
  5
1
330
0
100
AcDbSymbolTable
 70
    18
  0
BLOCK_RECORD
  5
2
102
{ACAD_XDICTIONARY
360
3
102
}
330
1
100
AcDbSymbolTableRecord
100
AcDbBlockTableRecord
  2
*Model_Space
340
E
  0
BLOCK_RECORD
  5
10
330
1
100
AcDbSymbolTableRecord
100
AcDbBlockTableRecord
  2
*Paper_Space
340
13
  0
BLOCK_RECORD
  5
14B
330
1
100
AcDbSymbolTableRecord
100
AcDbBlockTableRecord
  2
ventana1
340
0
310
2800000020000000200000000100080000000000000400000000000000000000000000000000000000000000000080000080000000808000800000008000800080800000C0C0C000C0DCC000F0CAA6000020400000206000002080000020A0000020C0000020E00000400000004020000040400000406000004080000040A0
310
000040C0000040E00000600000006020000060400000606000006080000060A0000060C0000060E00000800000008020000080400000806000008080000080A0000080C0000080E00000A0000000A0200000A0400000A0600000A0800000A0A00000A0C00000A0E00000C0000000C0200000C0400000C0600000C0800000C0
310
A00000C0C00000C0E00000E0000000E0200000E0400000E0600000E0800000E0A00000E0C00000E0E00040000000400020004000400040006000400080004000A0004000C0004000E00040200000402020004020400040206000402080004020A0004020C0004020E000404000004040200040404000404060004040800040
310
40A0004040C0004040E00040600000406020004060400040606000406080004060A0004060C0004060E00040800000408020004080400040806000408080004080A0004080C0004080E00040A0000040A0200040A0400040A0600040A0800040A0A00040A0C00040A0E00040C0000040C0200040C0400040C0600040C08000
310
40C0A00040C0C00040C0E00040E0000040E0200040E0400040E0600040E0800040E0A00040E0C00040E0E00080000000800020008000400080006000800080008000A0008000C0008000E00080200000802020008020400080206000802080008020A0008020C0008020E00080400000804020008040400080406000804080
310
008040A0008040C0008040E00080600000806020008060400080606000806080008060A0008060C0008060E00080800000808020008080400080806000808080008080A0008080C0008080E00080A0000080A0200080A0400080A0600080A0800080A0A00080A0C00080A0E00080C0000080C0200080C0400080C0600080C0
310
800080C0A00080C0C00080C0E00080E0000080E0200080E0400080E0600080E0800080E0A00080E0C00080E0E000C0000000C0002000C0004000C0006000C0008000C000A000C000C000C000E000C0200000C0202000C0204000C0206000C0208000C020A000C020C000C020E000C0400000C0402000C0404000C0406000C0
310
408000C040A000C040C000C040E000C0600000C0602000C0604000C0606000C0608000C060A000C060C000C060E000C0800000C0802000C0804000C0806000C0808000C080A000C080C000C080E000C0A00000C0A02000C0A04000C0A06000C0A08000C0A0A000C0A0C000C0A0E000C0C00000C0C02000C0C04000C0C06000
310
C0C08000C0C0A000F0FBFF00A4A0A000808080000000FF0000FF000000FFFF00FF000000FF00FF00FFFF0000FFFFFF0000000000000000000000000000000000000000000000000000000000000000000000000000000000000000000000000000000000000000000000000000000000000000000000000000000000000000
310
00000000000000000000000000000000000000000000000000000000000000000000000000000000000000000000000000000000000000000000000000000000000000000000000000000000000000000000000000000000000000000000000000000000000000000000000000000000000000000000000000000000000000
310
00000000000000000000000000000000000000000000000000000000000000000000000000000000000000000000000000000000000000000000000000000000000000000000000000000000000000000000000000000000000000000000000000000000000000000000000000000000000000000000000000000000000000
310
000000000000000000000000000000000000000000000000000000000000000000000000000000000000000000000000000000000000000000000000000000000000000000000000000000000000000000000000000000000000000000000000000000FF000000000000000000000000000000000000000000000000000000
310
00000000FF00000000000000000000000000000000FFFFFFFFFFFFFFFFFFFFFFFFFFFFFFFFFFFFFFFFFFFFFFFFFFFFFFFFFFFF0000FFFFFFFFFFFFFFFFFFFFFFFFFFFFFFFFFFFFFFFFFFFFFFFFFFFFFFFFFFFF0000000000000000000000000000000000FF0000000000000000000000000000000000000000000000000000
310
0000000000FF00000000000000000000000000000000000000000000000000000000000000000000000000000000000000000000000000000000000000000000000000000000000000000000000000000000000000000000000000000000000000000000000000000000000000000000000000000000000000000000000000
310
00000000000000000000000000000000000000000000000000000000000000000000000000000000000000000000000000000000000000000000000000000000000000000000000000000000000000000000000000000000000000000000000000000000000000000000000000000000000000000000000000000000000000
310
00000000000000000000000000000000000000000000000000000000000000000000000000000000000000000000000000000000000000000000000000000000000000000000000000000000000000000000000000000000000000000000000000000000000000000000000000000000000000000000000000000000000000
310
0000000000000000000000000000000000000000000000000000000000000000000000000000000000000000000000000000000000000000
102
{BLKREFS
331
149
331
154
331
155
331
156
331
157
331
158
331
159
331
15A
331
75E
331
761
331
764
102
}
  0
BLOCK_RECORD
  5
28
330
1
100
AcDbSymbolTableRecord
100
AcDbBlockTableRecord
  2
_ArchTick
340
0
  0
BLOCK_RECORD
  5
167
330
1
100
AcDbSymbolTableRecord
100
AcDbBlockTableRecord
  2
PC40
340
0
310
2800000020000000200000000100080000000000000400000000000000000000000000000000000000000000000080000080000000808000800000008000800080800000C0C0C000C0DCC000F0CAA6000020400000206000002080000020A0000020C0000020E00000400000004020000040400000406000004080000040A0
310
000040C0000040E00000600000006020000060400000606000006080000060A0000060C0000060E00000800000008020000080400000806000008080000080A0000080C0000080E00000A0000000A0200000A0400000A0600000A0800000A0A00000A0C00000A0E00000C0000000C0200000C0400000C0600000C0800000C0
310
A00000C0C00000C0E00000E0000000E0200000E0400000E0600000E0800000E0A00000E0C00000E0E00040000000400020004000400040006000400080004000A0004000C0004000E00040200000402020004020400040206000402080004020A0004020C0004020E000404000004040200040404000404060004040800040
310
40A0004040C0004040E00040600000406020004060400040606000406080004060A0004060C0004060E00040800000408020004080400040806000408080004080A0004080C0004080E00040A0000040A0200040A0400040A0600040A0800040A0A00040A0C00040A0E00040C0000040C0200040C0400040C0600040C08000
310
40C0A00040C0C00040C0E00040E0000040E0200040E0400040E0600040E0800040E0A00040E0C00040E0E00080000000800020008000400080006000800080008000A0008000C0008000E00080200000802020008020400080206000802080008020A0008020C0008020E00080400000804020008040400080406000804080
310
008040A0008040C0008040E00080600000806020008060400080606000806080008060A0008060C0008060E00080800000808020008080400080806000808080008080A0008080C0008080E00080A0000080A0200080A0400080A0600080A0800080A0A00080A0C00080A0E00080C0000080C0200080C0400080C0600080C0
310
800080C0A00080C0C00080C0E00080E0000080E0200080E0400080E0600080E0800080E0A00080E0C00080E0E000C0000000C0002000C0004000C0006000C0008000C000A000C000C000C000E000C0200000C0202000C0204000C0206000C0208000C020A000C020C000C020E000C0400000C0402000C0404000C0406000C0
310
408000C040A000C040C000C040E000C0600000C0602000C0604000C0606000C0608000C060A000C060C000C060E000C0800000C0802000C0804000C0806000C0808000C080A000C080C000C080E000C0A00000C0A02000C0A04000C0A06000C0A08000C0A0A000C0A0C000C0A0E000C0C00000C0C02000C0C04000C0C06000
310
C0C08000C0C0A000F0FBFF00A4A0A000808080000000FF0000FF000000FFFF00FF000000FF00FF00FFFF0000FFFFFF0000000000000000000000000000000000000000000000000000000000000000000000000000000000000000000000000000000000000000000000000000000000000000000000000000000000000000
310
00000000000000000000000000000000000000000000000000000000000000000000000000000000000000000000000000000000000000000000000000000000000000000000000000000000000000000000000000000000000000000000000000000000000000000000000000000000000000000000000000000000000000
310
0000000000000000000000000000000000000000FF00000000000000000000000000000000000000000000000000000000000000FFFFFF00000000000000000000000000000000000000000000000000000000FF000000FFFFFFFFFFFFFFFFFFFFFFFFFFFFFFFFFFFFFFFFFFFFFFFFFFFF000000FFFF000000FF0000000000
310
0000000000000000000000000000000000FF0000000000FFFF0000FFFF0000000000000000000000000000000000000000FF00000000000000FF000000FFFF0000000000000000000000000000000000FF000000000000000000FFFF000000FF00000000000000000000000000000000FF0000000000000000000000FFFF00
310
00FFFF0000000000000000000000000000FF00000000000000000000000000FF000000FFFF000000000000000000000000FF0000000000000000000000000000FFFF000000FF00000000000000000000FF0000000000000000000000000000000000FFFF0000FFFF0000000000000000FF0000000000000000000000000000
310
0000000000FF000000FFFF000000000000FF0000000000000000000000000000000000000000FFFF000000FF0000000000FF00000000000000000000000000000000000000000000FFFF0000FFFF0000FF00000000000000000000000000000000000000000000000000FF000000FFFFFF0000000000000000000000000000
310
000000000000000000000000FFFF000000FF00000000000000000000000000000000000000000000000000000000FFFF00FF000000000000000000000000000000000000000000000000000000000000FF00000000000000000000000000000000000000000000000000000000000000000000000000000000000000000000
310
00000000000000000000000000000000000000000000000000000000000000000000000000000000000000000000000000000000000000000000000000000000000000000000000000000000000000000000000000000000000000000000000000000000000000000000000000000000000000000000000000000000000000
310
0000000000000000000000000000000000000000000000000000000000000000000000000000000000000000000000000000000000000000
102
{BLKREFS
331
163
331
170
331
172
331
173
331
174
331
175
102
}
  0
BLOCK_RECORD
  5
17A
330
1
100
AcDbSymbolTableRecord
100
AcDbBlockTableRecord
  2
b-01
340
0
102
{BLKREFS
331
176
102
}
  0
BLOCK_RECORD
  5
19A
330
1
100
AcDbSymbolTableRecord
100
AcDbBlockTableRecord
  2
b-04
340
0
102
{BLKREFS
331
199
102
}
  0
BLOCK_RECORD
  5
1B5
330
1
100
AcDbSymbolTableRecord
100
AcDbBlockTableRecord
  2
k-04
340
0
102
{BLKREFS
331
1B4
102
}
  0
BLOCK_RECORD
  5
1D1
330
1
100
AcDbSymbolTableRecord
100
AcDbBlockTableRecord
  2
p
340
0
310
2800000020000000200000000100080000000000000400000000000000000000000000000000000000000000000080000080000000808000800000008000800080800000C0C0C000C0DCC000F0CAA6000020400000206000002080000020A0000020C0000020E00000400000004020000040400000406000004080000040A0
310
000040C0000040E00000600000006020000060400000606000006080000060A0000060C0000060E00000800000008020000080400000806000008080000080A0000080C0000080E00000A0000000A0200000A0400000A0600000A0800000A0A00000A0C00000A0E00000C0000000C0200000C0400000C0600000C0800000C0
310
A00000C0C00000C0E00000E0000000E0200000E0400000E0600000E0800000E0A00000E0C00000E0E00040000000400020004000400040006000400080004000A0004000C0004000E00040200000402020004020400040206000402080004020A0004020C0004020E000404000004040200040404000404060004040800040
310
40A0004040C0004040E00040600000406020004060400040606000406080004060A0004060C0004060E00040800000408020004080400040806000408080004080A0004080C0004080E00040A0000040A0200040A0400040A0600040A0800040A0A00040A0C00040A0E00040C0000040C0200040C0400040C0600040C08000
310
40C0A00040C0C00040C0E00040E0000040E0200040E0400040E0600040E0800040E0A00040E0C00040E0E00080000000800020008000400080006000800080008000A0008000C0008000E00080200000802020008020400080206000802080008020A0008020C0008020E00080400000804020008040400080406000804080
310
008040A0008040C0008040E00080600000806020008060400080606000806080008060A0008060C0008060E00080800000808020008080400080806000808080008080A0008080C0008080E00080A0000080A0200080A0400080A0600080A0800080A0A00080A0C00080A0E00080C0000080C0200080C0400080C0600080C0
310
800080C0A00080C0C00080C0E00080E0000080E0200080E0400080E0600080E0800080E0A00080E0C00080E0E000C0000000C0002000C0004000C0006000C0008000C000A000C000C000C000E000C0200000C0202000C0204000C0206000C0208000C020A000C020C000C020E000C0400000C0402000C0404000C0406000C0
310
408000C040A000C040C000C040E000C0600000C0602000C0604000C0606000C0608000C060A000C060C000C060E000C0800000C0802000C0804000C0806000C0808000C080A000C080C000C080E000C0A00000C0A02000C0A04000C0A06000C0A08000C0A0A000C0A0C000C0A0E000C0C00000C0C02000C0C04000C0C06000
310
C0C08000C0C0A000F0FBFF00A4A0A000808080000000FF0000FF000000FFFF00FF000000FF00FF00FFFF0000FFFFFF0000000000000000000000000000000000000000000000000000000000000000000000000000000000000000000000000000000000000000000000000000000000000000000000000000000000000000
310
00000000000000000000000000000000000000000000000000000000000000000000000000000000000000000000000000000000000000000000000000000000000000000000000000000000000000000000000000000000000000000000000000000000000000000000000000000000000000000000000000000000000000
310
0000000000000000000000000000000000000000FC0000000000000000000000000000000000000000000000000000FC00000000FCFC000000000000000000000000000000000000000000000000FCFC00000000FC00FC00000000000000000000000000000000000000000000FC00FC00000000FC0000FC00000000000000
310
00000000000000000000000000FC0000FC00000000FC000000FC000000000000000000000000000000000000FC000000FC00000000FC00000000FC00000000000000000000000000000000FC00000000FC00000000FC0000000000FC0000000000000000000000000000FC0000000000FC00000000FC000000000000FC0000
310
00000000000000000000FC000000000000FC00000000FC00000000000000FC00000000000000000000FC00000000000000FC00000000FC0000000000000000FC0000000000000000FC0000000000000000FC00000000FC000000000000000000FC000000000000FC000000000000000000FC00000000FC0000000000000000
310
0000FC00000000FC00000000000000000000FC00000000FC0000000000000000000000FC0000FC0000000000000000000000FC000000F9F9F9F9F9F9F9F9F9F9F9F9F9F9F9F9F9F9F9F9F9F9F9F9F9F9F9F9F9F90000FBFBFBFBFBFBFBFBFBFBFBFBFBFBFBFBFBFBFBFBFBFBFBFBFBFBFBFBFBFB0000FBFB00000000000000
310
000000000000FB000000000000000000000000FBFB0000F9F9F9F9F9F9F9F9F9F9F9F9F9F9F9F9F9F9F9F9F9F9F9F9F9F9F9F9F9F90000000000000000000000000000000000FB0000000000000000000000000000000000000000000000000000000000000000000000000000000000000000000000000000000000000000
310
00000000000000000000000000000000000000000000000000000000000000000000000000000000000000000000000000000000000000000000000000000000000000000000000000000000000000000000000000000000000000000000000000000000000000000000000000000000000000000000000000000000000000
310
0000000000000000000000000000000000000000000000000000000000000000000000000000000000000000000000000000000000000000
102
{BLKREFS
331
1D0
102
}
  0
BLOCK_RECORD
  5
1EF
330
1
100
AcDbSymbolTableRecord
100
AcDbBlockTableRecord
  2
pp
340
0
310
2800000020000000200000000100080000000000000400000000000000000000000000000000000000000000000080000080000000808000800000008000800080800000C0C0C000C0DCC000F0CAA6000020400000206000002080000020A0000020C0000020E00000400000004020000040400000406000004080000040A0
310
000040C0000040E00000600000006020000060400000606000006080000060A0000060C0000060E00000800000008020000080400000806000008080000080A0000080C0000080E00000A0000000A0200000A0400000A0600000A0800000A0A00000A0C00000A0E00000C0000000C0200000C0400000C0600000C0800000C0
310
A00000C0C00000C0E00000E0000000E0200000E0400000E0600000E0800000E0A00000E0C00000E0E00040000000400020004000400040006000400080004000A0004000C0004000E00040200000402020004020400040206000402080004020A0004020C0004020E000404000004040200040404000404060004040800040
310
40A0004040C0004040E00040600000406020004060400040606000406080004060A0004060C0004060E00040800000408020004080400040806000408080004080A0004080C0004080E00040A0000040A0200040A0400040A0600040A0800040A0A00040A0C00040A0E00040C0000040C0200040C0400040C0600040C08000
310
40C0A00040C0C00040C0E00040E0000040E0200040E0400040E0600040E0800040E0A00040E0C00040E0E00080000000800020008000400080006000800080008000A0008000C0008000E00080200000802020008020400080206000802080008020A0008020C0008020E00080400000804020008040400080406000804080
310
008040A0008040C0008040E00080600000806020008060400080606000806080008060A0008060C0008060E00080800000808020008080400080806000808080008080A0008080C0008080E00080A0000080A0200080A0400080A0600080A0800080A0A00080A0C00080A0E00080C0000080C0200080C0400080C0600080C0
310
800080C0A00080C0C00080C0E00080E0000080E0200080E0400080E0600080E0800080E0A00080E0C00080E0E000C0000000C0002000C0004000C0006000C0008000C000A000C000C000C000E000C0200000C0202000C0204000C0206000C0208000C020A000C020C000C020E000C0400000C0402000C0404000C0406000C0
310
408000C040A000C040C000C040E000C0600000C0602000C0604000C0606000C0608000C060A000C060C000C060E000C0800000C0802000C0804000C0806000C0808000C080A000C080C000C080E000C0A00000C0A02000C0A04000C0A06000C0A08000C0A0A000C0A0C000C0A0E000C0C00000C0C02000C0C04000C0C06000
310
C0C08000C0C0A000F0FBFF00A4A0A000808080000000FF0000FF000000FFFF00FF000000FF00FF00FFFF0000FFFFFF00000000000000000000000000000000000000000000000000000000000000000000FBFBFBFB00000000000000000000000000000000000000000000FBFBFBFB0000FB0000FB00000000000000000000
310
000000000000000000000000FB0000FB0000FB00FBFB00000000000000000000000000000000000000000000FBFB00FB0000FB00FB000000000000000000000000000000000000000000000000FB00FB0000FBFBFC0000000000000000000000000000000000000000000000FBFBFBFB00000000FC00000000000000000000
310
00000000000000000000000000FBFB00000000000000FC00000000000000000000000000000000000000000000FBFB00000000000000FC00000000000000000000000000000000000000000000FBFB0000000000000000FC000000000000000000000000000000000000000000FBFB0000000000000000FC00000000000000
310
0000000000000000000000000000FBFB0000000000000000FC000000000000000000000000000000000000000000FBFB000000000000000000FC0000000000000000000000000000000000000000FBFB000000000000000000FC0000000000000000000000000000000000000000FBFB00000000000000000000FC00000000
310
000000000000000000000000000000FBFB00000000000000000000FC00000000000000000000000000000000000000FBFB0000000000000000000000FC000000000000000000000000000000000000FBFB0000000000000000000000FC000000000000000000000000000000000000FBFB0000000000000000000000FC0000
310
00000000000000000000000000000000FBFB000000000000000000000000FC0000000000000000000000000000000000FBFB000000000000000000000000FC0000000000000000000000000000000000FBFB00000000000000000000000000FC00000000000000000000000000000000FBFB00000000000000000000000000
310
FCFC000000000000000000000000000000FBFB000000000000000000000000000000FCFC00000000000000000000000000FBFB0000000000000000000000000000000000FCFC0000000000000000000000FBFB00000000000000000000000000000000000000FCFC000000000000000000FBFB000000000000000000000000
310
000000000000000000FCFC00000000000000FBFB0000000000000000000000000000000000000000000000FCFC0000000000FBFB00000000000000000000000000000000000000000000000000FCFC000000FBFB000000000000000000000000000000000000000000000000000000FCFC00FBFB0000000000000000000000
310
000000000000000000000000000000000000FCFBFB0000000000000000000000000000000000000000000000000000000000000000000000
102
{BLKREFS
331
28C
331
28D
331
1EE
331
1F8
331
1F9
331
1FA
331
1FB
331
1FC
331
1FD
331
1FE
331
1FF
331
75C
331
75D
331
7F9
102
}
  0
BLOCK_RECORD
  5
228
330
1
100
AcDbSymbolTableRecord
100
AcDbBlockTableRecord
  2
18360154
340
0
102
{BLKREFS
331
258
331
227
331
253
331
6D0
102
}
  0
BLOCK_RECORD
  5
23A
330
1
100
AcDbSymbolTableRecord
100
AcDbBlockTableRecord
  2
18140101
340
0
102
{BLKREFS
331
259
331
25B
331
239
331
251
331
254
331
256
102
}
  0
BLOCK_RECORD
  5
24D
330
1
100
AcDbSymbolTableRecord
100
AcDbBlockTableRecord
  2
33550102
340
0
102
{BLKREFS
331
25A
331
24C
331
255
331
6D1
102
}
  0
BLOCK_RECORD
  5
25D
330
1
100
AcDbSymbolTableRecord
100
AcDbBlockTableRecord
  2
mesareunion
340
0
310
2800000020000000200000000100080000000000000400000000000000000000000000000000000000000000000080000080000000808000800000008000800080800000C0C0C000C0DCC000F0CAA6000020400000206000002080000020A0000020C0000020E00000400000004020000040400000406000004080000040A0
310
000040C0000040E00000600000006020000060400000606000006080000060A0000060C0000060E00000800000008020000080400000806000008080000080A0000080C0000080E00000A0000000A0200000A0400000A0600000A0800000A0A00000A0C00000A0E00000C0000000C0200000C0400000C0600000C0800000C0
310
A00000C0C00000C0E00000E0000000E0200000E0400000E0600000E0800000E0A00000E0C00000E0E00040000000400020004000400040006000400080004000A0004000C0004000E00040200000402020004020400040206000402080004020A0004020C0004020E000404000004040200040404000404060004040800040
310
40A0004040C0004040E00040600000406020004060400040606000406080004060A0004060C0004060E00040800000408020004080400040806000408080004080A0004080C0004080E00040A0000040A0200040A0400040A0600040A0800040A0A00040A0C00040A0E00040C0000040C0200040C0400040C0600040C08000
310
40C0A00040C0C00040C0E00040E0000040E0200040E0400040E0600040E0800040E0A00040E0C00040E0E00080000000800020008000400080006000800080008000A0008000C0008000E00080200000802020008020400080206000802080008020A0008020C0008020E00080400000804020008040400080406000804080
310
008040A0008040C0008040E00080600000806020008060400080606000806080008060A0008060C0008060E00080800000808020008080400080806000808080008080A0008080C0008080E00080A0000080A0200080A0400080A0600080A0800080A0A00080A0C00080A0E00080C0000080C0200080C0400080C0600080C0
310
800080C0A00080C0C00080C0E00080E0000080E0200080E0400080E0600080E0800080E0A00080E0C00080E0E000C0000000C0002000C0004000C0006000C0008000C000A000C000C000C000E000C0200000C0202000C0204000C0206000C0208000C020A000C020C000C020E000C0400000C0402000C0404000C0406000C0
310
408000C040A000C040C000C040E000C0600000C0602000C0604000C0606000C0608000C060A000C060C000C060E000C0800000C0802000C0804000C0806000C0808000C080A000C080C000C080E000C0A00000C0A02000C0A04000C0A06000C0A08000C0A0A000C0A0C000C0A0E000C0C00000C0C02000C0C04000C0C06000
310
C0C08000C0C0A000F0FBFF00A4A0A000808080000000FF0000FF000000FFFF00FF000000FF00FF00FFFF0000FFFFFF000000000000000000000000000000000000000000000000000000000000000000000000000000000000000000000000000000000000000000000000000000000000000000000000000000000000FAFA
310
FAFAFAFA000000000000000000000000000000000000000000000000000000FA0000FA00000000000000000000000000000000000000000000000000000000FA000000FA0000000000000000000000000000000000000000000000000000FA00000000FA000000000000000000000000000000000000000000000000FAFAFA
310
FAFAFAFAFAFAFA00000000000000000000000000000000000000000000FAFAFAFAFAFAFAFAFAFA00000000000000000000000000000000000000000000FA0000000000000000FA00000000000000000000000000000000000000000000FA0000000000000000FA000000000000000000000000000000000000FAFAFAFAFA00
310
00000000000000FAFA0000FA0000000000000000000000000000FA000000FA0000000000000000FA00FAFAFA0000000000000000000000000000FA000000FA0000000000000000FA000000FA0000000000000000000000000000FA000000FA0000000000000000FA000000FA0000000000000000000000000000FAFAFAFAFA
310
0000000000000000FA0000FAFA000000000000000000000000000000000000FA0000000000000000FAFAFA00FA000000000000000000000000000000000000FA0000000000000000FA00000000000000000000000000000000000000000000FA0000000000000000FA000000000000000000000000000000000000FA0000FA
310
FA0000000000000000FAFA0000FA0000000000000000000000000000FAFAFA00FA0000000000000000FA00FAFAFA0000000000000000000000000000FA000000FA0000000000000000FA000000FA0000000000000000000000000000FA000000FA0000000000000000FA000000FA0000000000000000000000000000FAFAFA
310
FAFA0000000000000000FAFAFAFAFA0000000000000000000000000000FA000000FA0000000000000000FA000000FA000000000000000000000000000000000000FAFAFAFAFAFAFAFAFAFA00000000000000000000000000000000000000000000FAFAFAFAFAFAFAFAFAFA0000000000000000000000000000000000000000
310
00000000FA00000000FA000000000000000000000000000000000000000000000000000000FA000000FA000000000000000000000000000000000000000000000000000000FA0000FA000000000000000000000000000000000000000000000000000000FAFAFAFAFAFA000000000000000000000000000000000000000000
310
0000000000000000000000000000000000000000000000000000000000000000000000000000000000000000000000000000000000000000
102
{BLKREFS
331
25C
102
}
  0
BLOCK_RECORD
  5
28F
330
1
100
AcDbSymbolTableRecord
100
AcDbBlockTableRecord
  2
chair
340
0
310
2800000020000000200000000100080000000000000400000000000000000000000000000000000000000000000080000080000000808000800000008000800080800000C0C0C000C0DCC000F0CAA6000020400000206000002080000020A0000020C0000020E00000400000004020000040400000406000004080000040A0
310
000040C0000040E00000600000006020000060400000606000006080000060A0000060C0000060E00000800000008020000080400000806000008080000080A0000080C0000080E00000A0000000A0200000A0400000A0600000A0800000A0A00000A0C00000A0E00000C0000000C0200000C0400000C0600000C0800000C0
310
A00000C0C00000C0E00000E0000000E0200000E0400000E0600000E0800000E0A00000E0C00000E0E00040000000400020004000400040006000400080004000A0004000C0004000E00040200000402020004020400040206000402080004020A0004020C0004020E000404000004040200040404000404060004040800040
310
40A0004040C0004040E00040600000406020004060400040606000406080004060A0004060C0004060E00040800000408020004080400040806000408080004080A0004080C0004080E00040A0000040A0200040A0400040A0600040A0800040A0A00040A0C00040A0E00040C0000040C0200040C0400040C0600040C08000
310
40C0A00040C0C00040C0E00040E0000040E0200040E0400040E0600040E0800040E0A00040E0C00040E0E00080000000800020008000400080006000800080008000A0008000C0008000E00080200000802020008020400080206000802080008020A0008020C0008020E00080400000804020008040400080406000804080
310
008040A0008040C0008040E00080600000806020008060400080606000806080008060A0008060C0008060E00080800000808020008080400080806000808080008080A0008080C0008080E00080A0000080A0200080A0400080A0600080A0800080A0A00080A0C00080A0E00080C0000080C0200080C0400080C0600080C0
310
800080C0A00080C0C00080C0E00080E0000080E0200080E0400080E0600080E0800080E0A00080E0C00080E0E000C0000000C0002000C0004000C0006000C0008000C000A000C000C000C000E000C0200000C0202000C0204000C0206000C0208000C020A000C020C000C020E000C0400000C0402000C0404000C0406000C0
310
408000C040A000C040C000C040E000C0600000C0602000C0604000C0606000C0608000C060A000C060C000C060E000C0800000C0802000C0804000C0806000C0808000C080A000C080C000C080E000C0A00000C0A02000C0A04000C0A06000C0A08000C0A0A000C0A0C000C0A0E000C0C00000C0C02000C0C04000C0C06000
310
C0C08000C0C0A000F0FBFF00A4A0A000808080000000FF0000FF000000FFFF00FF000000FF00FF00FFFF0000FFFFFF0000000000000000000000000000000000000000000000000000000000000000000000000000000000000000000000000000000000000000000000000000000000000000000000000000000000000000
310
0000000000000000000000000000000000000000000000000000FAFAFAFAFAFAFAFAFAFAFAFAFAFA00000000000000000000000000000000FAFA0000000000000000000000000000FAFA00000000000000000000000000FA000000000000000000000000000000000000FA0000000000000000000000FAFA00000000000000
310
0000000000000000000000FAFA00000000000000000000FA0000000000000000000000000000000000000000FA000000000000FAFAFAFAFA0000000000000000000000000000000000000000FAFAFAFAFA0000FA0000FAFA0000000000000000000000000000000000000000FAFA0000FA0000FA0000FAFA00000000000000
310
00000000000000000000000000FAFA0000FA0000FA0000FAFA0000000000000000000000000000000000000000FAFA0000FA0000FA0000FAFA0000000000000000000000000000000000000000FAFA0000FA0000FA0000FA00000000000000000000000000000000000000000000FA0000FA0000FA0000FA00000000000000
310
000000000000000000000000000000FA0000FA0000FA0000FA00000000000000000000000000000000000000000000FA0000FA0000FA0000FA00000000000000000000000000000000000000000000FA0000FA0000FA0000FAFA0000000000000000000000000000000000000000FAFA0000FA0000FA000000FA0000000000
310
000000000000000000000000000000FA000000FA0000FA000000FA0000000000000000000000000000000000000000FA000000FA0000FA000000FA0000000000000000000000000000000000000000FA000000FA000000FA0000FA0000000000000000000000000000000000000000FA0000FA00000000FAFAFAFAFAFAFAFA
310
FAFA0000000000000000FAFAFAFAFAFAFAFAFAFA0000000000000000FA00FA0000FAFAFAFAFAFAFAFAFAFA0000FA00FA000000000000000000000000FA00FAFAFAFA0000000000000000FAFAFAFA00FA000000000000000000000000FAFA000000FAFAFAFAFAFAFAFAFAFA000000FAFA000000000000000000000000FAFAFA
310
0000000000000000000000000000FAFAFA0000000000000000000000000000FAFAFAFAFAFAFAFAFAFAFAFAFAFAFAFA000000000000000000000000000000000000FAFAFAFAFAFAFAFAFAFAFAFA0000000000000000000000000000000000000000000000000000000000000000000000000000000000000000000000000000
310
0000000000000000000000000000000000000000000000000000000000000000000000000000000000000000000000000000000000000000
102
{BLKREFS
331
5A0
331
5A1
331
59E
331
59F
331
28E
102
}
  0
BLOCK_RECORD
  5
5A4
330
1
100
AcDbSymbolTableRecord
100
AcDbBlockTableRecord
  2
A3E24C
340
0
102
{BLKREFS
331
5A2
102
}
  0
BLOCK_RECORD
  5
6D3
330
1
100
AcDbSymbolTableRecord
100
AcDbBlockTableRecord
  2
weorkasd
340
0
310
2800000020000000200000000100080000000000000400000000000000000000000000000000000000000000000080000080000000808000800000008000800080800000C0C0C000C0DCC000F0CAA6000020400000206000002080000020A0000020C0000020E00000400000004020000040400000406000004080000040A0
310
000040C0000040E00000600000006020000060400000606000006080000060A0000060C0000060E00000800000008020000080400000806000008080000080A0000080C0000080E00000A0000000A0200000A0400000A0600000A0800000A0A00000A0C00000A0E00000C0000000C0200000C0400000C0600000C0800000C0
310
A00000C0C00000C0E00000E0000000E0200000E0400000E0600000E0800000E0A00000E0C00000E0E00040000000400020004000400040006000400080004000A0004000C0004000E00040200000402020004020400040206000402080004020A0004020C0004020E000404000004040200040404000404060004040800040
310
40A0004040C0004040E00040600000406020004060400040606000406080004060A0004060C0004060E00040800000408020004080400040806000408080004080A0004080C0004080E00040A0000040A0200040A0400040A0600040A0800040A0A00040A0C00040A0E00040C0000040C0200040C0400040C0600040C08000
310
40C0A00040C0C00040C0E00040E0000040E0200040E0400040E0600040E0800040E0A00040E0C00040E0E00080000000800020008000400080006000800080008000A0008000C0008000E00080200000802020008020400080206000802080008020A0008020C0008020E00080400000804020008040400080406000804080
310
008040A0008040C0008040E00080600000806020008060400080606000806080008060A0008060C0008060E00080800000808020008080400080806000808080008080A0008080C0008080E00080A0000080A0200080A0400080A0600080A0800080A0A00080A0C00080A0E00080C0000080C0200080C0400080C0600080C0
310
800080C0A00080C0C00080C0E00080E0000080E0200080E0400080E0600080E0800080E0A00080E0C00080E0E000C0000000C0002000C0004000C0006000C0008000C000A000C000C000C000E000C0200000C0202000C0204000C0206000C0208000C020A000C020C000C020E000C0400000C0402000C0404000C0406000C0
310
408000C040A000C040C000C040E000C0600000C0602000C0604000C0606000C0608000C060A000C060C000C060E000C0800000C0802000C0804000C0806000C0808000C080A000C080C000C080E000C0A00000C0A02000C0A04000C0A06000C0A08000C0A0A000C0A0C000C0A0E000C0C00000C0C02000C0C04000C0C06000
310
C0C08000C0C0A000F0FBFF00A4A0A000808080000000FF0000FF000000FFFF00FF000000FF00FF00FFFF0000FFFFFF0000000000000000000000000000000000000000000000000000000000000000000000000000000000000000000000000000000000000000000000000000000000000000000000000000000000000000
310
0000000000000000000000000000000000000000000000000000000000000000000000000000000000000000000000000000000000000000000000000000FAFAFAFAFAFAFAFAFAFAFAFAFAFAFAFAFAFA0000000000000000000000000000FA00000000000000000000000000000000FA0000000000000000000000000000FA
310
00000000000000000000000000000000FA0000000000000000000000000000FA00000000000000000000000000000000FA0000000000000000000000FAFA00FA00000000000000000000000000000000FA0000000000FAFAFAFAFAFAFAFA00FA00000000000000000000000000000000FA0000000000FAFAFA0000000000FA
310
FA00000000000000000000000000000000FA0000000000FAFAFA0000000000FAFA00000000000000000000000000000000FA0000000000FAFAFA0000000000FAFA00000000000000000000000000000000FA0000000000FAFAFA0000000000FAFA00000000000000000000000000000000FA0000000000FAFAFA0000000000
310
FAFA00000000000000000000000000000000FA0000000000FAFAFA0000000000FAFA00000000000000000000000000000000FA0000000000FAFAFA0000000000FAFA00000000000000000000000000000000FA0000000000FAFAFAFAFAFAFA00FAFA00000000000000000000000000000000FA0000000000000000000000FA
310
FA00FA00000000000000000000000000000000FA0000000000000000000000000000FA00000000000000000000000000000000FA0000FAFAFAFAFAFAFAFAFAFAFAFAFA00000000000000000000000000000000FA0000FA0000000000000000000000FA00000000000000000000000000000000FA0000FA0000000000000000
310
000000FA00000000000000000000000000000000FA0000FA0000000000000000000000FA00000000000000000000000000000000FA0000FA0000000000000000000000FA00000000000000000000000000000000FA0000FA0000000000000000000000FA00000000000000000000000000000000FA0000FA00000000000000
310
00000000FA00000000000000000000000000000000FA0000FAFAFAFAFAFAFAFAFAFAFAFAFAFAFAFAFAFAFAFAFAFAFAFAFAFAFAFAFAFA00000000000000000000000000000000000000000000000000000000000000000000000000000000000000000000000000000000000000000000000000000000000000000000000000
310
0000000000000000000000000000000000000000000000000000000000000000000000000000000000000000000000000000000000000000
102
{BLKREFS
331
6D2
102
}
  0
BLOCK_RECORD
  5
718
330
1
100
AcDbSymbolTableRecord
100
AcDbBlockTableRecord
  2
asdkgfgs
340
0
310
2800000020000000200000000100080000000000000400000000000000000000000000000000000000000000000080000080000000808000800000008000800080800000C0C0C000C0DCC000F0CAA6000020400000206000002080000020A0000020C0000020E00000400000004020000040400000406000004080000040A0
310
000040C0000040E00000600000006020000060400000606000006080000060A0000060C0000060E00000800000008020000080400000806000008080000080A0000080C0000080E00000A0000000A0200000A0400000A0600000A0800000A0A00000A0C00000A0E00000C0000000C0200000C0400000C0600000C0800000C0
310
A00000C0C00000C0E00000E0000000E0200000E0400000E0600000E0800000E0A00000E0C00000E0E00040000000400020004000400040006000400080004000A0004000C0004000E00040200000402020004020400040206000402080004020A0004020C0004020E000404000004040200040404000404060004040800040
310
40A0004040C0004040E00040600000406020004060400040606000406080004060A0004060C0004060E00040800000408020004080400040806000408080004080A0004080C0004080E00040A0000040A0200040A0400040A0600040A0800040A0A00040A0C00040A0E00040C0000040C0200040C0400040C0600040C08000
310
40C0A00040C0C00040C0E00040E0000040E0200040E0400040E0600040E0800040E0A00040E0C00040E0E00080000000800020008000400080006000800080008000A0008000C0008000E00080200000802020008020400080206000802080008020A0008020C0008020E00080400000804020008040400080406000804080
310
008040A0008040C0008040E00080600000806020008060400080606000806080008060A0008060C0008060E00080800000808020008080400080806000808080008080A0008080C0008080E00080A0000080A0200080A0400080A0600080A0800080A0A00080A0C00080A0E00080C0000080C0200080C0400080C0600080C0
310
800080C0A00080C0C00080C0E00080E0000080E0200080E0400080E0600080E0800080E0A00080E0C00080E0E000C0000000C0002000C0004000C0006000C0008000C000A000C000C000C000E000C0200000C0202000C0204000C0206000C0208000C020A000C020C000C020E000C0400000C0402000C0404000C0406000C0
310
408000C040A000C040C000C040E000C0600000C0602000C0604000C0606000C0608000C060A000C060C000C060E000C0800000C0802000C0804000C0806000C0808000C080A000C080C000C080E000C0A00000C0A02000C0A04000C0A06000C0A08000C0A0A000C0A0C000C0A0E000C0C00000C0C02000C0C04000C0C06000
310
C0C08000C0C0A000F0FBFF00A4A0A000808080000000FF0000FF000000FFFF00FF000000FF00FF00FFFF0000FFFFFF0000000000000000000000000000000000000000000000000000000000000000000000000000000000000000000000000000000000000000000000000000000000000000000000000000000000000000
310
000000000000000000000000000000000000FAFAFAFAFAFAFAFAFAFAFAFAFAFAFAFAFAFAFA00000000000000000000000000FA0000000000000000000000000000000000FA00000000000000000000000000FA0000000000000000000000000000000000FA00000000000000000000000000FA000000000000000000000000
310
0000000000FA00000000000000000000000000FA0000000000000000000000000000000000FA00000000000000000000000000FA0000000000000000000000000000000000FA00000000000000000000000000FA0000000000000000000000000000000000FA00000000000000000000000000FA0000000000000000000000
310
000000000000FA000000FA000000000000000000FA0000000000000000000000000000000000FA0000FAFAFAFAFAFA0000000000FA0000000000000000000000000000000000FA00FA000000000000FAFAFA0000FA0000000000000000000000000000000000FA00FA000000000000FA00FA0000FA00000000000000000000
310
00000000000000FA00FA000000000000FA00FA0000FA0000000000000000000000000000000000FA00FA000000000000FA00FA0000FA0000000000000000000000000000000000FAFAFA000000000000FA00FA0000FA0000000000000000000000000000000000FA00FA000000000000FA00FA0000FA000000000000000000
310
0000000000000000FA00FA000000000000FA00FA0000FA0000000000000000000000000000000000FA00FA000000000000FA00FA0000FA0000000000000000000000000000000000FA0000FA000000FAFAFAFAFA0000FA0000000000000000000000000000000000FA0000FAFAFAFA00000000000000FA0000000000000000
310
000000000000000000FA00000000000000000000000000FA0000000000000000000000000000000000FA00000000000000000000000000FA0000000000000000000000000000000000FA00000000000000000000000000FA0000000000000000000000000000000000FA00000000000000000000000000FA00000000000000
310
00000000000000000000FA00000000000000000000000000FA0000000000000000000000000000000000FA00000000000000000000000000FAFAFAFAFAFAFAFAFAFAFAFAFAFAFAFAFAFAFA00000000000000000000000000000000000000000000000000000000000000000000000000000000000000000000000000000000
310
0000000000000000000000000000000000000000000000000000000000000000000000000000000000000000000000000000000000000000
102
{BLKREFS
331
717
102
}
  0
BLOCK_RECORD
  5
768
330
1
100
AcDbSymbolTableRecord
100
AcDbBlockTableRecord
  2
central
340
0
310
2800000020000000200000000100080000000000000400000000000000000000000000000000000000000000000080000080000000808000800000008000800080800000C0C0C000C0DCC000F0CAA6000020400000206000002080000020A0000020C0000020E00000400000004020000040400000406000004080000040A0
310
000040C0000040E00000600000006020000060400000606000006080000060A0000060C0000060E00000800000008020000080400000806000008080000080A0000080C0000080E00000A0000000A0200000A0400000A0600000A0800000A0A00000A0C00000A0E00000C0000000C0200000C0400000C0600000C0800000C0
310
A00000C0C00000C0E00000E0000000E0200000E0400000E0600000E0800000E0A00000E0C00000E0E00040000000400020004000400040006000400080004000A0004000C0004000E00040200000402020004020400040206000402080004020A0004020C0004020E000404000004040200040404000404060004040800040
310
40A0004040C0004040E00040600000406020004060400040606000406080004060A0004060C0004060E00040800000408020004080400040806000408080004080A0004080C0004080E00040A0000040A0200040A0400040A0600040A0800040A0A00040A0C00040A0E00040C0000040C0200040C0400040C0600040C08000
310
40C0A00040C0C00040C0E00040E0000040E0200040E0400040E0600040E0800040E0A00040E0C00040E0E00080000000800020008000400080006000800080008000A0008000C0008000E00080200000802020008020400080206000802080008020A0008020C0008020E00080400000804020008040400080406000804080
310
008040A0008040C0008040E00080600000806020008060400080606000806080008060A0008060C0008060E00080800000808020008080400080806000808080008080A0008080C0008080E00080A0000080A0200080A0400080A0600080A0800080A0A00080A0C00080A0E00080C0000080C0200080C0400080C0600080C0
310
800080C0A00080C0C00080C0E00080E0000080E0200080E0400080E0600080E0800080E0A00080E0C00080E0E000C0000000C0002000C0004000C0006000C0008000C000A000C000C000C000E000C0200000C0202000C0204000C0206000C0208000C020A000C020C000C020E000C0400000C0402000C0404000C0406000C0
310
408000C040A000C040C000C040E000C0600000C0602000C0604000C0606000C0608000C060A000C060C000C060E000C0800000C0802000C0804000C0806000C0808000C080A000C080C000C080E000C0A00000C0A02000C0A04000C0A06000C0A08000C0A0A000C0A0C000C0A0E000C0C00000C0C02000C0C04000C0C06000
310
C0C08000C0C0A000F0FBFF00A4A0A000808080000000FF0000FF000000FFFF00FF000000FF00FF00FFFF0000FFFFFF0000000000000000000000000000000000000000000000000000000000000000000000000000000000000000FAFAFAFAFAFAFAFAFAFA00000000000000000000000000000000000000000000FA000000
310
00FA000000FA00000000000000000000000000000000000000000000FA00000000FA000000FA00000000000000000000000000000000000000000000FA00000000FAFAFAFAFA00000000000000000000000000000000000000000000FA00000000FAFA00FA0000000000000000000000000000000000000000000000FA0000
310
0000FAFA00FA0000000000000000000000000000000000000000000000FA00000000FAFAFAFA0000000000000000000000000000000000000000000000FA00000000FAFAFAFAFA00000000000000000000000000000000000000000000FA00000000FA0000000000000000000000000000000000000000000000000000FA00
310
000000FA0000000000000000000000000000000000000000000000000000FAFAFAFAFAFAFAFAFAFA00000000000000000000000000000000000000000000FA00000000FA000000FA00000000000000000000000000000000000000000000FA00000000FAFAFAFAFA00000000000000000000000000000000000000000000FA
310
00000000FA0000000000000000000000000000000000000000000000000000FA00000000FAFAFAFA0000000000000000000000000000000000000000000000FA00000000FAFA00FA0000000000000000000000000000000000000000000000FA00000000FAFA00FA0000000000000000000000000000000000000000000000
310
FA00000000FAFAFA000000000000000000000000000000000000000000000000FA00000000FA0000000000000000000000000000000000000000000000000000FAFAFAFAFAFA0000000000000000000000000000000000000000000000000000FA00000000FA00000000000000000000000000000000000000000000000000
310
00FA00000000FA0000000000000000000000000000000000000000000000000000FA00000000FAFAFAFA0000000000000000000000000000000000000000000000FA00000000FAFA00FA0000000000000000000000000000000000000000000000FA00000000FAFA00FA000000000000000000000000000000000000000000
310
0000FA00000000FAFAFA000000000000000000000000000000000000000000000000FA00000000FAFAFAFAFA00000000000000000000000000000000000000000000FA00000000FA000000FA00000000000000000000000000000000000000000000FA00000000FA000000FA00000000000000000000000000000000000000
310
000000FAFAFAFAFAFAFAFAFAFA00000000000000000000000000000000000000000000000000000000000000000000000000000000000000
102
{BLKREFS
331
767
102
}
  0
ENDTAB
  0
ENDSEC
  0
SECTION
  2
BLOCKS
  0
BLOCK
  5
5
330
2
100
AcDbEntity
  8
0
100
AcDbBlockBegin
  2
*Model_Space
 70
     0
 10
0
 20
0
 30
0
  3
*Model_Space
  1

  0
ENDBLK
  5
D
330
2
100
AcDbEntity
  8
0
100
AcDbBlockEnd
  0
BLOCK
  5
11
330
10
100
AcDbEntity
 67
     1
  8
0
100
AcDbBlockBegin
  2
*Paper_Space
 70
     0
 10
0
 20
0
 30
0
  3
*Paper_Space
  1

  0
ENDBLK
  5
12
330
10
100
AcDbEntity
 67
     1
  8
0
100
AcDbBlockEnd
  0
BLOCK
  5
29
330
28
100
AcDbEntity
  8
0
100
AcDbBlockBegin
  2
_ArchTick
 70
     0
 10
0
 20
0
 30
0
  3
_ArchTick
  1

  0
LWPOLYLINE
  5
2A
330
28
100
AcDbEntity
  8
0
 62
     0
100
AcDbPolyline
 90
        2
 70
     0
 43
0.15
 43
0.15
 10
-0.5
 20
-0.5
 10
0.5
 20
0.5
  0
ENDBLK
  5
2B
330
28
100
AcDbEntity
  8
0
100
AcDbBlockEnd
  0
BLOCK
  5
14C
330
14B
100
AcDbEntity
  8
0
100
AcDbBlockBegin
  2
ventana1
 70
     0
 10
0
 20
0
 30
0
  3
ventana1
  1

  0
LINE
  5
14D
330
14B
100
AcDbEntity
  8
VENTANAS
100
AcDbLine
 10
-0.5
 20
-0.0749999999998181
 30
0
 11
-0.5
 21
0.07500000000027285
 31
0
  0
LWPOLYLINE
  5
14E
330
14B
100
AcDbEntity
  8
VENTANAS
100
AcDbPolyline
 90
        4
 70
     1
 43
0
 10
-0.5260785149043841
 20
0.02500000000009095
 10
-0.4784513399346224
 20
0.02500000000009095
 10
-0.4784513399346224
 20
-0.02500000000009095
 10
-0.5260785149043841
 20
-0.02500000000009095
  0
LINE
  5
14F
330
14B
100
AcDbEntity
  8
VENTANAS
100
AcDbLine
 10
-1
 20
0.02500000000009095
 30
0
 11
0
 21
0.02500000000009095
 31
0
  0
LWPOLYLINE
  5
150
330
14B
100
AcDbEntity
  8
VENTANAS
100
AcDbPolyline
 90
        4
 70
     1
 43
0
 10
-0.9672582676450929
 20
0.02500000000009095
 10
-1
 20
0.02500000000009095
 10
-1
 20
-0.0249999999996362
 10
-0.9672582676450929
 20
-0.0249999999996362
  0
LINE
  5
151
330
14B
100
AcDbEntity
  8
VENTANAS
100
AcDbLine
 10
-1
 20
-0.0249999999996362
 30
0
 11
0
 21
-0.02500000000009095
 31
0
  0
LWPOLYLINE
  5
152
330
14B
100
AcDbEntity
  8
VENTANAS
100
AcDbPolyline
 90
        4
 70
     1
 43
0
 10
-0.0288962524409726
 20
0.02500000000009095
 10
0
 20
0.02500000000009095
 10
0
 20
-0.02500000000009095
 10
-0.0288962524409726
 20
-0.02500000000009095
  0
ENDBLK
  5
153
330
14B
100
AcDbEntity
  8
0
100
AcDbBlockEnd
  0
BLOCK
  5
168
330
167
100
AcDbEntity
  8
0
100
AcDbBlockBegin
  2
PC40
 70
     0
 10
0
 20
0
 30
0
  3
PC40
  1

  4
HOJA CLOSET DE 0.40M DE ANCHO
  0
ARC
  5
169
330
167
100
AcDbEntity
  8
0
100
AcDbCircle
 10
0.003226917072225888
 20
0.0003694741571829141
 30
0
 40
0.3967732549544664
100
AcDbArc
 50
359.9466463209382
 51
26.28604660065182
  0
LINE
  5
16A
330
167
100
AcDbEntity
  8
0
100
AcDbLine
 10
0.01499999999996149
 20
-0.02598076211355593
 30
0
 11
0
 21
0
 31
0
  0
LINE
  5
16B
330
167
100
AcDbEntity
  8
0
100
AcDbLine
 10
0.06000000000015504
 20
0
 30
0
 11
0.3999999999999986
 21
0
 31
0
  0
LINE
  5
16C
330
167
100
AcDbEntity
  8
0
100
AcDbLine
 10
0
 20
0
 30
0
 11
0.3447516839057663
 21
0.2025128102981864
 31
0
  0
LINE
  5
16D
330
167
100
AcDbEntity
  8
0
100
AcDbLine
 10
0.01499999999996149
 20
-0.02598076211355593
 30
0
 11
0.3597516839057278
 21
0.1765320481846304
 31
0
  0
LINE
  5
16E
330
167
100
AcDbEntity
  8
0
100
AcDbLine
 10
0.3447516839057663
 20
0.2025128102981864
 30
0
 11
0.3597516839057278
 21
0.1765320481846304
 31
0
  0
ENDBLK
  5
16F
330
167
100
AcDbEntity
  8
0
100
AcDbBlockEnd
  0
BLOCK
  5
17B
330
17A
100
AcDbEntity
  8
0
100
AcDbBlockBegin
  2
b-01
 70
     0
 10
0
 20
0
 30
0
  3
b-01
  1

  0
CIRCLE
  5
17C
330
17A
100
AcDbEntity
  8
0
100
AcDbCircle
 10
0.03510798023853567
 20
-9.269635455395473
 30
0
 40
4.151344457434369
  0
LINE
  5
17D
330
17A
100
AcDbEntity
  8
0
100
AcDbLine
 10
-25.12792217221431
 20
-14.87065575515953
 30
0
 11
25.12792217221431
 21
-14.87065575515953
 31
0
  0
LINE
  5
17E
330
17A
100
AcDbEntity
  8
0
100
AcDbLine
 10
-4.392992774364757
 20
-29.34424487189244
 30
0
 11
-4.392992774364757
 21
-25.107450313546
 31
0
  0
LINE
  5
17F
330
17A
100
AcDbEntity
  8
0
100
AcDbLine
 10
2.739965031969405
 20
-31.3442448719361
 30
0
 11
-2.392992774366576
 21
-31.3442448719361
 31
0
  0
LINE
  5
180
330
17A
100
AcDbEntity
  8
0
100
AcDbLine
 10
4.739965031967586
 20
-25.107450313546
 30
0
 11
4.739965031967586
 21
-29.34424487189244
 31
0
  0
LINE
  5
181
330
17A
100
AcDbEntity
  8
0
100
AcDbLine
 10
-2.392992774366576
 20
-23.10745031350234
 30
0
 11
2.739965031969405
 21
-23.10745031350234
 31
0
  0
LINE
  5
182
330
17A
100
AcDbEntity
  8
0
100
AcDbLine
 10
-12.41892539210312
 20
-18.5180146667808
 30
0
 11
-12.41892539210312
 21
-46.38410032944375
 31
0
  0
LINE
  5
183
330
17A
100
AcDbEntity
  8
0
100
AcDbLine
 10
10.2123850553653
 20
-16.51801466682809
 30
0
 11
-10.41892539205946
 21
-16.51801466682809
 31
0
  0
LINE
  5
184
330
17A
100
AcDbEntity
  8
0
100
AcDbLine
 10
12.21238505536348
 20
-46.38410032944375
 30
0
 11
12.21238505536348
 21
-18.5180146667808
 31
0
  0
LINE
  5
185
330
17A
100
AcDbEntity
  8
0
100
AcDbLine
 10
-2.41892539206674
 20
-56.38410032948013
 30
0
 11
2.212385055372579
 21
-56.38410032948013
 31
0
  0
LINE
  5
186
330
17A
100
AcDbEntity
  8
0
100
AcDbLine
 10
-7.49999999998181
 20
-62.00000000003638
 30
0
 11
7.49999999998181
 21
-62.00000000003638
 31
0
  0
LINE
  5
187
330
17A
100
AcDbEntity
  8
0
100
AcDbLine
 10
-27.12792217221249
 20
-2
 30
0
 11
27.12792217221249
 21
-2
 31
0
  0
LINE
  5
188
330
17A
100
AcDbEntity
  8
0
100
AcDbLine
 10
17.50000000001819
 20
-52
 30
0
 11
17.50000000001819
 21
-15.00275882094866
 31
0
  0
LINE
  5
189
330
17A
100
AcDbEntity
  8
0
100
AcDbLine
 10
-27.12792217221249
 20
-12.87065575511588
 30
0
 11
-27.12792217221249
 21
-2
 31
0
  0
LINE
  5
18A
330
17A
100
AcDbEntity
  8
0
100
AcDbLine
 10
27.12792217221249
 20
-12.87065575511588
 30
0
 11
27.12792217221249
 21
-2
 31
0
  0
LINE
  5
18B
330
17A
100
AcDbEntity
  8
0
100
AcDbLine
 10
-17.50000000001819
 20
-15.00275882094866
 30
0
 11
-17.50000000001819
 21
-52
 31
0
  0
ARC
  5
18C
330
17A
100
AcDbEntity
  8
0
100
AcDbCircle
 10
-7.49999999998181
 20
-52
 30
0
 40
10
100
AcDbArc
 50
180
 51
269.9999999999999
  0
ARC
  5
18D
330
17A
100
AcDbEntity
  8
0
100
AcDbCircle
 10
-2.41892539206674
 20
-46.38410032944375
 30
0
 40
10
100
AcDbArc
 50
180
 51
269.9999999999999
  0
ARC
  5
18E
330
17A
100
AcDbEntity
  8
0
100
AcDbCircle
 10
2.212385055372579
 20
-46.38410032944375
 30
0
 40
10
100
AcDbArc
 50
270
 51
0
  0
ARC
  5
18F
330
17A
100
AcDbEntity
  8
0
100
AcDbCircle
 10
7.49999999998181
 20
-52
 30
0
 40
10
100
AcDbArc
 50
270
 51
0
  0
ARC
  5
190
330
17A
100
AcDbEntity
  8
0
100
AcDbCircle
 10
-2.392992774366576
 20
-25.107450313546
 30
0
 40
2
100
AcDbArc
 50
90
 51
179.9999999999999
  0
ARC
  5
191
330
17A
100
AcDbEntity
  8
0
100
AcDbCircle
 10
-2.392992774366576
 20
-29.34424487189244
 30
0
 40
2
100
AcDbArc
 50
179.9999999999996
 51
269.9999999999999
  0
ARC
  5
192
330
17A
100
AcDbEntity
  8
0
100
AcDbCircle
 10
2.739965031969405
 20
-29.34424487189244
 30
0
 40
2
100
AcDbArc
 50
270.0000000000007
 51
0
  0
ARC
  5
193
330
17A
100
AcDbEntity
  8
0
100
AcDbCircle
 10
2.739965031969405
 20
-25.107450313546
 30
0
 40
2
100
AcDbArc
 50
4.071109992273301E-13
 51
90
  0
ARC
  5
194
330
17A
100
AcDbEntity
  8
0
100
AcDbCircle
 10
-10.41892539205946
 20
-18.5180146667808
 30
0
 40
2
100
AcDbArc
 50
89.9999999999998
 51
179.9999999999999
  0
ARC
  5
195
330
17A
100
AcDbEntity
  8
0
100
AcDbCircle
 10
10.2123850553653
 20
-18.5180146667808
 30
0
 40
2
100
AcDbArc
 50
0
 51
90
  0
ARC
  5
196
330
17A
100
AcDbEntity
  8
0
100
AcDbCircle
 10
25.12792217221431
 20
-12.87065575511588
 30
0
 40
2
100
AcDbArc
 50
270.0000000000001
 51
359.9999999999997
  0
ARC
  5
197
330
17A
100
AcDbEntity
  8
0
100
AcDbCircle
 10
-25.12792217221431
 20
-12.87065575511588
 30
0
 40
2
100
AcDbArc
 50
180.0000000000002
 51
270.0000000000001
  0
ENDBLK
  5
198
330
17A
100
AcDbEntity
  8
0
100
AcDbBlockEnd
  0
BLOCK
  5
19B
330
19A
100
AcDbEntity
  8
0
100
AcDbBlockBegin
  2
b-04
 70
     0
 10
0
 20
0
 30
0
  3
b-04
  1

  0
LINE
  5
19C
330
19A
100
AcDbEntity
  8
0
100
AcDbLine
 10
-30.00000000001819
 20
-2
 30
0
 11
30.00000000001819
 21
-2
 31
0
  0
LINE
  5
19D
330
19A
100
AcDbEntity
  8
0
100
AcDbLine
 10
30.00000000001819
 20
-2
 30
0
 11
30.00000000001819
 21
-37.00000000003638
 31
0
  0
LINE
  5
19E
330
19A
100
AcDbEntity
  8
0
100
AcDbLine
 10
19.99999999998181
 20
-46.99999999998181
 30
0
 11
-19.99999999998181
 21
-46.99999999998181
 31
0
  0
LINE
  5
19F
330
19A
100
AcDbEntity
  8
0
100
AcDbLine
 10
-30.00000000001819
 20
-2
 30
0
 11
-30.00000000001819
 21
-37.00000000003638
 31
0
  0
LINE
  5
1A0
330
19A
100
AcDbEntity
  8
0
100
AcDbLine
 10
-26.04055340739251
 20
-13.36398249973354
 30
0
 11
-26.04055340739251
 21
-33.0854709189698
 31
0
  0
LINE
  5
1A1
330
19A
100
AcDbEntity
  8
0
100
AcDbLine
 10
-16.0405534074016
 20
-43.08547091891523
 30
0
 11
15.71388657275747
 21
-43.08547091891523
 31
0
  0
LINE
  5
1A2
330
19A
100
AcDbEntity
  8
0
100
AcDbLine
 10
25.71388657274838
 20
-33.0854709189698
 30
0
 11
25.71388657274838
 21
-13.36398249973354
 31
0
  0
LINE
  5
1A3
330
19A
100
AcDbEntity
  8
0
100
AcDbLine
 10
25.71388657274838
 20
-13.36398249973354
 30
0
 11
-26.04055340739251
 21
-13.36398249973354
 31
0
  0
CIRCLE
  5
1A4
330
19A
100
AcDbEntity
  8
0
100
AcDbCircle
 10
0
 20
-8.508355128244148
 30
0
 40
2.252285320152936
  0
CIRCLE
  5
1A5
330
19A
100
AcDbEntity
  8
0
100
AcDbCircle
 10
-9.658399010368157
 20
-8.508355128244148
 30
0
 40
2.252285320152936
  0
CIRCLE
  5
1A6
330
19A
100
AcDbEntity
  8
0
100
AcDbCircle
 10
9.658399010368157
 20
-8.508355128244148
 30
0
 40
2.252285320152936
  0
CIRCLE
  5
1A7
330
19A
100
AcDbEntity
  8
0
100
AcDbCircle
 10
0
 20
-18.96116791008535
 30
0
 40
2.252285320152936
  0
ARC
  5
1A8
330
19A
100
AcDbEntity
  8
0
100
AcDbCircle
 10
-16.0405534074016
 20
-33.0854709189698
 30
0
 40
10
100
AcDbArc
 50
180
 51
269.9999999999999
  0
ARC
  5
1A9
330
19A
100
AcDbEntity
  8
0
100
AcDbCircle
 10
15.71388657275747
 20
-33.0854709189698
 30
0
 40
10
100
AcDbArc
 50
270
 51
0
  0
ARC
  5
1AA
330
19A
100
AcDbEntity
  8
0
100
AcDbCircle
 10
19.99999999998181
 20
-37.00000000003638
 30
0
 40
10
100
AcDbArc
 50
269.9999999999997
 51
359.9999999999999
  0
ARC
  5
1AB
330
19A
100
AcDbEntity
  8
0
100
AcDbCircle
 10
-19.99999999998181
 20
-37.00000000003638
 30
0
 40
10
100
AcDbArc
 50
180
 51
269.9999999999997
  0
ENDBLK
  5
1AC
330
19A
100
AcDbEntity
  8
0
100
AcDbBlockEnd
  0
BLOCK
  5
1B6
330
1B5
100
AcDbEntity
  8
0
100
AcDbBlockBegin
  2
k-04
 70
     0
 10
0
 20
0
 30
0
  3
k-04
  1

  0
ARC
  5
1B7
330
1B5
100
AcDbEntity
  8
0
100
AcDbCircle
 10
30.21415665850782
 20
-14.7125092996248
 30
0
 40
10
100
AcDbArc
 50
0
 51
89.99999999999997
  0
ARC
  5
1B8
330
1B5
100
AcDbEntity
  8
0
100
AcDbCircle
 10
30.21415665850782
 20
-45.19608885111666
 30
0
 40
10
100
AcDbArc
 50
270
 51
0
  0
ARC
  5
1B9
330
1B5
100
AcDbEntity
  8
0
100
AcDbCircle
 10
-30.21415665850782
 20
-45.19608885111666
 30
0
 40
10
100
AcDbArc
 50
180.0000000000001
 51
269.9999999999999
  0
ARC
  5
1BA
330
1B5
100
AcDbEntity
  8
0
100
AcDbCircle
 10
-11.82537995534858
 20
-45.19608885111666
 30
0
 40
10
100
AcDbArc
 50
270
 51
0
  0
ARC
  5
1BB
330
1B5
100
AcDbEntity
  8
0
100
AcDbCircle
 10
11.82537995534858
 20
-45.19608885111666
 30
0
 40
10
100
AcDbArc
 50
180
 51
269.9999999999999
  0
ARC
  5
1BC
330
1B5
100
AcDbEntity
  8
0
100
AcDbCircle
 10
11.82537995534858
 20
-14.7125092996248
 30
0
 40
10
100
AcDbArc
 50
90
 51
179.9999999999999
  0
ARC
  5
1BD
330
1B5
100
AcDbEntity
  8
0
100
AcDbCircle
 10
-11.82537995534858
 20
-14.7125092996248
 30
0
 40
10
100
AcDbArc
 50
0
 51
89.99999999999997
  0
ARC
  5
1BE
330
1B5
100
AcDbEntity
  8
0
100
AcDbCircle
 10
-30.21415665850782
 20
-14.7125092996248
 30
0
 40
10
100
AcDbArc
 50
90
 51
179.9999999999999
  0
CIRCLE
  5
1BF
330
1B5
100
AcDbEntity
  8
0
100
AcDbCircle
 10
-7.644838100782181
 20
-10.37389284156234
 30
0
 40
2.972992594743751
  0
CIRCLE
  5
1C0
330
1B5
100
AcDbEntity
  8
0
100
AcDbCircle
 10
7.644838100782181
 20
-10.37389284156234
 30
0
 40
2.972992594743751
  0
LINE
  5
1C1
330
1B5
100
AcDbEntity
  8
0
100
AcDbLine
 10
-11.82537995534858
 20
-4.712509299588419
 30
0
 11
-30.21415665850782
 21
-4.712509299588419
 31
0
  0
LINE
  5
1C2
330
1B5
100
AcDbEntity
  8
0
100
AcDbLine
 10
-1.825379955357675
 20
-45.19608885111666
 30
0
 11
-1.825379955357675
 21
-14.7125092996248
 31
0
  0
LINE
  5
1C3
330
1B5
100
AcDbEntity
  8
0
100
AcDbLine
 10
-30.21415665850782
 20
-55.19608885106209
 30
0
 11
-11.82537995534858
 21
-55.19608885106209
 31
0
  0
LINE
  5
1C4
330
1B5
100
AcDbEntity
  8
0
100
AcDbLine
 10
-40.2141566585442
 20
-14.7125092996248
 30
0
 11
-40.2141566585442
 21
-45.19608885111666
 31
0
  0
LINE
  5
1C5
330
1B5
100
AcDbEntity
  8
0
100
AcDbLine
 10
-45.00000000000455
 20
-60.00000000003638
 30
0
 11
45.00000000000455
 21
-60.00000000003638
 31
0
  0
LINE
  5
1C6
330
1B5
100
AcDbEntity
  8
0
100
AcDbLine
 10
45.00000000000455
 20
-60.00000000003638
 30
0
 11
45.00000000000455
 21
0
 31
0
  0
LINE
  5
1C7
330
1B5
100
AcDbEntity
  8
0
100
AcDbLine
 10
45.00000000000455
 20
0
 30
0
 11
-45.00000000000455
 21
0
 31
0
  0
LINE
  5
1C8
330
1B5
100
AcDbEntity
  8
0
100
AcDbLine
 10
-45.00000000000455
 20
0
 30
0
 11
-45.00000000000455
 21
-60.00000000003638
 31
0
  0
LINE
  5
1C9
330
1B5
100
AcDbEntity
  8
0
100
AcDbLine
 10
40.21415665849872
 20
-14.7125092996248
 30
0
 11
40.21415665849872
 21
-45.19608885111666
 31
0
  0
LINE
  5
1CA
330
1B5
100
AcDbEntity
  8
0
100
AcDbLine
 10
30.21415665850782
 20
-55.19608885106209
 30
0
 11
11.82537995534858
 21
-55.19608885106209
 31
0
  0
LINE
  5
1CB
330
1B5
100
AcDbEntity
  8
0
100
AcDbLine
 10
1.825379955357675
 20
-45.19608885111666
 30
0
 11
1.825379955357675
 21
-14.7125092996248
 31
0
  0
LINE
  5
1CC
330
1B5
100
AcDbEntity
  8
0
100
AcDbLine
 10
11.82537995534858
 20
-4.712509299588419
 30
0
 11
30.21415665850782
 21
-4.712509299588419
 31
0
  0
ENDBLK
  5
1CD
330
1B5
100
AcDbEntity
  8
0
100
AcDbBlockEnd
  0
BLOCK
  5
1D2
330
1D1
100
AcDbEntity
  8
0
100
AcDbBlockBegin
  2
p
 70
     0
 10
0
 20
0
 30
0
  3
p
  1

  0
LINE
  5
1D3
330
1D1
100
AcDbEntity
  8
0
100
AcDbLine
 10
10.36094070647675
 20
3.533371732285623
 30
0
 11
12.33094070647675
 21
3.533371732285623
 31
0
  0
LWPOLYLINE
  5
1D4
330
1D1
100
AcDbEntity
  8
CERR
100
AcDbPolyline
 90
        6
 70
     1
 43
0
 10
12.31249208444281
 20
3.361184593302228
 10
12.33094070647675
 20
3.361184593302153
 10
12.33094070647675
 20
3.533371732285623
 10
12.29404346240887
 20
3.533371732285623
 10
12.29404346240887
 20
3.422680000081964
 10
12.31249208444281
 20
3.422680000081964
  0
LWPOLYLINE
  5
1D5
330
1D1
100
AcDbEntity
  8
CERR
100
AcDbPolyline
 90
        4
 70
     1
 43
0
 10
12.22639851495108
 20
3.361184593302228
 10
12.22639851495108
 20
3.410380918726075
 10
12.31249208444281
 20
3.410380918726075
 10
12.31249208444281
 20
3.361184593302228
  0
MLINE
  5
1D6
330
1D1
100
AcDbEntity
  8
CERR
100
AcDbMline
340
36
 40
0.03689724406788619
 70
     1
 10
11.24247200647512
 20
3.385782756014129
 30
0
210
0
220
0
230
1
 71
     1
 73
     2
 72
     2
 11
11.24247200647512
 21
3.385782756014129
 31
0
 12
-1
 22
2.819614030793385E-14
 32
0
 13
-2.864375403532904E-14
 23
-1
 33
0
 74
     2
 41
0.01844862203394309
 41
0
 75
     0
 74
     2
 41
-0.01844862203394309
 41
0
 75
     0
 11
10.46762988104933
 21
3.385782756014151
 31
0
 12
-1
 22
2.819614030793385E-14
 32
0
 13
-2.864375403532904E-14
 23
-1
 33
0
 74
     2
 41
0.01844862203394309
 41
0
 75
     0
 74
     2
 41
-0.01844862203394309
 41
0
 75
     0
  0
LWPOLYLINE
  5
1D7
330
1D1
100
AcDbEntity
  8
CERR
100
AcDbPolyline
 90
        6
 70
     1
 43
0
 10
10.38153631155676
 20
3.361184593302228
 10
10.36308768952282
 20
3.361184593302153
 10
10.36308768952282
 20
3.533371732285623
 10
10.39998493359071
 20
3.533371732285623
 10
10.39998493359071
 20
3.422680000081964
 10
10.38153631155676
 20
3.422680000081964
  0
LWPOLYLINE
  5
1D8
330
1D1
100
AcDbEntity
  8
CERR
100
AcDbPolyline
 90
        4
 70
     1
 43
0
 10
10.46762988104933
 20
3.361184593302228
 10
10.46762988104933
 20
3.410380918726075
 10
10.38153631155676
 20
3.410380918726075
 10
10.38153631155676
 20
3.361184593302228
  0
LINE
  5
1D9
330
1D1
100
AcDbEntity
  8
CERR
100
AcDbLine
 10
10.36308768952282
 20
3.533371732285623
 30
0
 11
12.33094070647675
 21
3.533371732285623
 31
0
  0
LWPOLYLINE
  5
1DA
330
1D1
100
AcDbEntity
  8
CERR
100
AcDbPolyline
 90
        4
 70
     1
 43
0
 10
11.24247200647454
 20
3.361184593302228
 10
11.32856557596628
 20
3.361184593302228
 10
11.32856557596628
 20
3.410380918726031
 10
11.2424720064757
 20
3.410380918726031
  0
MLINE
  5
1DB
330
1D1
100
AcDbEntity
  8
CERR
100
AcDbMline
340
36
 40
0.03689724406788619
 70
     1
 10
12.22639851495165
 20
3.385782756014129
 30
0
210
0
220
0
230
1
 71
     1
 73
     2
 72
     2
 11
12.22639851495165
 21
3.385782756014129
 31
0
 12
-1
 22
2.819614030786325E-14
 32
0
 13
-2.864375403532904E-14
 23
-1
 33
0
 74
     2
 41
0.01844862203394309
 41
0
 75
     0
 74
     2
 41
-0.01844862203394309
 41
0
 75
     0
 11
11.45155638952392
 21
3.385782756014151
 31
0
 12
-1
 22
2.819614030786325E-14
 32
0
 13
-2.864375403532904E-14
 23
-1
 33
0
 74
     2
 41
0.01844862203394309
 41
0
 75
     0
 74
     2
 41
-0.01844862203394309
 41
0
 75
     0
  0
LINE
  5
1DC
330
1D1
100
AcDbEntity
  8
CERR-PROY
100
AcDbLine
 10
12.31249208444281
 20
3.361184593302228
 30
0
 11
12.31249208444281
 21
2.414155328893275
 31
0
  0
LINE
  5
1E1
330
1D1
100
AcDbEntity
  8
CERR-PROY
100
AcDbLine
 10
10.38153631155759
 20
3.361184593302228
 30
0
 11
10.38153631155759
 21
2.414155328892987
 31
0
  0
LINE
  5
1E2
330
1D1
100
AcDbEntity
  8
CERR-MOD
100
AcDbLine
 10
11.34701419799979
 20
3.662512086511469
 30
0
 11
11.34701419799979
 21
3.318137808547589
 31
0
  0
LWPOLYLINE
  5
1E6
330
1D1
100
AcDbEntity
  8
CERR
100
AcDbPolyline
 90
        4
 70
     1
 43
0
 10
11.45155638952503
 20
3.361184593302228
 10
11.3654628200333
 20
3.361184593302228
 10
11.3654628200333
 20
3.410380918726031
 10
11.45155638952388
 20
3.410380918726031
  0
ARC
  5
1E7
330
1D1
100
AcDbEntity
  8
CERR-PROY
100
AcDbCircle
 10
10.29614708822577
 20
3.446573816633446
 30
0
 40
1.035943653530204
100
AcDbArc
 50
274.728055511527
 51
355.2719444885066
  0
ARC
  5
1E8
330
1D1
100
AcDbEntity
  8
CERR-PROY
100
AcDbCircle
 10
12.39788130777453
 20
3.446573816634551
 30
0
 40
1.035943653531018
100
AcDbArc
 50
184.7280555115509
 51
265.2719444884823
  0
LWPOLYLINE
  5
1E9
330
1D1
100
AcDbEntity
  8
CERR
100
AcDbPolyline
 90
        8
 70
     1
 43
0
 10
11.32856557596628
 20
3.410380918726031
 10
11.32856557596628
 20
3.361184593302228
 10
11.3654628200333
 20
3.361184593302228
 10
11.3654628200333
 20
3.410380918726031
 10
11.40236006410119
 20
3.410380918726031
 10
11.40236006410119
 20
3.447278162793919
 10
11.29166833189753
 20
3.447278162793919
 10
11.29166833189753
 20
3.410380918726031
  0
LINE
  5
1EA
330
1D1
100
AcDbEntity
  8
MURO-NO SEC
100
AcDbLine
 10
10.36308768952282
 20
3.361184593302153
 30
0
 11
12.33094070647675
 21
3.35840444829166
 31
0
1001
AcDbBlockRepETag
1070
     1
1071
      336
1005
0
  0
LINE
  5
1EC
330
1D1
100
AcDbEntity
  8
MURO-NO SEC
100
AcDbLine
 10
10.36308768952282
 20
3.56099914181505
 30
0
 11
12.33094070647675
 21
3.558218996804557
 31
0
1001
AcDbBlockRepETag
1070
     1
1071
      336
1005
0
  0
ENDBLK
  5
1ED
330
1D1
100
AcDbEntity
  8
0
100
AcDbBlockEnd
  0
BLOCK
  5
1F0
330
1EF
100
AcDbEntity
  8
0
100
AcDbBlockBegin
  2
pp
 70
     0
 10
0
 20
0
 30
0
  3
pp
  1

  0
LWPOLYLINE
  5
1F1
330
1EF
100
AcDbEntity
  8
CERR
100
AcDbPolyline
 90
        6
 70
     0
 43
0
 10
9.188570807766951
 20
-1.313995686442937
 10
9.138570807766769
 20
-1.313995686442937
 10
9.138570807766769
 20
-1.363995686442891
 10
9.118570807766787
 20
-1.363995686442891
 10
9.118570807766787
 20
-1.413995686442846
 10
9.188570807766951
 20
-1.413995686442846
  0
LWPOLYLINE
  5
1F2
330
1EF
100
AcDbEntity
  8
CERR
100
AcDbPolyline
 90
        6
 70
     0
 43
0
 10
8.28857080776686
 20
-1.313995686442937
 10
8.338570807767042
 20
-1.313995686442937
 10
8.338570807767042
 20
-1.363995686442891
 10
8.358570807767023
 20
-1.363995686442891
 10
8.358570807767023
 20
-1.413995686442846
 10
8.28857080776686
 20
-1.413995686442846
  0
ARC
  5
1F3
330
1EF
100
AcDbEntity
  8
CERR-PROY
100
AcDbCircle
 10
9.133570807767114
 20
-1.308995686442827
 30
0
 40
0.795
100
AcDbArc
 50
92.16261835278226
 51
180.3603531904721
  0
LWPOLYLINE
  5
1F4
330
1EF
100
AcDbEntity
  8
CERR
100
AcDbPolyline
 90
        4
 70
     1
 43
0
 10
9.133570807767114
 20
-1.308995686442827
 10
9.133570807767114
 20
-0.5134329885497806
 10
9.103570807766914
 20
-0.5139956864427546
 10
9.103570807766914
 20
-1.308995686442827
  0
LINE
  5
1F5
330
1EF
100
AcDbEntity
  8
CERR
100
AcDbLine
 10
9.188570807766951
 20
-1.413995686442846
 30
0
 11
9.188570807766951
 21
-1.313995686442937
 31
0
  0
LINE
  5
1F6
330
1EF
100
AcDbEntity
  8
CERR
100
AcDbLine
 10
8.28857080776686
 20
-1.313995686442937
 30
0
 11
8.28857080776686
 21
-1.413995686442846
 31
0
  0
ENDBLK
  5
1F7
330
1EF
100
AcDbEntity
  8
0
100
AcDbBlockEnd
  0
BLOCK
  5
229
330
228
100
AcDbEntity
  8
0
100
AcDbBlockBegin
  2
18360154
 70
     0
 10
0
 20
0
 30
0
  3
18360154
  1

  0
ARC
  5
22A
330
228
100
AcDbEntity
  8
0
100
AcDbCircle
 10
-0.2792095568277126
 20
-0.09857803452223912
 30
0
 40
0.05640236282936457
100
AcDbArc
 50
248.2783759312263
 51
351.6423100305425
  0
ARC
  5
22B
330
228
100
AcDbEntity
  8
0
100
AcDbCircle
 10
0.2838599006183671
 20
-0.2000000000000002
 30
0
 40
0.5859981220483109
100
AcDbArc
 50
145.9647079397842
 51
175.2010294125976
  0
LINE
  5
22C
330
228
100
AcDbEntity
  8
0
100
AcDbLine
 10
-0.160317976857911
 20
0.1500000000000057
 30
0
 11
0.1561189336107702
 21
0.1500000000000057
 31
0
  0
ARC
  5
22D
330
228
100
AcDbEntity
  8
0
100
AcDbCircle
 10
-0.2257084819127684
 20
-0.3499999999999996
 30
0
 40
0.04999999999999449
100
AcDbArc
 50
176.7241710402085
 51
270.0000000000081
  0
ARC
  5
22E
330
228
100
AcDbEntity
  8
0
100
AcDbCircle
 10
0.6478617785700642
 20
-0.399999999999995
 30
0
 40
0.9250000000000175
100
AcDbArc
 50
163.5819457244851
 51
176.7241710402024
  0
LINE
  5
22F
330
228
100
AcDbEntity
  8
0
100
AcDbLine
 10
-0.1421405764534498
 20
0
 30
0
 11
0.1379415332063019
 21
0
 31
0
  0
ARC
  5
230
330
228
100
AcDbEntity
  8
0
100
AcDbCircle
 10
-0.7021382214299479
 20
-0.4000000000000199
 30
0
 40
0.9750000000000006
100
AcDbArc
 50
3.098579339823364
 51
15.40565162074113
  0
ARC
  5
231
330
228
100
AcDbEntity
  8
0
100
AcDbCircle
 10
0.2215094386656133
 20
-0.3499999999999979
 30
0
 40
0.04999999999999674
100
AcDbArc
 50
269.9999999999919
 51
3.098579339813297
  0
LINE
  5
232
330
228
100
AcDbEntity
  8
0
100
AcDbLine
 10
0.2215094386656062
 20
-0.3999999999999941
 30
0
 11
-0.2257084819127613
 21
-0.3999999999999941
 31
0
  0
ARC
  5
233
330
228
100
AcDbEntity
  8
0
100
AcDbCircle
 10
-0.002099521623573963
 20
-0.1908959675488591
 30
0
 40
0.2367546566897456
100
AcDbArc
 50
20.81203406519168
 51
159.1879659348088
  0
ARC
  5
234
330
228
100
AcDbEntity
  8
0
100
AcDbCircle
 10
0.2750105135805576
 20
-0.09857803452223912
 30
0
 40
0.05640236282936457
100
AcDbArc
 50
188.3576899694575
 51
291.7216240687737
  0
ARC
  5
235
330
228
100
AcDbEntity
  8
0
100
AcDbCircle
 10
-0.2880589438655221
 20
-0.2000000000000002
 30
0
 40
0.5859981220483109
100
AcDbArc
 50
4.798970587402401
 51
34.03529206021499
  0
ARC
  5
236
330
228
100
AcDbEntity
  8
0
100
AcDbCircle
 10
-0.160317976857911
 20
0.1000000000000059
 30
0
 40
0.05
100
AcDbArc
 50
90
 51
145.9647079397842
  0
ARC
  5
237
330
228
100
AcDbEntity
  8
0
100
AcDbCircle
 10
0.1561189336107702
 20
0.1000000000000059
 30
0
 40
0.05
100
AcDbArc
 50
34.03529206021589
 51
90
  0
ENDBLK
  5
238
330
228
100
AcDbEntity
  8
0
100
AcDbBlockEnd
  0
BLOCK
  5
23B
330
23A
100
AcDbEntity
  8
0
100
AcDbBlockBegin
  2
18140101
 70
     0
 10
0
 20
0
 30
0
  3
18140101
  1

  0
LINE
  5
23C
330
23A
100
AcDbEntity
  8
0
100
AcDbLine
 10
-0.06833254022291158
 20
-0.06755958030039011
 30
0
 11
-0.0594993195219331
 21
-0.06755958030039011
 31
0
  0
ARC
  5
23D
330
23A
100
AcDbEntity
  8
0
100
AcDbCircle
 10
-0.0594993195219331
 20
-0.07639280100137569
 30
0
 40
0.008833220700985692
100
AcDbArc
 50
0
 51
90
  0
ARC
  5
23E
330
23A
100
AcDbEntity
  8
0
100
AcDbCircle
 10
-0.2715440269303713
 20
-0.2801705222501454
 30
0
 40
0.4063281522451347
100
AcDbArc
 50
64.12710481497008
 51
115.8575431854887
  0
ARC
  5
23F
330
23A
100
AcDbEntity
  8
0
100
AcDbCircle
 10
-0.4834939131690135
 20
-0.07639280100137569
 30
0
 40
0.008833220700985692
100
AcDbArc
 50
90
 51
180
  0
LINE
  5
240
330
23A
100
AcDbEntity
  8
0
100
AcDbLine
 10
-0.474660692468035
 20
-0.06755958030039011
 30
0
 11
-0.4834939131690135
 21
-0.06755958030039011
 31
0
  0
ARC
  5
241
330
23A
100
AcDbEntity
  8
0
100
AcDbCircle
 10
-0.2714966163454733
 20
-0.444729617159048
 30
0
 40
0.7042318812838698
100
AcDbArc
 50
76.27652166477114
 51
103.7234783352289
  0
LWPOLYLINE
  5
242
330
23A
100
AcDbEntity
  8
0
100
AcDbPolyline
 90
       12
 70
     0
 43
0
 10
-0.4304945889631284
 20
-0.1998252123261963
 42
-0.4142135623730951
 10
-0.474660692468035
 20
-0.1556591088212897
 42
0
 10
-0.474660692468035
 20
0.07400462940422159
 42
0
 10
-0.4385659413470648
 20
0.2393978441083178
 42
0
 10
-0.4650520970417347
 20
-0.1605986011622349
 42
0.3928150596027181
 10
-0.4304945889631284
 20
-0.1998252123261963
 42
0
 10
-0.1124986437278039
 20
-0.1998252123261963
 42
0.3928150596022947
 10
-0.0779411356492119
 20
-0.1605986011622349
 42
0
 10
-0.1044272913438817
 20
0.2393978441083178
 42
0
 10
-0.06833254022289736
 20
0.07400462940422159
 42
0
 10
-0.06833254022289736
 20
-0.1556591088212897
 42
-0.4142135623730951
 10
-0.1124986437278039
 20
-0.1998252123261963
 42
0
  0
LWPOLYLINE
  5
243
330
23A
100
AcDbEntity
  8
0
100
AcDbPolyline
 90
        8
 70
     0
 43
0
 10
-0.4923271338700062
 20
-0.07616012251245508
 42
0
 10
-0.4923271338700062
 20
-0.2081129146844773
 42
0
 10
-0.5099935752719631
 20
-0.2081129146844773
 42
0
 10
-0.5099935752719631
 20
0.2761574888377538
 42
0
 10
-0.4923271338700062
 20
0.2761574888377538
 42
0
 10
-0.4923271338700062
 20
0.01193940600844456
 42
0.4142135623730951
 10
-0.4834939131690135
 20
0.003106185307458986
 42
0
 10
-0.474660692468035
 20
0.003106185307458986
 42
0
  0
LWPOLYLINE
  5
244
330
23A
100
AcDbEntity
  8
0
100
AcDbPolyline
 90
        8
 70
     0
 43
0
 10
-0.06833254022291158
 20
0.003106185307458986
 42
0
 10
-0.0594993195219331
 20
0.003106185307458986
 42
0.4142135623730951
 10
-0.05066609882094042
 20
0.01193940600844456
 42
0
 10
-0.05066609882094042
 20
0.2761574888377538
 42
0
 10
-0.03299965741898347
 20
0.2761574888377538
 42
0
 10
-0.03299965741898347
 20
-0.2081129146844773
 42
0
 10
-0.05066609882094042
 20
-0.2081129146844773
 42
0
 10
-0.05066609882094042
 20
-0.07616012251245508
 42
0
  0
LWPOLYLINE
  5
245
330
23A
100
AcDbEntity
  8
0
100
AcDbPolyline
 90
        4
 70
     0
 43
0
 10
-0.03299965741899769
 20
0.1382247386307611
 10
-0.01533321601702653
 20
0.1382247386307611
 10
-0.01533321601702653
 20
-0.1470585666092177
 10
-0.03299965741899769
 20
-0.1470585666092177
  0
LWPOLYLINE
  5
246
330
23A
100
AcDbEntity
  8
0
100
AcDbPolyline
 90
        4
 70
     0
 43
0
 10
-0.5099935752719489
 20
0.1382247386307611
 10
-0.52766001667392
 20
0.1382247386307611
 10
-0.52766001667392
 20
-0.1470585666092177
 10
-0.5099935752719489
 20
-0.1470585666092177
  0
LWPOLYLINE
  5
247
330
23A
100
AcDbEntity
  8
0
100
AcDbPolyline
 90
        3
 70
     0
 43
0
 10
-0.03299965741898347
 20
-0.07639280100137569
 42
0.4142135623730951
 10
-0.0594993195219331
 20
-0.04989313889843316
 42
0
 10
-0.06833254022291158
 20
-0.04989313889842606
 42
0
  0
LWPOLYLINE
  5
248
330
23A
100
AcDbEntity
  8
0
100
AcDbPolyline
 90
        3
 70
     0
 43
0
 10
-0.06833254022291158
 20
-0.01456025609450506
 42
0
 10
-0.0594993195219331
 20
-0.01456025609449796
 42
0.4142135623730951
 10
-0.03299965741898347
 20
0.01193940600844456
 42
0.4142135623730951
  0
LWPOLYLINE
  5
249
330
23A
100
AcDbEntity
  8
0
100
AcDbPolyline
 90
        3
 70
     0
 43
0
 10
-0.5099935752719631
 20
0.01193940600844456
 42
0.4142135623730951
 10
-0.4834939131690135
 20
-0.01456025609449796
 42
0
 10
-0.474660692468035
 20
-0.01456025609450506
 42
0
  0
LWPOLYLINE
  5
24A
330
23A
100
AcDbEntity
  8
0
100
AcDbPolyline
 90
        3
 70
     0
 43
0
 10
-0.474660692468035
 20
-0.04989313889842606
 42
0
 10
-0.4834939131690135
 20
-0.04989313889843316
 42
0.4142135623730951
 10
-0.5099935752719631
 20
-0.07639280100137569
 42
0.4142135623730951
  0
ENDBLK
  5
24B
330
23A
100
AcDbEntity
  8
0
100
AcDbBlockEnd
  0
BLOCK
  5
24E
330
24D
100
AcDbEntity
  8
0
100
AcDbBlockBegin
  2
33550102
 70
     0
 10
0
 20
0
 30
0
  3
33550102
  1

  0
LWPOLYLINE
  5
24F
330
24D
100
AcDbEntity
  8
0
100
AcDbPolyline
 90
        4
 70
     1
 43
0
 10
-1.050000000000001
 20
0
 10
-1.050000000000001
 20
0.4500000000000028
 10
0
 20
0.4500000000000028
 10
0
 20
0
  0
ENDBLK
  5
250
330
24D
100
AcDbEntity
  8
0
100
AcDbBlockEnd
  0
BLOCK
  5
25E
330
25D
100
AcDbEntity
  8
0
100
AcDbBlockBegin
  2
mesareunion
 70
     0
 10
0
 20
0
 30
0
  3
mesareunion
  1

  0
LINE
  5
25F
330
25D
100
AcDbEntity
  8
Muebles
100
AcDbLine
 10
44.36201506625587
 20
2.541251220593069
 30
0
 11
45.09639178147442
 21
2.541251220593069
 31
0
  0
LINE
  5
260
330
25D
100
AcDbEntity
  8
Muebles
100
AcDbLine
 10
45.09639178147442
 20
2.541251220593069
 30
0
 11
45.09639178147442
 21
0.9533234976244244
 31
0
  0
LINE
  5
261
330
25D
100
AcDbEntity
  8
Muebles
100
AcDbLine
 10
45.09639178147442
 20
0.9533234976244245
 30
0
 11
44.36201506625587
 21
0.9533234976244245
 31
0
  0
LINE
  5
262
330
25D
100
AcDbEntity
  8
Muebles
100
AcDbLine
 10
44.36201506625588
 20
0.9533234976244244
 30
0
 11
44.36201506625587
 21
2.541251220593069
 31
0
  0
LINE
  5
263
330
25D
100
AcDbEntity
  8
Muebles
100
AcDbLine
 10
44.37833454881628
 20
2.524931738032657
 30
0
 11
45.08007229891401
 21
2.524931738032657
 31
0
  0
LINE
  5
264
330
25D
100
AcDbEntity
  8
Muebles
100
AcDbLine
 10
45.08007229891401
 20
2.524931738032657
 30
0
 11
45.08007229891401
 21
0.9696429801848371
 31
0
  0
LINE
  5
265
330
25D
100
AcDbEntity
  8
Muebles
100
AcDbLine
 10
45.08007229891401
 20
0.969642980184837
 30
0
 11
44.37833454881628
 21
0.9696429801848363
 31
0
  0
LINE
  5
266
330
25D
100
AcDbEntity
  8
Muebles
100
AcDbLine
 10
44.37833454881628
 20
0.9696429801848364
 30
0
 11
44.37833454881628
 21
2.524931738032657
 31
0
  0
LWPOLYLINE
  5
267
330
25D
100
AcDbEntity
  8
Muebles
100
AcDbPolyline
 90
        8
 70
     1
 43
0
 10
44.32529623049494
 20
2.068676145391509
 42
0
 10
44.32529623049494
 20
2.279449580576077
 42
0.4704805994421217
 10
44.23327421762061
 20
2.355598051816048
 42
0
 10
44.05375990945608
 20
2.321404850260899
 42
0.3600995489221486
 10
43.99074683800649
 20
2.245256379020928
 42
0
 10
43.99074683800649
 20
2.102869346946659
 42
0.360099548922151
 10
44.05375990945608
 20
2.026720875706687
 42
0
 10
44.23327421762061
 20
1.992527674151538
 42
0.4704805994421206
  0
LWPOLYLINE
  5
268
330
25D
100
AcDbEntity
  8
Muebles
100
AcDbPolyline
 90
        8
 70
     1
 43
0
 10
44.32937610113505
 20
2.068676145391509
 42
0
 10
44.32937610113505
 20
2.279449580576077
 42
0.4704805994421207
 10
44.23251082442522
 20
2.359605866091837
 42
0
 10
44.05299651626068
 20
2.325412664536687
 42
0.3600995489221492
 10
43.98666696736639
 20
2.245256379020928
 42
0
 10
43.98666696736639
 20
2.102869346946659
 42
0.3600995489221502
 10
44.05299651626068
 20
2.022713061430899
 42
0
 10
44.23251082442522
 20
1.988519859875749
 42
0.470480599442121
  0
ARC
  5
269
330
25D
100
AcDbEntity
  8
Muebles
100
AcDbCircle
 10
44.57518830720126
 20
2.174062862983793
 30
0
 40
0.6293200462358973
100
AcDbArc
 50
161.8194461583553
 51
198.1805538416448
  0
ARC
  5
26A
330
25D
100
AcDbEntity
  8
Muebles
100
AcDbCircle
 10
44.57518830720126
 20
2.174062862983793
 30
0
 40
0.6537992700765158
100
AcDbArc
 50
161.8194461583553
 51
198.1805538416448
  0
LWPOLYLINE
  5
26B
330
25D
100
AcDbEntity
  8
Muebles
100
AcDbPolyline
 90
        8
 70
     1
 43
0
 10
45.13311061723535
 20
2.279449580576077
 42
0
 10
45.13311061723535
 20
2.06867614539151
 42
0.4704805994421217
 10
45.22513263010968
 20
1.992527674151538
 42
0
 10
45.40464693827422
 20
2.026720875706687
 42
0.3600995489221486
 10
45.4676600097238
 20
2.10286934694666
 42
0
 10
45.4676600097238
 20
2.245256379020927
 42
0.360099548922151
 10
45.40464693827422
 20
2.321404850260899
 42
0
 10
45.22513263010968
 20
2.355598051816049
 42
0.4704805994421206
  0
LWPOLYLINE
  5
26C
330
25D
100
AcDbEntity
  8
Muebles
100
AcDbPolyline
 90
        8
 70
     1
 43
0
 10
45.12903074659525
 20
2.279449580576077
 42
0
 10
45.12903074659525
 20
2.06867614539151
 42
0.4704805994421207
 10
45.22589602330508
 20
1.98851985987575
 42
0
 10
45.40541033146961
 20
2.0227130614309
 42
0.3600995489221492
 10
45.47173988036391
 20
2.10286934694666
 42
0
 10
45.47173988036391
 20
2.245256379020927
 42
0.3600995489221502
 10
45.40541033146961
 20
2.325412664536687
 42
0
 10
45.22589602330508
 20
2.359605866091837
 42
0.470480599442121
  0
ARC
  5
26D
330
25D
100
AcDbEntity
  8
Muebles
100
AcDbCircle
 10
44.88321854052904
 20
2.174062862983793
 30
0
 40
0.6293200462358973
100
AcDbArc
 50
341.8194461583553
 51
18.18055384164474
  0
ARC
  5
26E
330
25D
100
AcDbEntity
  8
Muebles
100
AcDbCircle
 10
44.88321854052904
 20
2.174062862983793
 30
0
 40
0.6537992700765158
100
AcDbArc
 50
341.8194461583553
 51
18.18055384164474
  0
LWPOLYLINE
  5
26F
330
25D
100
AcDbEntity
  8
Muebles
100
AcDbPolyline
 90
        8
 70
     1
 43
0
 10
44.83459014145743
 20
0.9180820905091494
 42
0
 10
44.62381670627286
 20
0.9180820905091487
 42
0.4704805994421217
 10
44.54766823503289
 20
0.8260600776348141
 42
0
 10
44.58186143658804
 20
0.6465457694702808
 42
0.3600995489221486
 10
44.65800990782801
 20
0.5835326980206983
 42
0
 10
44.80039693990228
 20
0.5835326980206983
 42
0.360099548922151
 10
44.87654541114225
 20
0.6465457694702808
 42
0
 10
44.9107386126974
 20
0.8260600776348155
 42
0.4704805994421206
  0
LWPOLYLINE
  5
270
330
25D
100
AcDbEntity
  8
Muebles
100
AcDbPolyline
 90
        8
 70
     1
 43
0
 10
44.83459014145743
 20
0.9221619611492531
 42
0
 10
44.62381670627286
 20
0.9221619611492515
 42
0.4704805994421207
 10
44.54366042075711
 20
0.8252966844394263
 42
0
 10
44.57785362231225
 20
0.6457823762748929
 42
0.3600995489221492
 10
44.65800990782801
 20
0.5794528273805954
 42
0
 10
44.80039693990228
 20
0.5794528273805954
 42
0.3600995489221502
 10
44.88055322541804
 20
0.6457823762748929
 42
0
 10
44.91474642697319
 20
0.8252966844394276
 42
0.470480599442121
  0
ARC
  5
271
330
25D
100
AcDbEntity
  8
Muebles
100
AcDbCircle
 10
44.72920342386514
 20
1.167974167215461
 30
0
 40
0.6293200462358973
100
AcDbArc
 50
251.8194461583553
 51
288.1805538416447
  0
ARC
  5
272
330
25D
100
AcDbEntity
  8
Muebles
100
AcDbCircle
 10
44.72920342386514
 20
1.167974167215461
 30
0
 40
0.6537992700765158
100
AcDbArc
 50
251.8194461583553
 51
288.1805538416447
  0
ARC
  5
273
330
25D
100
AcDbEntity
  8
Muebles
100
AcDbCircle
 10
43.96218774352577
 20
1.984450874985004
 30
0
 40
0.01653511976874901
100
AcDbArc
 50
240.4304686667344
 51
335.9306390165548
  0
ARC
  5
274
330
25D
100
AcDbEntity
  8
Muebles
100
AcDbCircle
 10
44.53959143586636
 20
0.5549736035399762
 30
0
 40
0.01653511976874901
100
AcDbArc
 50
114.0693609834455
 51
209.5695313332657
  0
ARC
  5
275
330
25D
100
AcDbEntity
  8
Muebles
100
AcDbCircle
 10
44.91881541186394
 20
0.5549736035399762
 30
0
 40
0.01653511976874901
100
AcDbArc
 50
330.4304686667342
 51
65.93063901655499
  0
ARC
  5
276
330
25D
100
AcDbEntity
  8
Muebles
100
AcDbCircle
 10
45.49621910420453
 20
1.984450874985003
 30
0
 40
0.01653511976874901
100
AcDbArc
 50
204.0693609834453
 51
299.5695313332656
  0
LWPOLYLINE
  5
277
330
25D
100
AcDbEntity
  8
Muebles
100
AcDbPolyline
 90
        8
 70
     1
 43
0
 10
44.62381670627286
 20
2.577970056353996
 42
0
 10
44.83459014145743
 20
2.577970056353997
 42
0.4704805994421217
 10
44.9107386126974
 20
2.669992069228332
 42
0
 10
44.87654541114225
 20
2.849506377392865
 42
0.3600995489221486
 10
44.80039693990228
 20
2.912519448842447
 42
0
 10
44.65800990782801
 20
2.912519448842447
 42
0.360099548922151
 10
44.58186143658804
 20
2.849506377392865
 42
0
 10
44.54766823503289
 20
2.66999206922833
 42
0.4704805994421206
  0
LWPOLYLINE
  5
278
330
25D
100
AcDbEntity
  8
Muebles
100
AcDbPolyline
 90
        8
 70
     1
 43
0
 10
44.62381670627286
 20
2.573890185713893
 42
0
 10
44.83459014145743
 20
2.573890185713894
 42
0.4704805994421207
 10
44.91474642697319
 20
2.67075546242372
 42
0
 10
44.88055322541804
 20
2.850269770588253
 42
0.3600995489221492
 10
44.80039693990228
 20
2.91659931948255
 42
0
 10
44.65800990782801
 20
2.91659931948255
 42
0.3600995489221502
 10
44.57785362231225
 20
2.850269770588253
 42
0
 10
44.54366042075711
 20
2.670755462423718
 42
0.470480599442121
  0
ARC
  5
279
330
25D
100
AcDbEntity
  8
Muebles
100
AcDbCircle
 10
44.72920342386514
 20
2.328077979647685
 30
0
 40
0.6293200462358973
100
AcDbArc
 50
71.81944615835529
 51
108.1805538416447
  0
ARC
  5
27A
330
25D
100
AcDbEntity
  8
Muebles
100
AcDbCircle
 10
44.72920342386514
 20
2.328077979647685
 30
0
 40
0.6537992700765158
100
AcDbArc
 50
71.81944615835529
 51
108.1805538416447
  0
ARC
  5
27B
330
25D
100
AcDbEntity
  8
Muebles
100
AcDbCircle
 10
43.96218774352577
 20
2.363674850982584
 30
0
 40
0.01653511976874901
100
AcDbArc
 50
24.06936098344526
 51
119.5695313332656
  0
ARC
  5
27C
330
25D
100
AcDbEntity
  8
Muebles
100
AcDbCircle
 10
44.53959143586636
 20
2.94107854332317
 30
0
 40
0.01653511976874901
100
AcDbArc
 50
150.4304686667342
 51
245.930639016555
  0
ARC
  5
27D
330
25D
100
AcDbEntity
  8
Muebles
100
AcDbCircle
 10
44.91881541186394
 20
2.94107854332317
 30
0
 40
0.01653511976874901
100
AcDbArc
 50
294.069360983445
 51
29.56953133326575
  0
ARC
  5
27E
330
25D
100
AcDbEntity
  8
Muebles
100
AcDbCircle
 10
45.49621910420453
 20
2.363674850982583
 30
0
 40
0.01653511976874901
100
AcDbArc
 50
60.43046866673438
 51
155.9306390165548
  0
LWPOLYLINE
  5
27F
330
25D
100
AcDbEntity
  8
Muebles
100
AcDbPolyline
 90
        8
 70
     1
 43
0
 10
45.13311061723535
 20
1.591275231658805
 42
0
 10
45.13311061723535
 20
1.380501796474238
 42
0.4704805994421217
 10
45.22513263010968
 20
1.304353325234266
 42
0
 10
45.40464693827422
 20
1.338546526789415
 42
0.3600995489221486
 10
45.4676600097238
 20
1.414694998029387
 42
0
 10
45.4676600097238
 20
1.557082030103655
 42
0.360099548922151
 10
45.40464693827422
 20
1.633230501343627
 42
0
 10
45.22513263010968
 20
1.667423702898777
 42
0.4704805994421206
  0
LWPOLYLINE
  5
280
330
25D
100
AcDbEntity
  8
Muebles
100
AcDbPolyline
 90
        8
 70
     1
 43
0
 10
45.12903074659525
 20
1.591275231658805
 42
0
 10
45.12903074659525
 20
1.380501796474238
 42
0.4704805994421207
 10
45.22589602330508
 20
1.300345510958478
 42
0
 10
45.40541033146961
 20
1.334538712513628
 42
0.3600995489221492
 10
45.47173988036391
 20
1.414694998029387
 42
0
 10
45.47173988036391
 20
1.557082030103655
 42
0.3600995489221502
 10
45.40541033146961
 20
1.637238315619415
 42
0
 10
45.22589602330508
 20
1.671431517174565
 42
0.470480599442121
  0
ARC
  5
281
330
25D
100
AcDbEntity
  8
Muebles
100
AcDbCircle
 10
44.88321854052904
 20
1.485888514066521
 30
0
 40
0.6293200462358973
100
AcDbArc
 50
341.8194461583553
 51
18.18055384164474
  0
ARC
  5
282
330
25D
100
AcDbEntity
  8
Muebles
100
AcDbCircle
 10
44.88321854052904
 20
1.485888514066521
 30
0
 40
0.6537992700765158
100
AcDbArc
 50
341.8194461583553
 51
18.18055384164474
  0
ARC
  5
283
330
25D
100
AcDbEntity
  8
Muebles
100
AcDbCircle
 10
45.49621910420453
 20
1.296276526067731
 30
0
 40
0.01653511976874901
100
AcDbArc
 50
204.0693609834453
 51
299.5695313332656
  0
ARC
  5
284
330
25D
100
AcDbEntity
  8
Muebles
100
AcDbCircle
 10
45.49621910420453
 20
1.675500502065311
 30
0
 40
0.01653511976874901
100
AcDbArc
 50
60.43046866673438
 51
155.9306390165548
  0
LWPOLYLINE
  5
285
330
25D
100
AcDbEntity
  8
Muebles
100
AcDbPolyline
 90
        8
 70
     1
 43
0
 10
44.32529623049494
 20
1.343366085054828
 42
0
 10
44.32529623049494
 20
1.554139520239396
 42
0.4704805994421217
 10
44.23327421762061
 20
1.630287991479367
 42
0
 10
44.05375990945608
 20
1.596094789924217
 42
0.3600995489221486
 10
43.99074683800649
 20
1.519946318684246
 42
0
 10
43.99074683800649
 20
1.377559286609977
 42
0.360099548922151
 10
44.05375990945608
 20
1.301410815370005
 42
0
 10
44.23327421762061
 20
1.267217613814857
 42
0.4704805994421206
  0
LWPOLYLINE
  5
286
330
25D
100
AcDbEntity
  8
Muebles
100
AcDbPolyline
 90
        8
 70
     1
 43
0
 10
44.32937610113505
 20
1.343366085054828
 42
0
 10
44.32937610113505
 20
1.554139520239396
 42
0.4704805994421207
 10
44.23251082442522
 20
1.634295805755155
 42
0
 10
44.05299651626068
 20
1.600102604200006
 42
0.3600995489221492
 10
43.98666696736639
 20
1.519946318684246
 42
0
 10
43.98666696736639
 20
1.377559286609977
 42
0.3600995489221502
 10
44.05299651626068
 20
1.297403001094217
 42
0
 10
44.23251082442522
 20
1.263209799539068
 42
0.470480599442121
  0
ARC
  5
287
330
25D
100
AcDbEntity
  8
Muebles
100
AcDbCircle
 10
44.57518830720126
 20
1.448752802647112
 30
0
 40
0.6293200462358973
100
AcDbArc
 50
161.8194461583553
 51
198.1805538416448
  0
ARC
  5
288
330
25D
100
AcDbEntity
  8
Muebles
100
AcDbCircle
 10
44.57518830720126
 20
1.448752802647112
 30
0
 40
0.6537992700765158
100
AcDbArc
 50
161.8194461583553
 51
198.1805538416448
  0
ARC
  5
289
330
25D
100
AcDbEntity
  8
Muebles
100
AcDbCircle
 10
43.96218774352577
 20
1.259140814648322
 30
0
 40
0.01653511976874901
100
AcDbArc
 50
240.4304686667344
 51
335.9306390165548
  0
ARC
  5
28A
330
25D
100
AcDbEntity
  8
Muebles
100
AcDbCircle
 10
43.96218774352577
 20
1.638364790645902
 30
0
 40
0.01653511976874901
100
AcDbArc
 50
24.06936098344526
 51
119.5695313332656
  0
ENDBLK
  5
28B
330
25D
100
AcDbEntity
  8
0
100
AcDbBlockEnd
  0
BLOCK
  5
290
330
28F
100
AcDbEntity
  8
0
100
AcDbBlockBegin
  2
chair
 70
     0
 10
0
 20
0
 30
0
  3
chair
  1

  0
POLYLINE
  5
291
330
28F
100
AcDbEntity
  8
Muebles
 48
0.01
100
AcDb2dPolyline
 66
     1
 70
     4
 75
     6
 10
0
 20
0
 30
0
 40
0
 41
0
  0
VERTEX
  5
292
330
291
100
AcDbEntity
  8
Muebles
 48
0.01
100
AcDbVertex
100
AcDb2dVertex
 10
45.80692082899654
 20
4.833380038163952
 30
0
 70
    16
 50
0
  0
VERTEX
  5
293
330
291
100
AcDbEntity
  8
Muebles
 48
0.01
100
AcDbVertex
100
AcDb2dVertex
 10
45.80692082899654
 20
4.833380038163952
 30
0
 70
     8
 50
0
  0
VERTEX
  5
294
330
291
100
AcDbEntity
  8
Muebles
 48
0.01
100
AcDbVertex
100
AcDb2dVertex
 10
45.83420342296139
 20
4.833127684447547
 30
0
 70
     8
 50
0
  0
VERTEX
  5
295
330
291
100
AcDbEntity
  8
Muebles
 48
0.01
100
AcDbVertex
100
AcDb2dVertex
 10
45.85762106826891
 20
4.832139760894435
 30
0
 70
     8
 50
0
  0
VERTEX
  5
296
330
291
100
AcDbEntity
  8
Muebles
 48
0.01
100
AcDbVertex
100
AcDb2dVertex
 10
45.87764590251285
 20
4.830498754239827
 30
0
 70
     8
 50
0
  0
VERTEX
  5
297
330
291
100
AcDbEntity
  8
Muebles
 48
0.01
100
AcDbVertex
100
AcDb2dVertex
 10
45.89475006328675
 20
4.828287151219158
 30
0
 70
     8
 50
0
  0
VERTEX
  5
298
330
291
100
AcDbEntity
  8
Muebles
 48
0.01
100
AcDbVertex
100
AcDb2dVertex
 10
45.90940568818459
 20
4.825587438567638
 30
0
 70
     8
 50
0
  0
VERTEX
  5
299
330
291
100
AcDbEntity
  8
Muebles
 48
0.01
100
AcDbVertex
100
AcDb2dVertex
 10
45.92208491479968
 20
4.822482103020931
 30
0
 70
     8
 50
0
  0
VERTEX
  5
29A
330
291
100
AcDbEntity
  8
Muebles
 48
0.01
100
AcDbVertex
100
AcDb2dVertex
 10
45.93325988072579
 20
4.819053631313793
 30
0
 70
     8
 50
0
  0
VERTEX
  5
29B
330
291
100
AcDbEntity
  8
Muebles
 48
0.01
100
AcDbVertex
100
AcDb2dVertex
 10
45.94340272355655
 20
4.815384510182113
 30
0
 70
     8
 50
0
  0
VERTEX
  5
29C
330
291
100
AcDbEntity
  8
Muebles
 48
0.01
100
AcDbVertex
100
AcDb2dVertex
 10
45.95290556710492
 20
4.811546239676701
 30
0
 70
     8
 50
0
  0
VERTEX
  5
29D
330
291
100
AcDbEntity
  8
Muebles
 48
0.01
100
AcDbVertex
100
AcDb2dVertex
 10
45.96184048006089
 20
4.807566373111896
 30
0
 70
     8
 50
0
  0
VERTEX
  5
29E
330
291
100
AcDbEntity
  8
Muebles
 48
0.01
100
AcDbVertex
100
AcDb2dVertex
 10
45.97019951733373
 20
4.803461477118091
 30
0
 70
     8
 50
0
  0
VERTEX
  5
29F
330
291
100
AcDbEntity
  8
Muebles
 48
0.01
100
AcDbVertex
100
AcDb2dVertex
 10
45.97797473383284
 20
4.799248118325224
 30
0
 70
     8
 50
0
  0
VERTEX
  5
2A0
330
291
100
AcDbEntity
  8
Muebles
 48
0.01
100
AcDbVertex
100
AcDb2dVertex
 10
45.98515818446762
 20
4.794942863363914
 30
0
 70
     8
 50
0
  0
VERTEX
  5
2A1
330
291
100
AcDbEntity
  8
Muebles
 48
0.01
100
AcDbVertex
100
AcDb2dVertex
 10
45.99174192414725
 20
4.790562278863874
 30
0
 70
     8
 50
0
  0
VERTEX
  5
2A2
330
291
100
AcDbEntity
  8
Muebles
 48
0.01
100
AcDbVertex
100
AcDb2dVertex
 10
45.99771800778112
 20
4.786122931455495
 30
0
 70
     8
 50
0
  0
VERTEX
  5
2A3
330
291
100
AcDbEntity
  8
Muebles
 48
0.01
100
AcDbVertex
100
AcDb2dVertex
 10
46.0030784902784
 20
4.78164138776917
 30
0
 70
     8
 50
0
  0
VERTEX
  5
2A4
330
291
100
AcDbEntity
  8
Muebles
 48
0.01
100
AcDbVertex
100
AcDb2dVertex
 10
46.00782056224929
 20
4.777133234397226
 30
0
 70
     8
 50
0
  0
VERTEX
  5
2A5
330
291
100
AcDbEntity
  8
Muebles
 48
0.01
100
AcDbVertex
100
AcDb2dVertex
 10
46.01196195710597
 20
4.772610137780404
 30
0
 70
     8
 50
0
  0
VERTEX
  5
2A6
330
291
100
AcDbEntity
  8
Muebles
 48
0.01
100
AcDbVertex
100
AcDb2dVertex
 10
46.01552554396162
 20
4.768082784322061
 30
0
 70
     8
 50
0
  0
VERTEX
  5
2A7
330
291
100
AcDbEntity
  8
Muebles
 48
0.01
100
AcDbVertex
100
AcDb2dVertex
 10
46.01853419192943
 20
4.763561860425554
 30
0
 70
     8
 50
0
  0
VERTEX
  5
2A8
330
291
100
AcDbEntity
  8
Muebles
 48
0.01
100
AcDbVertex
100
AcDb2dVertex
 10
46.02101077012239
 20
4.759058052494012
 30
0
 70
     8
 50
0
  0
VERTEX
  5
2A9
330
291
100
AcDbEntity
  8
Muebles
 48
0.01
100
AcDbVertex
100
AcDb2dVertex
 10
46.02297814765356
 20
4.754582046930338
 30
0
 70
     8
 50
0
  0
VERTEX
  5
2AA
330
291
100
AcDbEntity
  8
Muebles
 48
0.01
100
AcDbVertex
100
AcDb2dVertex
 10
46.02445919363592
 20
4.750144530138343
 30
0
 70
     8
 50
0
  0
VERTEX
  5
2AB
330
291
100
AcDbEntity
  8
Muebles
 48
0.01
100
AcDbVertex
100
AcDb2dVertex
 10
46.02547677718266
 20
4.745756188520474
 30
0
 70
     8
 50
0
  0
VERTEX
  5
2AC
330
291
100
AcDbEntity
  8
Muebles
 48
0.01
100
AcDbVertex
100
AcDb2dVertex
 10
46.02605521529321
 20
4.741429478866777
 30
0
 70
     8
 50
0
  0
VERTEX
  5
2AD
330
291
100
AcDbEntity
  8
Muebles
 48
0.01
100
AcDbVertex
100
AcDb2dVertex
 10
46.02622461651285
 20
4.737183939511098
 30
0
 70
     8
 50
0
  0
VERTEX
  5
2AE
330
291
100
AcDbEntity
  8
Muebles
 48
0.01
100
AcDbVertex
100
AcDb2dVertex
 10
46.02601653727319
 20
4.733040879173743
 30
0
 70
     8
 50
0
  0
VERTEX
  5
2AF
330
291
100
AcDbEntity
  8
Muebles
 48
0.01
100
AcDbVertex
100
AcDb2dVertex
 10
46.0254625340061
 20
4.729021606575245
 30
0
 70
     8
 50
0
  0
VERTEX
  5
2B0
330
291
100
AcDbEntity
  8
Muebles
 48
0.01
100
AcDbVertex
100
AcDb2dVertex
 10
46.02459416314306
 20
4.725147430435456
 30
0
 70
     8
 50
0
  0
VERTEX
  5
2B1
330
291
100
AcDbEntity
  8
Muebles
 48
0.01
100
AcDbVertex
100
AcDb2dVertex
 10
46.02344298111583
 20
4.72143965947491
 30
0
 70
     8
 50
0
  0
VERTEX
  5
2B2
330
291
100
AcDbEntity
  8
Muebles
 48
0.01
100
AcDbVertex
100
AcDb2dVertex
 10
46.02204054435592
 20
4.717919602413915
 30
0
 70
     8
 50
0
  0
VERTEX
  5
2B3
330
291
100
AcDbEntity
  8
Muebles
 48
0.01
100
AcDbVertex
100
AcDb2dVertex
 10
46.02041840929527
 20
4.714608567972775
 30
0
 70
     8
 50
0
  0
VERTEX
  5
2B4
330
291
100
AcDbEntity
  8
Muebles
 48
0.01
100
AcDbVertex
100
AcDb2dVertex
 10
46.0186051106717
 20
4.711523618194107
 30
0
 70
     8
 50
0
  0
VERTEX
  5
2B5
330
291
100
AcDbEntity
  8
Muebles
 48
0.01
100
AcDbVertex
100
AcDb2dVertex
 10
46.01661709644858
 20
4.708664828409084
 30
0
 70
     8
 50
0
  0
VERTEX
  5
2B6
330
291
100
AcDbEntity
  8
Muebles
 48
0.01
100
AcDbVertex
100
AcDb2dVertex
 10
46.01446779289549
 20
4.706028027271643
 30
0
 70
     8
 50
0
  0
VERTEX
  5
2B7
330
291
100
AcDbEntity
  8
Muebles
 48
0.01
100
AcDbVertex
100
AcDb2dVertex
 10
46.0121706262822
 20
4.703609043435264
 30
0
 70
     8
 50
0
  0
VERTEX
  5
2B8
330
291
100
AcDbEntity
  8
Muebles
 48
0.01
100
AcDbVertex
100
AcDb2dVertex
 10
46.00973902287828
 20
4.701403705553886
 30
0
 70
     8
 50
0
  0
VERTEX
  5
2B9
330
291
100
AcDbEntity
  8
Muebles
 48
0.01
100
AcDbVertex
100
AcDb2dVertex
 10
46.00718640895352
 20
4.699407842281218
 30
0
 70
     8
 50
0
  0
VERTEX
  5
2BA
330
291
100
AcDbEntity
  8
Muebles
 48
0.01
100
AcDbVertex
100
AcDb2dVertex
 10
46.00452621077724
 20
4.697617282270514
 30
0
 70
     8
 50
0
  0
VERTEX
  5
2BB
330
291
100
AcDbEntity
  8
Muebles
 48
0.01
100
AcDbVertex
100
AcDb2dVertex
 10
46.00177185461948
 20
4.696027854175938
 30
0
 70
     8
 50
0
  0
VERTEX
  5
2BC
330
291
100
AcDbEntity
  8
Muebles
 48
0.01
100
AcDbVertex
100
AcDb2dVertex
 10
45.99893820476038
 20
4.694635451424958
 30
0
 70
     8
 50
0
  0
VERTEX
  5
2BD
330
291
100
AcDbEntity
  8
Muebles
 48
0.01
100
AcDbVertex
100
AcDb2dVertex
 10
45.99604587752341
 20
4.6934362265403
 30
0
 70
     8
 50
0
  0
VERTEX
  5
2BE
330
291
100
AcDbEntity
  8
Muebles
 48
0.01
100
AcDbVertex
100
AcDb2dVertex
 10
45.99311692724277
 20
4.692426396819357
 30
0
 70
     8
 50
0
  0
VERTEX
  5
2BF
330
291
100
AcDbEntity
  8
Muebles
 48
0.01
100
AcDbVertex
100
AcDb2dVertex
 10
45.99017340825262
 20
4.691602179559069
 30
0
 70
     8
 50
0
  0
VERTEX
  5
2C0
330
291
100
AcDbEntity
  8
Muebles
 48
0.01
100
AcDbVertex
100
AcDb2dVertex
 10
45.98723737488703
 20
4.690959792056148
 30
0
 70
     8
 50
0
  0
VERTEX
  5
2C1
330
291
100
AcDbEntity
  8
Muebles
 48
0.01
100
AcDbVertex
100
AcDb2dVertex
 10
45.9843308814803
 20
4.690495451607759
 30
0
 70
     8
 50
0
  0
VERTEX
  5
2C2
330
291
100
AcDbEntity
  8
Muebles
 48
0.01
100
AcDbVertex
100
AcDb2dVertex
 10
45.98147598236662
 20
4.69020537551107
 30
0
 70
     8
 50
0
  0
VERTEX
  5
2C3
330
291
100
AcDbEntity
  8
Muebles
 48
0.01
100
AcDbVertex
100
AcDb2dVertex
 10
45.97869473188015
 20
4.690085781062791
 30
0
 70
     8
 50
0
  0
VERTEX
  5
2C4
330
291
100
AcDbEntity
  8
Muebles
 48
0.01
100
AcDbVertex
100
AcDb2dVertex
 10
45.97599414890769
 20
4.690132680216195
 30
0
 70
     8
 50
0
  0
VERTEX
  5
2C5
330
291
100
AcDbEntity
  8
Muebles
 48
0.01
100
AcDbVertex
100
AcDb2dVertex
 10
45.97332111054831
 20
4.690341263550565
 30
0
 70
     8
 50
0
  0
VERTEX
  5
2C6
330
291
100
AcDbEntity
  8
Muebles
 48
0.01
100
AcDbVertex
100
AcDb2dVertex
 10
45.97060745845326
 20
4.690706516300835
 30
0
 70
     8
 50
0
  0
VERTEX
  5
2C7
330
291
100
AcDbEntity
  8
Muebles
 48
0.01
100
AcDbVertex
100
AcDb2dVertex
 10
45.96778503427421
 20
4.691223423702624
 30
0
 70
     8
 50
0
  0
VERTEX
  5
2C8
330
291
100
AcDbEntity
  8
Muebles
 48
0.01
100
AcDbVertex
100
AcDb2dVertex
 10
45.96478567966253
 20
4.691886970991092
 30
0
 70
     8
 50
0
  0
VERTEX
  5
2C9
330
291
100
AcDbEntity
  8
Muebles
 48
0.01
100
AcDbVertex
100
AcDb2dVertex
 10
45.96154123626999
 20
4.692692143401629
 30
0
 70
     8
 50
0
  0
VERTEX
  5
2CA
330
291
100
AcDbEntity
  8
Muebles
 48
0.01
100
AcDbVertex
100
AcDb2dVertex
 10
45.95798354574808
 20
4.693633926169397
 30
0
 70
     8
 50
0
  0
VERTEX
  5
2CB
330
291
100
AcDbEntity
  8
Muebles
 48
0.01
100
AcDbVertex
100
AcDb2dVertex
 10
45.95404444974824
 20
4.694707304529786
 30
0
 70
     8
 50
0
  0
VERTEX
  5
2CC
330
291
100
AcDbEntity
  8
Muebles
 48
0.01
100
AcDbVertex
100
AcDb2dVertex
 10
45.94966389198302
 20
4.695905182186308
 30
0
 70
     8
 50
0
  0
VERTEX
  5
2CD
330
291
100
AcDbEntity
  8
Muebles
 48
0.01
100
AcDbVertex
100
AcDb2dVertex
 10
45.94481422440978
 20
4.697212136715208
 30
0
 70
     8
 50
0
  0
VERTEX
  5
2CE
330
291
100
AcDbEntity
  8
Muebles
 48
0.01
100
AcDbVertex
100
AcDb2dVertex
 10
45.93947590104639
 20
4.698610664160398
 30
0
 70
     8
 50
0
  0
VERTEX
  5
2CF
330
291
100
AcDbEntity
  8
Muebles
 48
0.01
100
AcDbVertex
100
AcDb2dVertex
 10
45.93362937591095
 20
4.700083260566473
 30
0
 70
     8
 50
0
  0
VERTEX
  5
2D0
330
291
100
AcDbEntity
  8
Muebles
 48
0.01
100
AcDbVertex
100
AcDb2dVertex
 10
45.92725510302168
 20
4.701612421977799
 30
0
 70
     8
 50
0
  0
VERTEX
  5
2D1
330
291
100
AcDbEntity
  8
Muebles
 48
0.01
100
AcDbVertex
100
AcDb2dVertex
 10
45.92033353639667
 20
4.703180644438291
 30
0
 70
     8
 50
0
  0
VERTEX
  5
2D2
330
291
100
AcDbEntity
  8
Muebles
 48
0.01
100
AcDbVertex
100
AcDb2dVertex
 10
45.9128451300538
 20
4.704770423992542
 30
0
 70
     8
 50
0
  0
VERTEX
  5
2D3
330
291
100
AcDbEntity
  8
Muebles
 48
0.01
100
AcDbVertex
100
AcDb2dVertex
 10
45.90477033801162
 20
4.706364256684694
 30
0
 70
     8
 50
0
  0
VERTEX
  5
2D4
330
291
100
AcDbEntity
  8
Muebles
 48
0.01
100
AcDbVertex
100
AcDb2dVertex
 10
45.89607300632267
 20
4.707938401512749
 30
0
 70
     8
 50
0
  0
VERTEX
  5
2D5
330
291
100
AcDbEntity
  8
Muebles
 48
0.01
100
AcDbVertex
100
AcDb2dVertex
 10
45.88665054917973
 20
4.709444169289029
 30
0
 70
     8
 50
0
  0
VERTEX
  5
2D6
330
291
100
AcDbEntity
  8
Muebles
 48
0.01
100
AcDbVertex
100
AcDb2dVertex
 10
45.87638377281004
 20
4.710826633779945
 30
0
 70
     8
 50
0
  0
VERTEX
  5
2D7
330
291
100
AcDbEntity
  8
Muebles
 48
0.01
100
AcDbVertex
100
AcDb2dVertex
 10
45.86515348344128
 20
4.712030868751455
 30
0
 70
     8
 50
0
  0
VERTEX
  5
2D8
330
291
100
AcDbEntity
  8
Muebles
 48
0.01
100
AcDbVertex
100
AcDb2dVertex
 10
45.85284048730043
 20
4.713001947969971
 30
0
 70
     8
 50
0
  0
VERTEX
  5
2D9
330
291
100
AcDbEntity
  8
Muebles
 48
0.01
100
AcDbVertex
100
AcDb2dVertex
 10
45.83932559061518
 20
4.713684945201223
 30
0
 70
     8
 50
0
  0
VERTEX
  5
2DA
330
291
100
AcDbEntity
  8
Muebles
 48
0.01
100
AcDbVertex
100
AcDb2dVertex
 10
45.82448959961286
 20
4.714024934211622
 30
0
 70
     8
 50
0
  0
VERTEX
  5
2DB
330
291
100
AcDbEntity
  8
Muebles
 48
0.01
100
AcDbVertex
100
AcDb2dVertex
 10
45.80821332052082
 20
4.713966988767126
 30
0
 70
     8
 50
0
  0
VERTEX
  5
2DC
330
291
100
AcDbEntity
  8
Muebles
 48
0.01
100
AcDbVertex
100
AcDb2dVertex
 10
45.88524735563996
 20
4.833761176244863
 30
0
 70
    16
 50
0
  0
VERTEX
  5
2DD
330
291
100
AcDbEntity
  8
Muebles
 48
0.01
100
AcDbVertex
100
AcDb2dVertex
 10
45.94937590224126
 20
4.817071578870056
 30
0
 70
    16
 50
0
  0
VERTEX
  5
2DE
330
291
100
AcDbEntity
  8
Muebles
 48
0.01
100
AcDbVertex
100
AcDb2dVertex
 10
46.0097296500347
 20
4.781914770680189
 30
0
 70
    16
 50
0
  0
VERTEX
  5
2DF
330
291
100
AcDbEntity
  8
Muebles
 48
0.01
100
AcDbVertex
100
AcDb2dVertex
 10
46.03017643929022
 20
4.745117665024665
 30
0
 70
    16
 50
0
  0
VERTEX
  5
2E0
330
291
100
AcDbEntity
  8
Muebles
 48
0.01
100
AcDbVertex
100
AcDb2dVertex
 10
46.02242525590006
 20
4.712151700344677
 30
0
 70
    16
 50
0
  0
VERTEX
  5
2E1
330
291
100
AcDbEntity
  8
Muebles
 48
0.01
100
AcDbVertex
100
AcDb2dVertex
 10
46.00263299288108
 20
4.693926941433276
 30
0
 70
    16
 50
0
  0
VERTEX
  5
2E2
330
291
100
AcDbEntity
  8
Muebles
 48
0.01
100
AcDbVertex
100
AcDb2dVertex
 10
45.97767390029261
 20
4.688307658977848
 30
0
 70
    16
 50
0
  0
VERTEX
  5
2E3
330
291
100
AcDbEntity
  8
Muebles
 48
0.01
100
AcDbVertex
100
AcDb2dVertex
 10
45.95883979722893
 20
4.693357109031851
 30
0
 70
    16
 50
0
  0
VERTEX
  5
2E4
330
291
100
AcDbEntity
  8
Muebles
 48
0.01
100
AcDbVertex
100
AcDb2dVertex
 10
45.9112336092804
 20
4.706507732074144
 30
0
 70
    16
 50
0
  0
VERTEX
  5
2E5
330
291
100
AcDbEntity
  8
Muebles
 48
0.01
100
AcDbVertex
100
AcDb2dVertex
 10
45.85364306557264
 20
4.714700912544387
 30
0
 70
    16
 50
0
  0
VERTEX
  5
2E6
330
291
100
AcDbEntity
  8
Muebles
 48
0.01
100
AcDbVertex
100
AcDb2dVertex
 10
45.80821332052082
 20
4.713966988767126
 30
0
 70
    16
 50
0
  0
SEQEND
  5
2E7
330
291
100
AcDbEntity
  8
Muebles
 48
0.01
  0
POLYLINE
  5
2E8
330
28F
100
AcDbEntity
  8
Muebles
 48
0.01
100
AcDb2dPolyline
 66
     1
 70
     4
 75
     6
 10
0
 20
0
 30
0
 40
0
 41
0
  0
VERTEX
  5
2E9
330
2E8
100
AcDbEntity
  8
Muebles
 48
0.01
100
AcDbVertex
100
AcDb2dVertex
 10
45.80821332052082
 20
4.815501015795618
 30
0
 70
    16
 50
0
  0
VERTEX
  5
2EA
330
2E8
100
AcDbEntity
  8
Muebles
 48
0.01
100
AcDbVertex
100
AcDb2dVertex
 10
45.80821332052082
 20
4.815501015795618
 30
0
 70
     8
 50
0
  0
VERTEX
  5
2EB
330
2E8
100
AcDbEntity
  8
Muebles
 48
0.01
100
AcDbVertex
100
AcDb2dVertex
 10
45.84135665021094
 20
4.815537142866262
 30
0
 70
     8
 50
0
  0
VERTEX
  5
2EC
330
2E8
100
AcDbEntity
  8
Muebles
 48
0.01
100
AcDbVertex
100
AcDb2dVertex
 10
45.86900465189692
 20
4.814749988373634
 30
0
 70
     8
 50
0
  0
VERTEX
  5
2ED
330
2E8
100
AcDbEntity
  8
Muebles
 48
0.01
100
AcDbVertex
100
AcDb2dVertex
 10
45.89184793491219
 20
4.813265730900113
 30
0
 70
     8
 50
0
  0
VERTEX
  5
2EE
330
2E8
100
AcDbEntity
  8
Muebles
 48
0.01
100
AcDbVertex
100
AcDb2dVertex
 10
45.9105771085909
 20
4.811210549029212
 30
0
 70
     8
 50
0
  0
VERTEX
  5
2EF
330
2E8
100
AcDbEntity
  8
Muebles
 48
0.01
100
AcDbVertex
100
AcDb2dVertex
 10
45.92588278226694
 20
4.808710621343536
 30
0
 70
     8
 50
0
  0
VERTEX
  5
2F0
330
2E8
100
AcDbEntity
  8
Muebles
 48
0.01
100
AcDbVertex
100
AcDb2dVertex
 10
45.9384555652741
 20
4.805892126426144
 30
0
 70
     8
 50
0
  0
VERTEX
  5
2F1
330
2E8
100
AcDbEntity
  8
Muebles
 48
0.01
100
AcDbVertex
100
AcDb2dVertex
 10
45.94898606694628
 20
4.802881242860096
 30
0
 70
     8
 50
0
  0
VERTEX
  5
2F2
330
2E8
100
AcDbEntity
  8
Muebles
 48
0.01
100
AcDbVertex
100
AcDb2dVertex
 10
45.95816489661738
 20
4.799804149228223
 30
0
 70
     8
 50
0
  0
VERTEX
  5
2F3
330
2E8
100
AcDbEntity
  8
Muebles
 48
0.01
100
AcDbVertex
100
AcDb2dVertex
 10
45.96659118359284
 20
4.796737849893063
 30
0
 70
     8
 50
0
  0
VERTEX
  5
2F4
330
2E8
100
AcDbEntity
  8
Muebles
 48
0.01
100
AcDbVertex
100
AcDb2dVertex
 10
45.97449813706416
 20
4.793562652334614
 30
0
 70
     8
 50
0
  0
VERTEX
  5
2F5
330
2E8
100
AcDbEntity
  8
Muebles
 48
0.01
100
AcDbVertex
100
AcDb2dVertex
 10
45.98202748619448
 20
4.790109689811899
 30
0
 70
     8
 50
0
  0
VERTEX
  5
2F6
330
2E8
100
AcDbEntity
  8
Muebles
 48
0.01
100
AcDbVertex
100
AcDb2dVertex
 10
45.98932096014696
 20
4.786210095584622
 30
0
 70
     8
 50
0
  0
VERTEX
  5
2F7
330
2E8
100
AcDbEntity
  8
Muebles
 48
0.01
100
AcDbVertex
100
AcDb2dVertex
 10
45.99652028808484
 20
4.781695002911803
 30
0
 70
     8
 50
0
  0
VERTEX
  5
2F8
330
2E8
100
AcDbEntity
  8
Muebles
 48
0.01
100
AcDbVertex
100
AcDb2dVertex
 10
46.00376719917116
 20
4.776395545052921
 30
0
 70
     8
 50
0
  0
VERTEX
  5
2F9
330
2E8
100
AcDbEntity
  8
Muebles
 48
0.01
100
AcDbVertex
100
AcDb2dVertex
 10
46.01120342256885
 20
4.770142855266997
 30
0
 70
     8
 50
0
  0
VERTEX
  5
2FA
330
2E8
100
AcDbEntity
  8
Muebles
 48
0.01
100
AcDbVertex
100
AcDb2dVertex
 10
46.01897068744128
 20
4.762768066813962
 30
0
 70
     8
 50
0
  0
VERTEX
  5
2FB
330
2E8
100
AcDbEntity
  8
Muebles
 48
0.01
100
AcDbVertex
100
AcDb2dVertex
 10
45.90453651199741
 20
4.816807222142799
 30
0
 70
    16
 50
0
  0
VERTEX
  5
2FC
330
2E8
100
AcDbEntity
  8
Muebles
 48
0.01
100
AcDbVertex
100
AcDb2dVertex
 10
45.96521623173427
 20
4.799164485044159
 30
0
 70
    16
 50
0
  0
VERTEX
  5
2FD
330
2E8
100
AcDbEntity
  8
Muebles
 48
0.01
100
AcDbVertex
100
AcDb2dVertex
 10
45.99769061100355
 20
4.784080404681774
 30
0
 70
    16
 50
0
  0
VERTEX
  5
2FE
330
2E8
100
AcDbEntity
  8
Muebles
 48
0.01
100
AcDbVertex
100
AcDb2dVertex
 10
46.01897068744128
 20
4.762768066813962
 30
0
 70
    16
 50
0
  0
SEQEND
  5
2FF
330
2E8
100
AcDbEntity
  8
Muebles
 48
0.01
  0
POLYLINE
  5
300
330
28F
100
AcDbEntity
  8
Muebles
 48
0.01
100
AcDb2dPolyline
 66
     1
 70
     4
 75
     6
 10
0
 20
0
 30
0
 40
0
 41
0
  0
VERTEX
  5
301
330
300
100
AcDbEntity
  8
Muebles
 48
0.01
100
AcDbVertex
100
AcDb2dVertex
 10
45.80820264551366
 20
4.761299347984206
 30
0
 70
    16
 50
0
  0
VERTEX
  5
302
330
300
100
AcDbEntity
  8
Muebles
 48
0.01
100
AcDbVertex
100
AcDb2dVertex
 10
45.80820264551366
 20
4.761299347984206
 30
0
 70
     8
 50
0
  0
VERTEX
  5
303
330
300
100
AcDbEntity
  8
Muebles
 48
0.01
100
AcDbVertex
100
AcDb2dVertex
 10
45.83515009901461
 20
4.761301236197298
 30
0
 70
     8
 50
0
  0
VERTEX
  5
304
330
300
100
AcDbEntity
  8
Muebles
 48
0.01
100
AcDbVertex
100
AcDb2dVertex
 10
45.85817153060211
 20
4.760210964669497
 30
0
 70
     8
 50
0
  0
VERTEX
  5
305
330
300
100
AcDbEntity
  8
Muebles
 48
0.01
100
AcDbVertex
100
AcDb2dVertex
 10
45.87767589214829
 20
4.758237566616046
 30
0
 70
     8
 50
0
  0
VERTEX
  5
306
330
300
100
AcDbEntity
  8
Muebles
 48
0.01
100
AcDbVertex
100
AcDb2dVertex
 10
45.89407213552576
 20
4.755590075251959
 30
0
 70
     8
 50
0
  0
VERTEX
  5
307
330
300
100
AcDbEntity
  8
Muebles
 48
0.01
100
AcDbVertex
100
AcDb2dVertex
 10
45.90776921260689
 20
4.752477523792479
 30
0
 70
     8
 50
0
  0
VERTEX
  5
308
330
300
100
AcDbEntity
  8
Muebles
 48
0.01
100
AcDbVertex
100
AcDb2dVertex
 10
45.91917607526406
 20
4.749108945452619
 30
0
 70
     8
 50
0
  0
VERTEX
  5
309
330
300
100
AcDbEntity
  8
Muebles
 48
0.01
100
AcDbVertex
100
AcDb2dVertex
 10
45.92870167536975
 20
4.74569337344785
 30
0
 70
     8
 50
0
  0
VERTEX
  5
30A
330
300
100
AcDbEntity
  8
Muebles
 48
0.01
100
AcDbVertex
100
AcDb2dVertex
 10
45.93675496479645
 20
4.742439840992731
 30
0
 70
     8
 50
0
  0
VERTEX
  5
30B
330
300
100
AcDbEntity
  8
Muebles
 48
0.01
100
AcDbVertex
100
AcDb2dVertex
 10
45.94369387155265
 20
4.739514987009144
 30
0
 70
     8
 50
0
  0
VERTEX
  5
30C
330
300
100
AcDbEntity
  8
Muebles
 48
0.01
100
AcDbVertex
100
AcDb2dVertex
 10
45.94967222819182
 20
4.736915873243262
 30
0
 70
     8
 50
0
  0
VERTEX
  5
30D
330
300
100
AcDbEntity
  8
Muebles
 48
0.01
100
AcDbVertex
100
AcDb2dVertex
 10
45.95479284340385
 20
4.734597167148124
 30
0
 70
     8
 50
0
  0
VERTEX
  5
30E
330
300
100
AcDbEntity
  8
Muebles
 48
0.01
100
AcDbVertex
100
AcDb2dVertex
 10
45.95915852587834
 20
4.732513536175858
 30
0
 70
     8
 50
0
  0
VERTEX
  5
30F
330
300
100
AcDbEntity
  8
Muebles
 48
0.01
100
AcDbVertex
100
AcDb2dVertex
 10
45.96287208430496
 20
4.730619647779733
 30
0
 70
     8
 50
0
  0
VERTEX
  5
310
330
300
100
AcDbEntity
  8
Muebles
 48
0.01
100
AcDbVertex
100
AcDb2dVertex
 10
45.96603632737353
 20
4.728870169412104
 30
0
 70
     8
 50
0
  0
VERTEX
  5
311
330
300
100
AcDbEntity
  8
Muebles
 48
0.01
100
AcDbVertex
100
AcDb2dVertex
 10
45.96875406377373
 20
4.727219768525785
 30
0
 70
     8
 50
0
  0
VERTEX
  5
312
330
300
100
AcDbEntity
  8
Muebles
 48
0.01
100
AcDbVertex
100
AcDb2dVertex
 10
45.97112810219525
 20
4.725623112573587
 30
0
 70
     8
 50
0
  0
VERTEX
  5
313
330
300
100
AcDbEntity
  8
Muebles
 48
0.01
100
AcDbVertex
100
AcDb2dVertex
 10
45.9732471694775
 20
4.724043649457755
 30
0
 70
     8
 50
0
  0
VERTEX
  5
314
330
300
100
AcDbEntity
  8
Muebles
 48
0.01
100
AcDbVertex
100
AcDb2dVertex
 10
45.97514366505933
 20
4.72247994888032
 30
0
 70
     8
 50
0
  0
VERTEX
  5
315
330
300
100
AcDbEntity
  8
Muebles
 48
0.01
100
AcDbVertex
100
AcDb2dVertex
 10
45.97683590652863
 20
4.720939360992517
 30
0
 70
     8
 50
0
  0
VERTEX
  5
316
330
300
100
AcDbEntity
  8
Muebles
 48
0.01
100
AcDbVertex
100
AcDb2dVertex
 10
45.97834221147409
 20
4.719429235945583
 30
0
 70
     8
 50
0
  0
VERTEX
  5
317
330
300
100
AcDbEntity
  8
Muebles
 48
0.01
100
AcDbVertex
100
AcDb2dVertex
 10
45.97968089748392
 20
4.717956923891663
 30
0
 70
     8
 50
0
  0
VERTEX
  5
318
330
300
100
AcDbEntity
  8
Muebles
 48
0.01
100
AcDbVertex
100
AcDb2dVertex
 10
45.98087028214647
 20
4.716529774981538
 30
0
 70
     8
 50
0
  0
VERTEX
  5
319
330
300
100
AcDbEntity
  8
Muebles
 48
0.01
100
AcDbVertex
100
AcDb2dVertex
 10
45.98192868305009
 20
4.715155139367127
 30
0
 70
     8
 50
0
  0
VERTEX
  5
31A
330
300
100
AcDbEntity
  8
Muebles
 48
0.01
100
AcDbVertex
100
AcDb2dVertex
 10
45.98287441778288
 20
4.713840367199893
 30
0
 70
     8
 50
0
  0
VERTEX
  5
31B
330
300
100
AcDbEntity
  8
Muebles
 48
0.01
100
AcDbVertex
100
AcDb2dVertex
 10
45.98372291592008
 20
4.712590607982676
 30
0
 70
     8
 50
0
  0
VERTEX
  5
31C
330
300
100
AcDbEntity
  8
Muebles
 48
0.01
100
AcDbVertex
100
AcDb2dVertex
 10
45.98447805498299
 20
4.711402208624961
 30
0
 70
     8
 50
0
  0
VERTEX
  5
31D
330
300
100
AcDbEntity
  8
Muebles
 48
0.01
100
AcDbVertex
100
AcDb2dVertex
 10
45.98514082447932
 20
4.710269315387833
 30
0
 70
     8
 50
0
  0
VERTEX
  5
31E
330
300
100
AcDbEntity
  8
Muebles
 48
0.01
100
AcDbVertex
100
AcDb2dVertex
 10
45.98571221391703
 20
4.709186074532155
 30
0
 70
     8
 50
0
  0
VERTEX
  5
31F
330
300
100
AcDbEntity
  8
Muebles
 48
0.01
100
AcDbVertex
100
AcDb2dVertex
 10
45.98619321280407
 20
4.708146632319242
 30
0
 70
     8
 50
0
  0
VERTEX
  5
320
330
300
100
AcDbEntity
  8
Muebles
 48
0.01
100
AcDbVertex
100
AcDb2dVertex
 10
45.9865848106484
 20
4.707145135009497
 30
0
 70
     8
 50
0
  0
VERTEX
  5
321
330
300
100
AcDbEntity
  8
Muebles
 48
0.01
100
AcDbVertex
100
AcDb2dVertex
 10
45.98688799695785
 20
4.706175728864466
 30
0
 70
     8
 50
0
  0
VERTEX
  5
322
330
300
100
AcDbEntity
  8
Muebles
 48
0.01
100
AcDbVertex
100
AcDb2dVertex
 10
45.98710376124026
 20
4.705232560144779
 30
0
 70
     8
 50
0
  0
VERTEX
  5
323
330
300
100
AcDbEntity
  8
Muebles
 48
0.01
100
AcDbVertex
100
AcDb2dVertex
 10
45.98723173422761
 20
4.704310769830883
 30
0
 70
     8
 50
0
  0
VERTEX
  5
324
330
300
100
AcDbEntity
  8
Muebles
 48
0.01
100
AcDbVertex
100
AcDb2dVertex
 10
45.98726611154743
 20
4.703409477778834
 30
0
 70
     8
 50
0
  0
VERTEX
  5
325
330
300
100
AcDbEntity
  8
Muebles
 48
0.01
100
AcDbVertex
100
AcDb2dVertex
 10
45.9871997300514
 20
4.702528798564273
 30
0
 70
     8
 50
0
  0
VERTEX
  5
326
330
300
100
AcDbEntity
  8
Muebles
 48
0.01
100
AcDbVertex
100
AcDb2dVertex
 10
45.98702542659098
 20
4.701668846762843
 30
0
 70
     8
 50
0
  0
VERTEX
  5
327
330
300
100
AcDbEntity
  8
Muebles
 48
0.01
100
AcDbVertex
100
AcDb2dVertex
 10
45.98673603801794
 20
4.700829736949956
 30
0
 70
     8
 50
0
  0
VERTEX
  5
328
330
300
100
AcDbEntity
  8
Muebles
 48
0.01
100
AcDbVertex
100
AcDb2dVertex
 10
45.98632440118362
 20
4.700011583701254
 30
0
 70
     8
 50
0
  0
VERTEX
  5
329
330
300
100
AcDbEntity
  8
Muebles
 48
0.01
100
AcDbVertex
100
AcDb2dVertex
 10
45.98578335293982
 20
4.699214501592152
 30
0
 70
     8
 50
0
  0
VERTEX
  5
32A
330
300
100
AcDbEntity
  8
Muebles
 48
0.01
100
AcDbVertex
100
AcDb2dVertex
 10
45.98510573013809
 20
4.698438605198291
 30
0
 70
     8
 50
0
  0
VERTEX
  5
32B
330
300
100
AcDbEntity
  8
Muebles
 48
0.01
100
AcDbVertex
100
AcDb2dVertex
 10
45.98427211388807
 20
4.69768058930724
 30
0
 70
     8
 50
0
  0
VERTEX
  5
32C
330
300
100
AcDbEntity
  8
Muebles
 48
0.01
100
AcDbVertex
100
AcDb2dVertex
 10
45.98321406233205
 20
4.69692346955496
 30
0
 70
     8
 50
0
  0
VERTEX
  5
32D
330
300
100
AcDbEntity
  8
Muebles
 48
0.01
100
AcDbVertex
100
AcDb2dVertex
 10
45.98185087787064
 20
4.696146841789798
 30
0
 70
     8
 50
0
  0
VERTEX
  5
32E
330
300
100
AcDbEntity
  8
Muebles
 48
0.01
100
AcDbVertex
100
AcDb2dVertex
 10
45.98010186290432
 20
4.695330301860096
 30
0
 70
     8
 50
0
  0
VERTEX
  5
32F
330
300
100
AcDbEntity
  8
Muebles
 48
0.01
100
AcDbVertex
100
AcDb2dVertex
 10
45.97788631983346
 20
4.694453445613519
 30
0
 70
     8
 50
0
  0
VERTEX
  5
330
330
300
100
AcDbEntity
  8
Muebles
 48
0.01
100
AcDbVertex
100
AcDb2dVertex
 10
45.97512355105866
 20
4.693495868898864
 30
0
 70
     8
 50
0
  0
VERTEX
  5
331
330
300
100
AcDbEntity
  8
Muebles
 48
0.01
100
AcDbVertex
100
AcDb2dVertex
 10
45.97173285898029
 20
4.692437167564023
 30
0
 70
     8
 50
0
  0
VERTEX
  5
332
330
300
100
AcDbEntity
  8
Muebles
 48
0.01
100
AcDbVertex
100
AcDb2dVertex
 10
45.96763354599906
 20
4.691256937457112
 30
0
 70
     8
 50
0
  0
VERTEX
  5
333
330
300
100
AcDbEntity
  8
Muebles
 48
0.01
100
AcDbVertex
100
AcDb2dVertex
 10
45.88566073017645
 20
4.76294640350936
 30
0
 70
    16
 50
0
  0
VERTEX
  5
334
330
300
100
AcDbEntity
  8
Muebles
 48
0.01
100
AcDbVertex
100
AcDb2dVertex
 10
45.94809745873417
 20
4.738481731498425
 30
0
 70
    16
 50
0
  0
VERTEX
  5
335
330
300
100
AcDbEntity
  8
Muebles
 48
0.01
100
AcDbVertex
100
AcDb2dVertex
 10
45.97369758794409
 20
4.725533380448653
 30
0
 70
    16
 50
0
  0
VERTEX
  5
336
330
300
100
AcDbEntity
  8
Muebles
 48
0.01
100
AcDbVertex
100
AcDb2dVertex
 10
45.98388080266076
 20
4.713123422148712
 30
0
 70
    16
 50
0
  0
VERTEX
  5
337
330
300
100
AcDbEntity
  8
Muebles
 48
0.01
100
AcDbVertex
100
AcDb2dVertex
 10
45.98802570811026
 20
4.70501513415563
 30
0
 70
    16
 50
0
  0
VERTEX
  5
338
330
300
100
AcDbEntity
  8
Muebles
 48
0.01
100
AcDbVertex
100
AcDb2dVertex
 10
45.98663893233956
 20
4.698211402097442
 30
0
 70
    16
 50
0
  0
VERTEX
  5
339
330
300
100
AcDbEntity
  8
Muebles
 48
0.01
100
AcDbVertex
100
AcDb2dVertex
 10
45.97958160635287
 20
4.694584393128636
 30
0
 70
    16
 50
0
  0
VERTEX
  5
33A
330
300
100
AcDbEntity
  8
Muebles
 48
0.01
100
AcDbVertex
100
AcDb2dVertex
 10
45.96763354599906
 20
4.691256937457112
 30
0
 70
    16
 50
0
  0
SEQEND
  5
33B
330
300
100
AcDbEntity
  8
Muebles
 48
0.01
  0
POLYLINE
  5
33C
330
28F
100
AcDbEntity
  8
Muebles
 48
0.01
100
AcDb2dPolyline
 66
     1
 70
     4
 75
     6
 10
0
 20
0
 30
0
 40
0
 41
0
  0
VERTEX
  5
33D
330
33C
100
AcDbEntity
  8
Muebles
 48
0.01
100
AcDbVertex
100
AcDb2dVertex
 10
46.02344298111583
 20
4.72143965947491
 30
0
 70
    16
 50
0
  0
VERTEX
  5
33E
330
33C
100
AcDbEntity
  8
Muebles
 48
0.01
100
AcDbVertex
100
AcDb2dVertex
 10
46.02344298111583
 20
4.72143965947491
 30
0
 70
     8
 50
0
  0
VERTEX
  5
33F
330
33C
100
AcDbEntity
  8
Muebles
 48
0.01
100
AcDbVertex
100
AcDb2dVertex
 10
46.0327908194441
 20
4.701835027144327
 30
0
 70
     8
 50
0
  0
VERTEX
  5
340
330
33C
100
AcDbEntity
  8
Muebles
 48
0.01
100
AcDbVertex
100
AcDb2dVertex
 10
46.03999616708333
 20
4.684670699501723
 30
0
 70
     8
 50
0
  0
VERTEX
  5
341
330
33C
100
AcDbEntity
  8
Muebles
 48
0.01
100
AcDbVertex
100
AcDb2dVertex
 10
46.04536427295906
 20
4.669571666760405
 30
0
 70
     8
 50
0
  0
VERTEX
  5
342
330
33C
100
AcDbEntity
  8
Muebles
 48
0.01
100
AcDbVertex
100
AcDb2dVertex
 10
46.04920038599684
 20
4.656162919132996
 30
0
 70
     8
 50
0
  0
VERTEX
  5
343
330
33C
100
AcDbEntity
  8
Muebles
 48
0.01
100
AcDbVertex
100
AcDb2dVertex
 10
46.05180975512198
 20
4.64406944683212
 30
0
 70
     8
 50
0
  0
VERTEX
  5
344
330
33C
100
AcDbEntity
  8
Muebles
 48
0.01
100
AcDbVertex
100
AcDb2dVertex
 10
46.05349762926036
 20
4.632916240070628
 30
0
 70
     8
 50
0
  0
VERTEX
  5
345
330
33C
100
AcDbEntity
  8
Muebles
 48
0.01
100
AcDbVertex
100
AcDb2dVertex
 10
46.05456925733731
 20
4.622328289061372
 30
0
 70
     8
 50
0
  0
VERTEX
  5
346
330
33C
100
AcDbEntity
  8
Muebles
 48
0.01
100
AcDbVertex
100
AcDb2dVertex
 10
46.05532988827835
 20
4.611930584017202
 30
0
 70
     8
 50
0
  0
VERTEX
  5
347
330
33C
100
AcDbEntity
  8
Muebles
 48
0.01
100
AcDbVertex
100
AcDb2dVertex
 10
46.05602994020816
 20
4.601401909186436
 30
0
 70
     8
 50
0
  0
VERTEX
  5
348
330
33C
100
AcDbEntity
  8
Muebles
 48
0.01
100
AcDbVertex
100
AcDb2dVertex
 10
46.05670050804733
 20
4.590636224959255
 30
0
 70
     8
 50
0
  0
VERTEX
  5
349
330
33C
100
AcDbEntity
  8
Muebles
 48
0.01
100
AcDbVertex
100
AcDb2dVertex
 10
46.05731785591533
 20
4.579581285761535
 30
0
 70
     8
 50
0
  0
VERTEX
  5
34A
330
33C
100
AcDbEntity
  8
Muebles
 48
0.01
100
AcDbVertex
100
AcDb2dVertex
 10
46.05785824793188
 20
4.568184846019605
 30
0
 70
     8
 50
0
  0
VERTEX
  5
34B
330
33C
100
AcDbEntity
  8
Muebles
 48
0.01
100
AcDbVertex
100
AcDb2dVertex
 10
46.05829794821679
 20
4.556394660158887
 30
0
 70
     8
 50
0
  0
VERTEX
  5
34C
330
33C
100
AcDbEntity
  8
Muebles
 48
0.01
100
AcDbVertex
100
AcDb2dVertex
 10
46.05861322088933
 20
4.544158482605255
 30
0
 70
     8
 50
0
  0
VERTEX
  5
34D
330
33C
100
AcDbEntity
  8
Muebles
 48
0.01
100
AcDbVertex
100
AcDb2dVertex
 10
46.05878033006942
 20
4.531424067784812
 30
0
 70
     8
 50
0
  0
VERTEX
  5
34E
330
33C
100
AcDbEntity
  8
Muebles
 48
0.01
100
AcDbVertex
100
AcDb2dVertex
 10
46.05877553987656
 20
4.518139170123433
 30
0
 70
     8
 50
0
  0
VERTEX
  5
34F
330
33C
100
AcDbEntity
  8
Muebles
 48
0.01
100
AcDbVertex
100
AcDb2dVertex
 10
46.05858140895381
 20
4.504295633000922
 30
0
 70
     8
 50
0
  0
VERTEX
  5
350
330
33C
100
AcDbEntity
  8
Muebles
 48
0.01
100
AcDbVertex
100
AcDb2dVertex
 10
46.0582056740387
 20
4.490061655613474
 30
0
 70
     8
 50
0
  0
VERTEX
  5
351
330
33C
100
AcDbEntity
  8
Muebles
 48
0.01
100
AcDbVertex
100
AcDb2dVertex
 10
46.05766236639201
 20
4.47564952611053
 30
0
 70
     8
 50
0
  0
VERTEX
  5
352
330
33C
100
AcDbEntity
  8
Muebles
 48
0.01
100
AcDbVertex
100
AcDb2dVertex
 10
46.05696551727473
 20
4.461271532642215
 30
0
 70
     8
 50
0
  0
VERTEX
  5
353
330
33C
100
AcDbEntity
  8
Muebles
 48
0.01
100
AcDbVertex
100
AcDb2dVertex
 10
46.05612915794765
 20
4.447139963358424
 30
0
 70
     8
 50
0
  0
VERTEX
  5
354
330
33C
100
AcDbEntity
  8
Muebles
 48
0.01
100
AcDbVertex
100
AcDb2dVertex
 10
46.05516731967165
 20
4.433467106409282
 30
0
 70
     8
 50
0
  0
VERTEX
  5
355
330
33C
100
AcDbEntity
  8
Muebles
 48
0.01
100
AcDbVertex
100
AcDb2dVertex
 10
46.05409403370763
 20
4.420465249944456
 30
0
 70
     8
 50
0
  0
VERTEX
  5
356
330
33C
100
AcDbEntity
  8
Muebles
 48
0.01
100
AcDbVertex
100
AcDb2dVertex
 10
46.05292333131646
 20
4.408346682113844
 30
0
 70
     8
 50
0
  0
VERTEX
  5
357
330
33C
100
AcDbEntity
  8
Muebles
 48
0.01
100
AcDbVertex
100
AcDb2dVertex
 10
46.05166801475988
 20
4.397274918742752
 30
0
 70
     8
 50
0
  0
VERTEX
  5
358
330
33C
100
AcDbEntity
  8
Muebles
 48
0.01
100
AcDbVertex
100
AcDb2dVertex
 10
46.05033597030396
 20
4.387218386355855
 30
0
 70
     8
 50
0
  0
VERTEX
  5
359
330
33C
100
AcDbEntity
  8
Muebles
 48
0.01
100
AcDbVertex
100
AcDb2dVertex
 10
46.04893385521504
 20
4.37809673915369
 30
0
 70
     8
 50
0
  0
VERTEX
  5
35A
330
33C
100
AcDbEntity
  8
Muebles
 48
0.01
100
AcDbVertex
100
AcDb2dVertex
 10
46.04746832675991
 20
4.369829631336344
 30
0
 70
     8
 50
0
  0
VERTEX
  5
35B
330
33C
100
AcDbEntity
  8
Muebles
 48
0.01
100
AcDbVertex
100
AcDb2dVertex
 10
46.04594604220526
 20
4.362336717103901
 30
0
 70
     8
 50
0
  0
VERTEX
  5
35C
330
33C
100
AcDbEntity
  8
Muebles
 48
0.01
100
AcDbVertex
100
AcDb2dVertex
 10
46.04437365881776
 20
4.355537650656672
 30
0
 70
     8
 50
0
  0
VERTEX
  5
35D
330
33C
100
AcDbEntity
  8
Muebles
 48
0.01
100
AcDbVertex
100
AcDb2dVertex
 10
46.04275783386421
 20
4.349352086194742
 30
0
 70
     8
 50
0
  0
VERTEX
  5
35E
330
33C
100
AcDbEntity
  8
Muebles
 48
0.01
100
AcDbVertex
100
AcDb2dVertex
 10
46.04110522461119
 20
4.343699677918423
 30
0
 70
     8
 50
0
  0
VERTEX
  5
35F
330
33C
100
AcDbEntity
  8
Muebles
 48
0.01
100
AcDbVertex
100
AcDb2dVertex
 10
46.03941850676856
 20
4.33850561717729
 30
0
 70
     8
 50
0
  0
VERTEX
  5
360
330
33C
100
AcDbEntity
  8
Muebles
 48
0.01
100
AcDbVertex
100
AcDb2dVertex
 10
46.03768442981854
 20
4.333717243919565
 30
0
 70
     8
 50
0
  0
VERTEX
  5
361
330
33C
100
AcDbEntity
  8
Muebles
 48
0.01
100
AcDbVertex
100
AcDb2dVertex
 10
46.03588576168622
 20
4.329287435242961
 30
0
 70
     8
 50
0
  0
VERTEX
  5
362
330
33C
100
AcDbEntity
  8
Muebles
 48
0.01
100
AcDbVertex
100
AcDb2dVertex
 10
46.03400527029711
 20
4.325169068244961
 30
0
 70
     8
 50
0
  0
VERTEX
  5
363
330
33C
100
AcDbEntity
  8
Muebles
 48
0.01
100
AcDbVertex
100
AcDb2dVertex
 10
46.03202572357631
 20
4.321315020023277
 30
0
 70
     8
 50
0
  0
VERTEX
  5
364
330
33C
100
AcDbEntity
  8
Muebles
 48
0.01
100
AcDbVertex
100
AcDb2dVertex
 10
46.02992988944933
 20
4.317678167675624
 30
0
 70
     8
 50
0
  0
VERTEX
  5
365
330
33C
100
AcDbEntity
  8
Muebles
 48
0.01
100
AcDbVertex
100
AcDb2dVertex
 10
46.02770053584149
 20
4.314211388299711
 30
0
 70
     8
 50
0
  0
VERTEX
  5
366
330
33C
100
AcDbEntity
  8
Muebles
 48
0.01
100
AcDbVertex
100
AcDb2dVertex
 10
46.02532043067785
 20
4.310867558993024
 30
0
 70
     8
 50
0
  0
VERTEX
  5
367
330
33C
100
AcDbEntity
  8
Muebles
 48
0.01
100
AcDbVertex
100
AcDb2dVertex
 10
46.02277412674252
 20
4.307609025167878
 30
0
 70
     8
 50
0
  0
VERTEX
  5
368
330
33C
100
AcDbEntity
  8
Muebles
 48
0.01
100
AcDbVertex
100
AcDb2dVertex
 10
46.02005331625455
 20
4.304436005493855
 30
0
 70
     8
 50
0
  0
VERTEX
  5
369
330
33C
100
AcDbEntity
  8
Muebles
 48
0.01
100
AcDbVertex
100
AcDb2dVertex
 10
46.01715147629201
 20
4.301358186955596
 30
0
 70
     8
 50
0
  0
VERTEX
  5
36A
330
33C
100
AcDbEntity
  8
Muebles
 48
0.01
100
AcDbVertex
100
AcDb2dVertex
 10
46.01406208393254
 20
4.298385256537514
 30
0
 70
     8
 50
0
  0
VERTEX
  5
36B
330
33C
100
AcDbEntity
  8
Muebles
 48
0.01
100
AcDbVertex
100
AcDb2dVertex
 10
46.01077861625399
 20
4.295526901223795
 30
0
 70
     8
 50
0
  0
VERTEX
  5
36C
330
33C
100
AcDbEntity
  8
Muebles
 48
0.01
100
AcDbVertex
100
AcDb2dVertex
 10
46.00729455033419
 20
4.292792807998623
 30
0
 70
     8
 50
0
  0
VERTEX
  5
36D
330
33C
100
AcDbEntity
  8
Muebles
 48
0.01
100
AcDbVertex
100
AcDb2dVertex
 10
46.00360336325113
 20
4.290192663846639
 30
0
 70
     8
 50
0
  0
VERTEX
  5
36E
330
33C
100
AcDbEntity
  8
Muebles
 48
0.01
100
AcDbVertex
100
AcDb2dVertex
 10
45.99969853208242
 20
4.287736155752029
 30
0
 70
     8
 50
0
  0
VERTEX
  5
36F
330
33C
100
AcDbEntity
  8
Muebles
 48
0.01
100
AcDbVertex
100
AcDb2dVertex
 10
45.99557504962897
 20
4.285429623684351
 30
0
 70
     8
 50
0
  0
VERTEX
  5
370
330
33C
100
AcDbEntity
  8
Muebles
 48
0.01
100
AcDbVertex
100
AcDb2dVertex
 10
45.99123397158323
 20
4.283266019552386
 30
0
 70
     8
 50
0
  0
VERTEX
  5
371
330
33C
100
AcDbEntity
  8
Muebles
 48
0.01
100
AcDbVertex
100
AcDb2dVertex
 10
45.98667786936105
 20
4.281234948250287
 30
0
 70
     8
 50
0
  0
VERTEX
  5
372
330
33C
100
AcDbEntity
  8
Muebles
 48
0.01
100
AcDbVertex
100
AcDb2dVertex
 10
45.9819093143777
 20
4.279326014672435
 30
0
 70
     8
 50
0
  0
VERTEX
  5
373
330
33C
100
AcDbEntity
  8
Muebles
 48
0.01
100
AcDbVertex
100
AcDb2dVertex
 10
45.97693087804882
 20
4.277528823712757
 30
0
 70
     8
 50
0
  0
VERTEX
  5
374
330
33C
100
AcDbEntity
  8
Muebles
 48
0.01
100
AcDbVertex
100
AcDb2dVertex
 10
45.97174513179002
 20
4.275832980265179
 30
0
 70
     8
 50
0
  0
VERTEX
  5
375
330
33C
100
AcDbEntity
  8
Muebles
 48
0.01
100
AcDbVertex
100
AcDb2dVertex
 10
45.9663546470168
 20
4.274228089224081
 30
0
 70
     8
 50
0
  0
VERTEX
  5
376
330
33C
100
AcDbEntity
  8
Muebles
 48
0.01
100
AcDbVertex
100
AcDb2dVertex
 10
45.96076199514479
 20
4.272703755483391
 30
0
 70
     8
 50
0
  0
VERTEX
  5
377
330
33C
100
AcDbEntity
  8
Muebles
 48
0.01
100
AcDbVertex
100
AcDb2dVertex
 10
45.95496299381441
 20
4.271250963211216
 30
0
 70
     8
 50
0
  0
VERTEX
  5
378
330
33C
100
AcDbEntity
  8
Muebles
 48
0.01
100
AcDbVertex
100
AcDb2dVertex
 10
45.94892644556612
 20
4.269866213671705
 30
0
 70
     8
 50
0
  0
VERTEX
  5
379
330
33C
100
AcDbEntity
  8
Muebles
 48
0.01
100
AcDbVertex
100
AcDb2dVertex
 10
45.94261439916554
 20
4.268547387402279
 30
0
 70
     8
 50
0
  0
VERTEX
  5
37A
330
33C
100
AcDbEntity
  8
Muebles
 48
0.01
100
AcDbVertex
100
AcDb2dVertex
 10
45.93598890337816
 20
4.26729236494127
 30
0
 70
     8
 50
0
  0
VERTEX
  5
37B
330
33C
100
AcDbEntity
  8
Muebles
 48
0.01
100
AcDbVertex
100
AcDb2dVertex
 10
45.92901200696915
 20
4.266099026826325
 30
0
 70
     8
 50
0
  0
VERTEX
  5
37C
330
33C
100
AcDbEntity
  8
Muebles
 48
0.01
100
AcDbVertex
100
AcDb2dVertex
 10
45.92164575870444
 20
4.264965253595548
 30
0
 70
     8
 50
0
  0
VERTEX
  5
37D
330
33C
100
AcDbEntity
  8
Muebles
 48
0.01
100
AcDbVertex
100
AcDb2dVertex
 10
45.91385220734921
 20
4.263888925786816
 30
0
 70
     8
 50
0
  0
VERTEX
  5
37E
330
33C
100
AcDbEntity
  8
Muebles
 48
0.01
100
AcDbVertex
100
AcDb2dVertex
 10
45.90559340166905
 20
4.262867923937776
 30
0
 70
     8
 50
0
  0
VERTEX
  5
37F
330
33C
100
AcDbEntity
  8
Muebles
 48
0.01
100
AcDbVertex
100
AcDb2dVertex
 10
45.89681184681248
 20
4.261903833490052
 30
0
 70
     8
 50
0
  0
VERTEX
  5
380
330
33C
100
AcDbEntity
  8
Muebles
 48
0.01
100
AcDbVertex
100
AcDb2dVertex
 10
45.8873718734603
 20
4.261013059497529
 30
0
 70
     8
 50
0
  0
VERTEX
  5
381
330
33C
100
AcDbEntity
  8
Muebles
 48
0.01
100
AcDbVertex
100
AcDb2dVertex
 10
45.87711826867653
 20
4.260215711918065
 30
0
 70
     8
 50
0
  0
VERTEX
  5
382
330
33C
100
AcDbEntity
  8
Muebles
 48
0.01
100
AcDbVertex
100
AcDb2dVertex
 10
45.86589581952498
 20
4.259531900708836
 30
0
 70
     8
 50
0
  0
VERTEX
  5
383
330
33C
100
AcDbEntity
  8
Muebles
 48
0.01
100
AcDbVertex
100
AcDb2dVertex
 10
45.85354931306981
 20
4.258981735827703
 30
0
 70
     8
 50
0
  0
VERTEX
  5
384
330
33C
100
AcDbEntity
  8
Muebles
 48
0.01
100
AcDbVertex
100
AcDb2dVertex
 10
45.8399235363747
 20
4.258585327232069
 30
0
 70
     8
 50
0
  0
VERTEX
  5
385
330
33C
100
AcDbEntity
  8
Muebles
 48
0.01
100
AcDbVertex
100
AcDb2dVertex
 10
45.82486327650381
 20
4.258362784879566
 30
0
 70
     8
 50
0
  0
VERTEX
  5
386
330
33C
100
AcDbEntity
  8
Muebles
 48
0.01
100
AcDbVertex
100
AcDb2dVertex
 10
45.80821332052082
 20
4.258334218727597
 30
0
 70
     8
 50
0
  0
VERTEX
  5
387
330
33C
100
AcDbEntity
  8
Muebles
 48
0.01
100
AcDbVertex
100
AcDb2dVertex
 10
46.05149853662166
 20
4.665573558309163
 30
0
 70
    16
 50
0
  0
VERTEX
  5
388
330
33C
100
AcDbEntity
  8
Muebles
 48
0.01
100
AcDbVertex
100
AcDb2dVertex
 10
46.05539120252169
 20
4.61390139812049
 30
0
 70
    16
 50
0
  0
VERTEX
  5
389
330
33C
100
AcDbEntity
  8
Muebles
 48
0.01
100
AcDbVertex
100
AcDb2dVertex
 10
46.06086231591186
 20
4.524568273217866
 30
0
 70
    16
 50
0
  0
VERTEX
  5
38A
330
33C
100
AcDbEntity
  8
Muebles
 48
0.01
100
AcDbVertex
100
AcDb2dVertex
 10
46.05381277308979
 20
4.396660529748644
 30
0
 70
    16
 50
0
  0
VERTEX
  5
38B
330
33C
100
AcDbEntity
  8
Muebles
 48
0.01
100
AcDbVertex
100
AcDb2dVertex
 10
46.0414265796272
 20
4.338869700470852
 30
0
 70
    16
 50
0
  0
VERTEX
  5
38C
330
33C
100
AcDbEntity
  8
Muebles
 48
0.01
100
AcDbVertex
100
AcDb2dVertex
 10
46.02711225606865
 20
4.310058735878712
 30
0
 70
    16
 50
0
  0
VERTEX
  5
38D
330
33C
100
AcDbEntity
  8
Muebles
 48
0.01
100
AcDbVertex
100
AcDb2dVertex
 10
46.00204698016475
 20
4.286100709973127
 30
0
 70
    16
 50
0
  0
VERTEX
  5
38E
330
33C
100
AcDbEntity
  8
Muebles
 48
0.01
100
AcDbVertex
100
AcDb2dVertex
 10
45.96289101576676
 20
4.271955358741636
 30
0
 70
    16
 50
0
  0
VERTEX
  5
38F
330
33C
100
AcDbEntity
  8
Muebles
 48
0.01
100
AcDbVertex
100
AcDb2dVertex
 10
45.91096092763686
 20
4.262300387961133
 30
0
 70
    16
 50
0
  0
VERTEX
  5
390
330
33C
100
AcDbEntity
  8
Muebles
 48
0.01
100
AcDbVertex
100
AcDb2dVertex
 10
45.85487076501235
 20
4.25813388468093
 30
0
 70
    16
 50
0
  0
VERTEX
  5
391
330
33C
100
AcDbEntity
  8
Muebles
 48
0.01
100
AcDbVertex
100
AcDb2dVertex
 10
45.80821332052082
 20
4.258334218727597
 30
0
 70
    16
 50
0
  0
SEQEND
  5
392
330
33C
100
AcDbEntity
  8
Muebles
 48
0.01
  0
POLYLINE
  5
393
330
28F
100
AcDbEntity
  8
Muebles
 48
0.01
100
AcDb2dPolyline
 66
     1
 70
     4
 75
     6
 10
0
 20
0
 30
0
 40
0
 41
0
  0
VERTEX
  5
394
330
393
100
AcDbEntity
  8
Muebles
 48
0.01
100
AcDbVertex
100
AcDb2dVertex
 10
46.05483909221479
 20
4.618639688828509
 30
0
 70
    16
 50
0
  0
VERTEX
  5
395
330
393
100
AcDbEntity
  8
Muebles
 48
0.01
100
AcDbVertex
100
AcDb2dVertex
 10
46.05483909221479
 20
4.618639688828509
 30
0
 70
     8
 50
0
  0
VERTEX
  5
396
330
393
100
AcDbEntity
  8
Muebles
 48
0.01
100
AcDbVertex
100
AcDb2dVertex
 10
46.05432325469141
 20
4.641606874115197
 30
0
 70
     8
 50
0
  0
VERTEX
  5
397
330
393
100
AcDbEntity
  8
Muebles
 48
0.01
100
AcDbVertex
100
AcDb2dVertex
 10
46.05419127082197
 20
4.659440984113573
 30
0
 70
     8
 50
0
  0
VERTEX
  5
398
330
393
100
AcDbEntity
  8
Muebles
 48
0.01
100
AcDbVertex
100
AcDb2dVertex
 10
46.05438173813113
 20
4.672837842507917
 30
0
 70
     8
 50
0
  0
VERTEX
  5
399
330
393
100
AcDbEntity
  8
Muebles
 48
0.01
100
AcDbVertex
100
AcDb2dVertex
 10
46.05483325414329
 20
4.682493272982512
 30
0
 70
     8
 50
0
  0
VERTEX
  5
39A
330
393
100
AcDbEntity
  8
Muebles
 48
0.01
100
AcDbVertex
100
AcDb2dVertex
 10
46.05548441638334
 20
4.689103099221867
 30
0
 70
     8
 50
0
  0
VERTEX
  5
39B
330
393
100
AcDbEntity
  8
Muebles
 48
0.01
100
AcDbVertex
100
AcDb2dVertex
 10
46.05627382237569
 20
4.69336314490981
 30
0
 70
     8
 50
0
  0
VERTEX
  5
39C
330
393
100
AcDbEntity
  8
Muebles
 48
0.01
100
AcDbVertex
100
AcDb2dVertex
 10
46.05714006964499
 20
4.695969233730622
 30
0
 70
     8
 50
0
  0
VERTEX
  5
39D
330
393
100
AcDbEntity
  8
Muebles
 48
0.01
100
AcDbVertex
100
AcDb2dVertex
 10
46.05802175571588
 20
4.697617189368586
 30
0
 70
     8
 50
0
  0
VERTEX
  5
39E
330
393
100
AcDbEntity
  8
Muebles
 48
0.01
100
AcDbVertex
100
AcDb2dVertex
 10
46.05888165363316
 20
4.698891767161214
 30
0
 70
     8
 50
0
  0
VERTEX
  5
39F
330
393
100
AcDbEntity
  8
Muebles
 48
0.01
100
AcDbVertex
100
AcDb2dVertex
 10
46.05977923852228
 20
4.699933449058037
 30
0
 70
     8
 50
0
  0
VERTEX
  5
3A0
330
393
100
AcDbEntity
  8
Muebles
 48
0.01
100
AcDbVertex
100
AcDb2dVertex
 10
46.06079816102906
 20
4.700771648662268
 30
0
 70
     8
 50
0
  0
VERTEX
  5
3A1
330
393
100
AcDbEntity
  8
Muebles
 48
0.01
100
AcDbVertex
100
AcDb2dVertex
 10
46.06202207179908
 20
4.701435779577125
 30
0
 70
     8
 50
0
  0
VERTEX
  5
3A2
330
393
100
AcDbEntity
  8
Muebles
 48
0.01
100
AcDbVertex
100
AcDb2dVertex
 10
46.06353462147817
 20
4.701955255405139
 30
0
 70
     8
 50
0
  0
VERTEX
  5
3A3
330
393
100
AcDbEntity
  8
Muebles
 48
0.01
100
AcDbVertex
100
AcDb2dVertex
 10
46.06541946071204
 20
4.702359489749753
 30
0
 70
     8
 50
0
  0
VERTEX
  5
3A4
330
393
100
AcDbEntity
  8
Muebles
 48
0.01
100
AcDbVertex
100
AcDb2dVertex
 10
46.06776024014638
 20
4.702677896213956
 30
0
 70
     8
 50
0
  0
VERTEX
  5
3A5
330
393
100
AcDbEntity
  8
Muebles
 48
0.01
100
AcDbVertex
100
AcDb2dVertex
 10
46.07064061042681
 20
4.702939888400508
 30
0
 70
     8
 50
0
  0
VERTEX
  5
3A6
330
393
100
AcDbEntity
  8
Muebles
 48
0.01
100
AcDbVertex
100
AcDb2dVertex
 10
46.07410491130085
 20
4.703169393534083
 30
0
 70
     8
 50
0
  0
VERTEX
  5
3A7
330
393
100
AcDbEntity
  8
Muebles
 48
0.01
100
AcDbVertex
100
AcDb2dVertex
 10
46.07804023892331
 20
4.703368393325874
 30
0
 70
     8
 50
0
  0
VERTEX
  5
3A8
330
393
100
AcDbEntity
  8
Muebles
 48
0.01
100
AcDbVertex
100
AcDb2dVertex
 10
46.08229437855059
 20
4.703533383108535
 30
0
 70
     8
 50
0
  0
VERTEX
  5
3A9
330
393
100
AcDbEntity
  8
Muebles
 48
0.01
100
AcDbVertex
100
AcDb2dVertex
 10
46.08671511543898
 20
4.703660858214718
 30
0
 70
     8
 50
0
  0
VERTEX
  5
3AA
330
393
100
AcDbEntity
  8
Muebles
 48
0.01
100
AcDbVertex
100
AcDb2dVertex
 10
46.09115023484512
 20
4.703747313976848
 30
0
 70
     8
 50
0
  0
VERTEX
  5
3AB
330
393
100
AcDbEntity
  8
Muebles
 48
0.01
100
AcDbVertex
100
AcDb2dVertex
 10
46.0954475220253
 20
4.703789245727805
 30
0
 70
     8
 50
0
  0
VERTEX
  5
3AC
330
393
100
AcDbEntity
  8
Muebles
 48
0.01
100
AcDbVertex
100
AcDb2dVertex
 10
46.09945476223615
 20
4.703783148800241
 30
0
 70
     8
 50
0
  0
VERTEX
  5
3AD
330
393
100
AcDbEntity
  8
Muebles
 48
0.01
100
AcDbVertex
100
AcDb2dVertex
 10
46.10301974073386
 20
4.703725518526582
 30
0
 70
     8
 50
0
  0
VERTEX
  5
3AE
330
393
100
AcDbEntity
  8
Muebles
 48
0.01
100
AcDbVertex
100
AcDb2dVertex
 10
46.10602764794336
 20
4.703613242827416
 30
0
 70
     8
 50
0
  0
VERTEX
  5
3AF
330
393
100
AcDbEntity
  8
Muebles
 48
0.01
100
AcDbVertex
100
AcDb2dVertex
 10
46.10851329496185
 20
4.703444779973708
 30
0
 70
     8
 50
0
  0
VERTEX
  5
3B0
330
393
100
AcDbEntity
  8
Muebles
 48
0.01
100
AcDbVertex
100
AcDb2dVertex
 10
46.11054889805482
 20
4.70321898082436
 30
0
 70
     8
 50
0
  0
VERTEX
  5
3B1
330
393
100
AcDbEntity
  8
Muebles
 48
0.01
100
AcDbVertex
100
AcDb2dVertex
 10
46.11220667348786
 20
4.702934696238046
 30
0
 70
     8
 50
0
  0
VERTEX
  5
3B2
330
393
100
AcDbEntity
  8
Muebles
 48
0.01
100
AcDbVertex
100
AcDb2dVertex
 10
46.11355883752648
 20
4.702590777073439
 30
0
 70
     8
 50
0
  0
VERTEX
  5
3B3
330
393
100
AcDbEntity
  8
Muebles
 48
0.01
100
AcDbVertex
100
AcDb2dVertex
 10
46.11467760643617
 20
4.702186074189441
 30
0
 70
     8
 50
0
  0
VERTEX
  5
3B4
330
393
100
AcDbEntity
  8
Muebles
 48
0.01
100
AcDbVertex
100
AcDb2dVertex
 10
46.11563519648254
 20
4.701719438444954
 30
0
 70
     8
 50
0
  0
VERTEX
  5
3B5
330
393
100
AcDbEntity
  8
Muebles
 48
0.01
100
AcDbVertex
100
AcDb2dVertex
 10
46.11650382393108
 20
4.70118972069865
 30
0
 70
     8
 50
0
  0
VERTEX
  5
3B6
330
393
100
AcDbEntity
  8
Muebles
 48
0.01
100
AcDbVertex
100
AcDb2dVertex
 10
46.1173428188774
 20
4.700596431222422
 30
0
 70
     8
 50
0
  0
VERTEX
  5
3B7
330
393
100
AcDbEntity
  8
Muebles
 48
0.01
100
AcDbVertex
100
AcDb2dVertex
 10
46.11815996673781
 20
4.699941717941712
 30
0
 70
     8
 50
0
  0
VERTEX
  5
3B8
330
393
100
AcDbEntity
  8
Muebles
 48
0.01
100
AcDbVertex
100
AcDb2dVertex
 10
46.11895016675848
 20
4.699228388194953
 30
0
 70
     8
 50
0
  0
VERTEX
  5
3B9
330
393
100
AcDbEntity
  8
Muebles
 48
0.01
100
AcDbVertex
100
AcDb2dVertex
 10
46.11970831818607
 20
4.698459249320578
 30
0
 70
     8
 50
0
  0
VERTEX
  5
3BA
330
393
100
AcDbEntity
  8
Muebles
 48
0.01
100
AcDbVertex
100
AcDb2dVertex
 10
46.12042932026665
 20
4.697637108657247
 30
0
 70
     8
 50
0
  0
VERTEX
  5
3BB
330
393
100
AcDbEntity
  8
Muebles
 48
0.01
100
AcDbVertex
100
AcDb2dVertex
 10
46.12110807224676
 20
4.696764773543165
 30
0
 70
     8
 50
0
  0
VERTEX
  5
3BC
330
393
100
AcDbEntity
  8
Muebles
 48
0.01
100
AcDbVertex
100
AcDb2dVertex
 10
46.12173947337246
 20
4.695845051316994
 30
0
 70
     8
 50
0
  0
VERTEX
  5
3BD
330
393
100
AcDbEntity
  8
Muebles
 48
0.01
100
AcDbVertex
100
AcDb2dVertex
 10
46.12231842289052
 20
4.694880749317392
 30
0
 70
     8
 50
0
  0
VERTEX
  5
3BE
330
393
100
AcDbEntity
  8
Muebles
 48
0.01
100
AcDbVertex
100
AcDb2dVertex
 10
46.12284175406384
 20
4.693783654034334
 30
0
 70
     8
 50
0
  0
VERTEX
  5
3BF
330
393
100
AcDbEntity
  8
Muebles
 48
0.01
100
AcDbVertex
100
AcDb2dVertex
 10
46.12331403622269
 20
4.692101468564644
 30
0
 70
     8
 50
0
  0
VERTEX
  5
3C0
330
393
100
AcDbEntity
  8
Muebles
 48
0.01
100
AcDbVertex
100
AcDb2dVertex
 10
46.1237417727144
 20
4.689290875156914
 30
0
 70
     8
 50
0
  0
VERTEX
  5
3C1
330
393
100
AcDbEntity
  8
Muebles
 48
0.01
100
AcDbVertex
100
AcDb2dVertex
 10
46.12413146688604
 20
4.684808556059053
 30
0
 70
     8
 50
0
  0
VERTEX
  5
3C2
330
393
100
AcDbEntity
  8
Muebles
 48
0.01
100
AcDbVertex
100
AcDb2dVertex
 10
46.12448962208495
 20
4.678111193519882
 30
0
 70
     8
 50
0
  0
VERTEX
  5
3C3
330
393
100
AcDbEntity
  8
Muebles
 48
0.01
100
AcDbVertex
100
AcDb2dVertex
 10
46.12482274165799
 20
4.668655469787765
 30
0
 70
     8
 50
0
  0
VERTEX
  5
3C4
330
393
100
AcDbEntity
  8
Muebles
 48
0.01
100
AcDbVertex
100
AcDb2dVertex
 10
46.12513732895249
 20
4.655898067111067
 30
0
 70
     8
 50
0
  0
VERTEX
  5
3C5
330
393
100
AcDbEntity
  8
Muebles
 48
0.01
100
AcDbVertex
100
AcDb2dVertex
 10
46.12543988731554
 20
4.639295667738153
 30
0
 70
     8
 50
0
  0
VERTEX
  5
3C6
330
393
100
AcDbEntity
  8
Muebles
 48
0.01
100
AcDbVertex
100
AcDb2dVertex
 10
46.12573469954768
 20
4.618577946991692
 30
0
 70
     8
 50
0
  0
VERTEX
  5
3C7
330
393
100
AcDbEntity
  8
Muebles
 48
0.01
100
AcDbVertex
100
AcDb2dVertex
 10
46.12601716626236
 20
4.594566552492026
 30
0
 70
     8
 50
0
  0
VERTEX
  5
3C8
330
393
100
AcDbEntity
  8
Muebles
 48
0.01
100
AcDbVertex
100
AcDb2dVertex
 10
46.12628046752613
 20
4.568356124933572
 30
0
 70
     8
 50
0
  0
VERTEX
  5
3C9
330
393
100
AcDbEntity
  8
Muebles
 48
0.01
100
AcDbVertex
100
AcDb2dVertex
 10
46.126517783406
 20
4.541041305010523
 30
0
 70
     8
 50
0
  0
VERTEX
  5
3CA
330
393
100
AcDbEntity
  8
Muebles
 48
0.01
100
AcDbVertex
100
AcDb2dVertex
 10
46.12672229396853
 20
4.513716733417297
 30
0
 70
     8
 50
0
  0
VERTEX
  5
3CB
330
393
100
AcDbEntity
  8
Muebles
 48
0.01
100
AcDbVertex
100
AcDb2dVertex
 10
46.12688717928049
 20
4.48747705084854
 30
0
 70
     8
 50
0
  0
VERTEX
  5
3CC
330
393
100
AcDbEntity
  8
Muebles
 48
0.01
100
AcDbVertex
100
AcDb2dVertex
 10
46.12700561940878
 20
4.46341689799867
 30
0
 70
     8
 50
0
  0
VERTEX
  5
3CD
330
393
100
AcDbEntity
  8
Muebles
 48
0.01
100
AcDbVertex
100
AcDb2dVertex
 10
46.12707079442006
 20
4.442630915561878
 30
0
 70
     8
 50
0
  0
VERTEX
  5
3CE
330
393
100
AcDbEntity
  8
Muebles
 48
0.01
100
AcDbVertex
100
AcDb2dVertex
 10
46.12707793958643
 20
4.425941653683978
 30
0
 70
     8
 50
0
  0
VERTEX
  5
3CF
330
393
100
AcDbEntity
  8
Muebles
 48
0.01
100
AcDbVertex
100
AcDb2dVertex
 10
46.1270305110024
 20
4.413083300315222
 30
0
 70
     8
 50
0
  0
VERTEX
  5
3D0
330
393
100
AcDbEntity
  8
Muebles
 48
0.01
100
AcDbVertex
100
AcDb2dVertex
 10
46.12693401996771
 20
4.403517952856575
 30
0
 70
     8
 50
0
  0
VERTEX
  5
3D1
330
393
100
AcDbEntity
  8
Muebles
 48
0.01
100
AcDbVertex
100
AcDb2dVertex
 10
46.12679397778206
 20
4.396707708710139
 30
0
 70
     8
 50
0
  0
VERTEX
  5
3D2
330
393
100
AcDbEntity
  8
Muebles
 48
0.01
100
AcDbVertex
100
AcDb2dVertex
 10
46.12661589574529
 20
4.392114665276878
 30
0
 70
     8
 50
0
  0
VERTEX
  5
3D3
330
393
100
AcDbEntity
  8
Muebles
 48
0.01
100
AcDbVertex
100
AcDb2dVertex
 10
46.12640528515712
 20
4.389200919958213
 30
0
 70
     8
 50
0
  0
VERTEX
  5
3D4
330
393
100
AcDbEntity
  8
Muebles
 48
0.01
100
AcDbVertex
100
AcDb2dVertex
 10
46.1261676573175
 20
4.387428570155564
 30
0
 70
     8
 50
0
  0
VERTEX
  5
3D5
330
393
100
AcDbEntity
  8
Muebles
 48
0.01
100
AcDbVertex
100
AcDb2dVertex
 10
46.12590852352614
 20
4.386259713270348
 30
0
 70
     8
 50
0
  0
VERTEX
  5
3D6
330
393
100
AcDbEntity
  8
Muebles
 48
0.01
100
AcDbVertex
100
AcDb2dVertex
 10
46.12563213146015
 20
4.385245416867448
 30
0
 70
     8
 50
0
  0
VERTEX
  5
3D7
330
393
100
AcDbEntity
  8
Muebles
 48
0.01
100
AcDbVertex
100
AcDb2dVertex
 10
46.12533767430577
 20
4.384292629164449
 30
0
 70
     8
 50
0
  0
VERTEX
  5
3D8
330
393
100
AcDbEntity
  8
Muebles
 48
0.01
100
AcDbVertex
100
AcDb2dVertex
 10
46.12502308162661
 20
4.383397268543078
 30
0
 70
     8
 50
0
  0
VERTEX
  5
3D9
330
393
100
AcDbEntity
  8
Muebles
 48
0.01
100
AcDbVertex
100
AcDb2dVertex
 10
46.1246862829864
 20
4.382555253384382
 30
0
 70
     8
 50
0
  0
VERTEX
  5
3DA
330
393
100
AcDbEntity
  8
Muebles
 48
0.01
100
AcDbVertex
100
AcDb2dVertex
 10
46.12432520794866
 20
4.381762502069861
 30
0
 70
     8
 50
0
  0
VERTEX
  5
3DB
330
393
100
AcDbEntity
  8
Muebles
 48
0.01
100
AcDbVertex
100
AcDb2dVertex
 10
46.12393778607688
 20
4.381014932980563
 30
0
 70
     8
 50
0
  0
VERTEX
  5
3DC
330
393
100
AcDbEntity
  8
Muebles
 48
0.01
100
AcDbVertex
100
AcDb2dVertex
 10
46.12352194693503
 20
4.380308464497986
 30
0
 70
     8
 50
0
  0
VERTEX
  5
3DD
330
393
100
AcDbEntity
  8
Muebles
 48
0.01
100
AcDbVertex
100
AcDb2dVertex
 10
46.12307562008627
 20
4.379639015003178
 30
0
 70
     8
 50
0
  0
VERTEX
  5
3DE
330
393
100
AcDbEntity
  8
Muebles
 48
0.01
100
AcDbVertex
100
AcDb2dVertex
 10
46.12258472313394
 20
4.379002645528246
 30
0
 70
     8
 50
0
  0
VERTEX
  5
3DF
330
393
100
AcDbEntity
  8
Muebles
 48
0.01
100
AcDbVertex
100
AcDb2dVertex
 10
46.1219871258389
 20
4.378395987708174
 30
0
 70
     8
 50
0
  0
VERTEX
  5
3E0
330
393
100
AcDbEntity
  8
Muebles
 48
0.01
100
AcDbVertex
100
AcDb2dVertex
 10
46.12120868600172
 20
4.377815815827873
 30
0
 70
     8
 50
0
  0
VERTEX
  5
3E1
330
393
100
AcDbEntity
  8
Muebles
 48
0.01
100
AcDbVertex
100
AcDb2dVertex
 10
46.12017526142276
 20
4.377258904172706
 30
0
 70
     8
 50
0
  0
VERTEX
  5
3E2
330
393
100
AcDbEntity
  8
Muebles
 48
0.01
100
AcDbVertex
100
AcDb2dVertex
 10
46.11881270990258
 20
4.376722027028265
 30
0
 70
     8
 50
0
  0
VERTEX
  5
3E3
330
393
100
AcDbEntity
  8
Muebles
 48
0.01
100
AcDbVertex
100
AcDb2dVertex
 10
46.11704688924144
 20
4.376201958679914
 30
0
 70
     8
 50
0
  0
VERTEX
  5
3E4
330
393
100
AcDbEntity
  8
Muebles
 48
0.01
100
AcDbVertex
100
AcDb2dVertex
 10
46.11480365723989
 20
4.37569547341279
 30
0
 70
     8
 50
0
  0
VERTEX
  5
3E5
330
393
100
AcDbEntity
  8
Muebles
 48
0.01
100
AcDbVertex
100
AcDb2dVertex
 10
46.11200887169829
 20
4.375199345512485
 30
0
 70
     8
 50
0
  0
VERTEX
  5
3E6
330
393
100
AcDbEntity
  8
Muebles
 48
0.01
100
AcDbVertex
100
AcDb2dVertex
 10
46.10862656348431
 20
4.374712906042689
 30
0
 70
     8
 50
0
  0
VERTEX
  5
3E7
330
393
100
AcDbEntity
  8
Muebles
 48
0.01
100
AcDbVertex
100
AcDb2dVertex
 10
46.10477345573312
 20
4.3742457131804
 30
0
 70
     8
 50
0
  0
VERTEX
  5
3E8
330
393
100
AcDbEntity
  8
Muebles
 48
0.01
100
AcDbVertex
100
AcDb2dVertex
 10
46.10060444464725
 20
4.3738098818814
 30
0
 70
     8
 50
0
  0
VERTEX
  5
3E9
330
393
100
AcDbEntity
  8
Muebles
 48
0.01
100
AcDbVertex
100
AcDb2dVertex
 10
46.09627442642895
 20
4.373417527101466
 30
0
 70
     8
 50
0
  0
VERTEX
  5
3EA
330
393
100
AcDbEntity
  8
Muebles
 48
0.01
100
AcDbVertex
100
AcDb2dVertex
 10
46.09193829728073
 20
4.373080763796153
 30
0
 70
     8
 50
0
  0
VERTEX
  5
3EB
330
393
100
AcDbEntity
  8
Muebles
 48
0.01
100
AcDbVertex
100
AcDb2dVertex
 10
46.08775095340499
 20
4.37281170692124
 30
0
 70
     8
 50
0
  0
VERTEX
  5
3EC
330
393
100
AcDbEntity
  8
Muebles
 48
0.01
100
AcDbVertex
100
AcDb2dVertex
 10
46.08386729100411
 20
4.372622471432052
 30
0
 70
     8
 50
0
  0
VERTEX
  5
3ED
330
393
100
AcDbEntity
  8
Muebles
 48
0.01
100
AcDbVertex
100
AcDb2dVertex
 10
46.08044220628048
 20
4.372525172284597
 30
0
 70
     8
 50
0
  0
VERTEX
  5
3EE
330
393
100
AcDbEntity
  8
Muebles
 48
0.01
100
AcDbVertex
100
AcDb2dVertex
 10
46.07759287671533
 20
4.37252787865593
 30
0
 70
     8
 50
0
  0
VERTEX
  5
3EF
330
393
100
AcDbEntity
  8
Muebles
 48
0.01
100
AcDbVertex
100
AcDb2dVertex
 10
46.07528560490616
 20
4.372622476610942
 30
0
 70
     8
 50
0
  0
VERTEX
  5
3F0
330
393
100
AcDbEntity
  8
Muebles
 48
0.01
100
AcDbVertex
100
AcDb2dVertex
 10
46.07344897472908
 20
4.372796806435801
 30
0
 70
     8
 50
0
  0
VERTEX
  5
3F1
330
393
100
AcDbEntity
  8
Muebles
 48
0.01
100
AcDbVertex
100
AcDb2dVertex
 10
46.0720115700602
 20
4.373038708417127
 30
0
 70
     8
 50
0
  0
VERTEX
  5
3F2
330
393
100
AcDbEntity
  8
Muebles
 48
0.01
100
AcDbVertex
100
AcDb2dVertex
 10
46.07090197477586
 20
4.37333602284086
 30
0
 70
     8
 50
0
  0
VERTEX
  5
3F3
330
393
100
AcDbEntity
  8
Muebles
 48
0.01
100
AcDbVertex
100
AcDb2dVertex
 10
46.07004877275207
 20
4.373676589993849
 30
0
 70
     8
 50
0
  0
VERTEX
  5
3F4
330
393
100
AcDbEntity
  8
Muebles
 48
0.01
100
AcDbVertex
100
AcDb2dVertex
 10
46.06938054786528
 20
4.374048250162033
 30
0
 70
     8
 50
0
  0
VERTEX
  5
3F5
330
393
100
AcDbEntity
  8
Muebles
 48
0.01
100
AcDbVertex
100
AcDb2dVertex
 10
46.06882588399148
 20
4.374438843632035
 30
0
 70
     8
 50
0
  0
VERTEX
  5
3F6
330
393
100
AcDbEntity
  8
Muebles
 48
0.01
100
AcDbVertex
100
AcDb2dVertex
 10
46.06832466320279
 20
4.374839044910388
 30
0
 70
     8
 50
0
  0
VERTEX
  5
3F7
330
393
100
AcDbEntity
  8
Muebles
 48
0.01
100
AcDbVertex
100
AcDb2dVertex
 10
46.06786196035384
 20
4.375250865385325
 30
0
 70
     8
 50
0
  0
VERTEX
  5
3F8
330
393
100
AcDbEntity
  8
Muebles
 48
0.01
100
AcDbVertex
100
AcDb2dVertex
 10
46.06743414849538
 20
4.375679150664993
 30
0
 70
     8
 50
0
  0
VERTEX
  5
3F9
330
393
100
AcDbEntity
  8
Muebles
 48
0.01
100
AcDbVertex
100
AcDb2dVertex
 10
46.06703760067793
 20
4.376128746357992
 30
0
 70
     8
 50
0
  0
VERTEX
  5
3FA
330
393
100
AcDbEntity
  8
Muebles
 48
0.01
100
AcDbVertex
100
AcDb2dVertex
 10
46.06666868995202
 20
4.376604498072695
 30
0
 70
     8
 50
0
  0
VERTEX
  5
3FB
330
393
100
AcDbEntity
  8
Muebles
 48
0.01
100
AcDbVertex
100
AcDb2dVertex
 10
46.06632378936828
 20
4.377111251417475
 30
0
 70
     8
 50
0
  0
VERTEX
  5
3FC
330
393
100
AcDbEntity
  8
Muebles
 48
0.01
100
AcDbVertex
100
AcDb2dVertex
 10
46.06599927197712
 20
4.377653852000705
 30
0
 70
     8
 50
0
  0
VERTEX
  5
3FD
330
393
100
AcDbEntity
  8
Muebles
 48
0.01
100
AcDbVertex
100
AcDb2dVertex
 10
46.0656915108294
 20
4.378237145430759
 30
0
 70
     8
 50
0
  0
VERTEX
  5
3FE
330
393
100
AcDbEntity
  8
Muebles
 48
0.01
100
AcDbVertex
100
AcDb2dVertex
 10
46.06538785796815
 20
4.379151974960379
 30
0
 70
     8
 50
0
  0
VERTEX
  5
3FF
330
393
100
AcDbEntity
  8
Muebles
 48
0.01
100
AcDbVertex
100
AcDb2dVertex
 10
46.0650395814076
 20
4.381833174420919
 30
0
 70
     8
 50
0
  0
VERTEX
  5
400
330
393
100
AcDbEntity
  8
Muebles
 48
0.01
100
AcDbVertex
100
AcDb2dVertex
 10
46.06458892815451
 20
4.388001575287646
 30
0
 70
     8
 50
0
  0
VERTEX
  5
401
330
393
100
AcDbEntity
  8
Muebles
 48
0.01
100
AcDbVertex
100
AcDb2dVertex
 10
46.06397814521594
 20
4.399378009035829
 30
0
 70
     8
 50
0
  0
VERTEX
  5
402
330
393
100
AcDbEntity
  8
Muebles
 48
0.01
100
AcDbVertex
100
AcDb2dVertex
 10
46.06314947959854
 20
4.417683307141189
 30
0
 70
     8
 50
0
  0
VERTEX
  5
403
330
393
100
AcDbEntity
  8
Muebles
 48
0.01
100
AcDbVertex
100
AcDb2dVertex
 10
46.06204517830938
 20
4.444638301078996
 30
0
 70
     8
 50
0
  0
VERTEX
  5
404
330
393
100
AcDbEntity
  8
Muebles
 48
0.01
100
AcDbVertex
100
AcDb2dVertex
 10
46.0606074883552
 20
4.481963822324744
 30
0
 70
     8
 50
0
  0
VERTEX
  5
405
330
393
100
AcDbEntity
  8
Muebles
 48
0.01
100
AcDbVertex
100
AcDb2dVertex
 10
46.05877865674287
 20
4.531380702353928
 30
0
 70
     8
 50
0
  0
VERTEX
  5
406
330
393
100
AcDbEntity
  8
Muebles
 48
0.01
100
AcDbVertex
100
AcDb2dVertex
 10
46.05289714063585
 20
4.687348126584922
 30
0
 70
    16
 50
0
  0
VERTEX
  5
407
330
393
100
AcDbEntity
  8
Muebles
 48
0.01
100
AcDbVertex
100
AcDb2dVertex
 10
46.05851203490326
 20
4.700415157354129
 30
0
 70
    16
 50
0
  0
VERTEX
  5
408
330
393
100
AcDbEntity
  8
Muebles
 48
0.01
100
AcDbVertex
100
AcDb2dVertex
 10
46.06399270118013
 20
4.70322789559502
 30
0
 70
    16
 50
0
  0
VERTEX
  5
409
330
393
100
AcDbEntity
  8
Muebles
 48
0.01
100
AcDbVertex
100
AcDb2dVertex
 10
46.10936082293696
 20
4.704312590668152
 30
0
 70
    16
 50
0
  0
VERTEX
  5
40A
330
393
100
AcDbEntity
  8
Muebles
 48
0.01
100
AcDbVertex
100
AcDb2dVertex
 10
46.11668245147573
 20
4.701874852891407
 30
0
 70
    16
 50
0
  0
VERTEX
  5
40B
330
393
100
AcDbEntity
  8
Muebles
 48
0.01
100
AcDbVertex
100
AcDb2dVertex
 10
46.12293231474663
 20
4.69532632195812
 30
0
 70
    16
 50
0
  0
VERTEX
  5
40C
330
393
100
AcDbEntity
  8
Muebles
 48
0.01
100
AcDbVertex
100
AcDb2dVertex
 10
46.12549882688094
 20
4.686104355180916
 30
0
 70
    16
 50
0
  0
VERTEX
  5
40D
330
393
100
AcDbEntity
  8
Muebles
 48
0.01
100
AcDbVertex
100
AcDb2dVertex
 10
46.12771170162304
 20
4.396030263746908
 30
0
 70
    16
 50
0
  0
VERTEX
  5
40E
330
393
100
AcDbEntity
  8
Muebles
 48
0.01
100
AcDbVertex
100
AcDb2dVertex
 10
46.12607913314704
 20
4.385560083202492
 30
0
 70
    16
 50
0
  0
VERTEX
  5
40F
330
393
100
AcDbEntity
  8
Muebles
 48
0.01
100
AcDbVertex
100
AcDb2dVertex
 10
46.12342290694605
 20
4.37928768306476
 30
0
 70
    16
 50
0
  0
VERTEX
  5
410
330
393
100
AcDbEntity
  8
Muebles
 48
0.01
100
AcDbVertex
100
AcDb2dVertex
 10
46.11868295958672
 20
4.375123274557311
 30
0
 70
    16
 50
0
  0
VERTEX
  5
411
330
393
100
AcDbEntity
  8
Muebles
 48
0.01
100
AcDbVertex
100
AcDb2dVertex
 10
46.07389848489751
 20
4.371415291781133
 30
0
 70
    16
 50
0
  0
VERTEX
  5
412
330
393
100
AcDbEntity
  8
Muebles
 48
0.01
100
AcDbVertex
100
AcDb2dVertex
 10
46.06837633850577
 20
4.37436659202551
 30
0
 70
    16
 50
0
  0
VERTEX
  5
413
330
393
100
AcDbEntity
  8
Muebles
 48
0.01
100
AcDbVertex
100
AcDb2dVertex
 10
46.06555146502851
 20
4.377751401908128
 30
0
 70
    16
 50
0
  0
VERTEX
  5
414
330
393
100
AcDbEntity
  8
Muebles
 48
0.01
100
AcDbVertex
100
AcDb2dVertex
 10
46.06422839924718
 20
4.381950915919944
 30
0
 70
    16
 50
0
  0
VERTEX
  5
415
330
393
100
AcDbEntity
  8
Muebles
 48
0.01
100
AcDbVertex
100
AcDb2dVertex
 10
46.05877865674287
 20
4.531380702353928
 30
0
 70
    16
 50
0
  0
SEQEND
  5
416
330
393
100
AcDbEntity
  8
Muebles
 48
0.01
  0
POLYLINE
  5
417
330
28F
100
AcDbEntity
  8
Muebles
 48
0.01
100
AcDb2dPolyline
 66
     1
 70
     4
 75
     6
 10
0
 20
0
 30
0
 40
0
 41
0
  0
VERTEX
  5
418
330
417
100
AcDbEntity
  8
Muebles
 48
0.01
100
AcDbVertex
100
AcDb2dVertex
 10
45.56158754882685
 20
4.618639688828509
 30
0
 70
    16
 50
0
  0
VERTEX
  5
419
330
417
100
AcDbEntity
  8
Muebles
 48
0.01
100
AcDbVertex
100
AcDb2dVertex
 10
45.56158754882685
 20
4.618639688828509
 30
0
 70
     8
 50
0
  0
VERTEX
  5
41A
330
417
100
AcDbEntity
  8
Muebles
 48
0.01
100
AcDbVertex
100
AcDb2dVertex
 10
45.56210338635023
 20
4.641606874115197
 30
0
 70
     8
 50
0
  0
VERTEX
  5
41B
330
417
100
AcDbEntity
  8
Muebles
 48
0.01
100
AcDbVertex
100
AcDb2dVertex
 10
45.56223537021955
 20
4.659440984113573
 30
0
 70
     8
 50
0
  0
VERTEX
  5
41C
330
417
100
AcDbEntity
  8
Muebles
 48
0.01
100
AcDbVertex
100
AcDb2dVertex
 10
45.56204490291051
 20
4.672837842507917
 30
0
 70
     8
 50
0
  0
VERTEX
  5
41D
330
417
100
AcDbEntity
  8
Muebles
 48
0.01
100
AcDbVertex
100
AcDb2dVertex
 10
45.56159338689824
 20
4.682493272982512
 30
0
 70
     8
 50
0
  0
VERTEX
  5
41E
330
417
100
AcDbEntity
  8
Muebles
 48
0.01
100
AcDbVertex
100
AcDb2dVertex
 10
45.56094222465819
 20
4.689103099221867
 30
0
 70
     8
 50
0
  0
VERTEX
  5
41F
330
417
100
AcDbEntity
  8
Muebles
 48
0.01
100
AcDbVertex
100
AcDb2dVertex
 10
45.56015281866584
 20
4.69336314490981
 30
0
 70
     8
 50
0
  0
VERTEX
  5
420
330
417
100
AcDbEntity
  8
Muebles
 48
0.01
100
AcDbVertex
100
AcDb2dVertex
 10
45.55928657139654
 20
4.695969233730622
 30
0
 70
     8
 50
0
  0
VERTEX
  5
421
330
417
100
AcDbEntity
  8
Muebles
 48
0.01
100
AcDbVertex
100
AcDb2dVertex
 10
45.55840488532576
 20
4.697617189368586
 30
0
 70
     8
 50
0
  0
VERTEX
  5
422
330
417
100
AcDbEntity
  8
Muebles
 48
0.01
100
AcDbVertex
100
AcDb2dVertex
 10
45.55754498740848
 20
4.698891767161214
 30
0
 70
     8
 50
0
  0
VERTEX
  5
423
330
417
100
AcDbEntity
  8
Muebles
 48
0.01
100
AcDbVertex
100
AcDb2dVertex
 10
45.55664740251925
 20
4.699933449058037
 30
0
 70
     8
 50
0
  0
VERTEX
  5
424
330
417
100
AcDbEntity
  8
Muebles
 48
0.01
100
AcDbVertex
100
AcDb2dVertex
 10
45.55562848001259
 20
4.700771648662268
 30
0
 70
     8
 50
0
  0
VERTEX
  5
425
330
417
100
AcDbEntity
  8
Muebles
 48
0.01
100
AcDbVertex
100
AcDb2dVertex
 10
45.55440456924245
 20
4.701435779577125
 30
0
 70
     8
 50
0
  0
VERTEX
  5
426
330
417
100
AcDbEntity
  8
Muebles
 48
0.01
100
AcDbVertex
100
AcDb2dVertex
 10
45.55289201956336
 20
4.701955255405139
 30
0
 70
     8
 50
0
  0
VERTEX
  5
427
330
417
100
AcDbEntity
  8
Muebles
 48
0.01
100
AcDbVertex
100
AcDb2dVertex
 10
45.55100718032949
 20
4.702359489749753
 30
0
 70
     8
 50
0
  0
VERTEX
  5
428
330
417
100
AcDbEntity
  8
Muebles
 48
0.01
100
AcDbVertex
100
AcDb2dVertex
 10
45.54866640089526
 20
4.702677896213956
 30
0
 70
     8
 50
0
  0
VERTEX
  5
429
330
417
100
AcDbEntity
  8
Muebles
 48
0.01
100
AcDbVertex
100
AcDb2dVertex
 10
45.54578603061472
 20
4.702939888400508
 30
0
 70
     8
 50
0
  0
VERTEX
  5
42A
330
417
100
AcDbEntity
  8
Muebles
 48
0.01
100
AcDbVertex
100
AcDb2dVertex
 10
45.54232172974056
 20
4.703169393534083
 30
0
 70
     8
 50
0
  0
VERTEX
  5
42B
330
417
100
AcDbEntity
  8
Muebles
 48
0.01
100
AcDbVertex
100
AcDb2dVertex
 10
45.53838640211822
 20
4.703368393325874
 30
0
 70
     8
 50
0
  0
VERTEX
  5
42C
330
417
100
AcDbEntity
  8
Muebles
 48
0.01
100
AcDbVertex
100
AcDb2dVertex
 10
45.53413226249094
 20
4.703533383108535
 30
0
 70
     8
 50
0
  0
VERTEX
  5
42D
330
417
100
AcDbEntity
  8
Muebles
 48
0.01
100
AcDbVertex
100
AcDb2dVertex
 10
45.52971152560255
 20
4.703660858214718
 30
0
 70
     8
 50
0
  0
VERTEX
  5
42E
330
417
100
AcDbEntity
  8
Muebles
 48
0.01
100
AcDbVertex
100
AcDb2dVertex
 10
45.52527640619641
 20
4.703747313976848
 30
0
 70
     8
 50
0
  0
VERTEX
  5
42F
330
417
100
AcDbEntity
  8
Muebles
 48
0.01
100
AcDbVertex
100
AcDb2dVertex
 10
45.52097911901623
 20
4.703789245727805
 30
0
 70
     8
 50
0
  0
VERTEX
  5
430
330
417
100
AcDbEntity
  8
Muebles
 48
0.01
100
AcDbVertex
100
AcDb2dVertex
 10
45.51697187880549
 20
4.703783148800241
 30
0
 70
     8
 50
0
  0
VERTEX
  5
431
330
417
100
AcDbEntity
  8
Muebles
 48
0.01
100
AcDbVertex
100
AcDb2dVertex
 10
45.51340690030756
 20
4.703725518526582
 30
0
 70
     8
 50
0
  0
VERTEX
  5
432
330
417
100
AcDbEntity
  8
Muebles
 48
0.01
100
AcDbVertex
100
AcDb2dVertex
 10
45.51039899309816
 20
4.703613242827416
 30
0
 70
     8
 50
0
  0
VERTEX
  5
433
330
417
100
AcDbEntity
  8
Muebles
 48
0.01
100
AcDbVertex
100
AcDb2dVertex
 10
45.50791334607979
 20
4.703444779973708
 30
0
 70
     8
 50
0
  0
VERTEX
  5
434
330
417
100
AcDbEntity
  8
Muebles
 48
0.01
100
AcDbVertex
100
AcDb2dVertex
 10
45.50587774298671
 20
4.70321898082436
 30
0
 70
     8
 50
0
  0
VERTEX
  5
435
330
417
100
AcDbEntity
  8
Muebles
 48
0.01
100
AcDbVertex
100
AcDb2dVertex
 10
45.50421996755367
 20
4.702934696238046
 30
0
 70
     8
 50
0
  0
VERTEX
  5
436
330
417
100
AcDbEntity
  8
Muebles
 48
0.01
100
AcDbVertex
100
AcDb2dVertex
 10
45.50286780351516
 20
4.702590777073439
 30
0
 70
     8
 50
0
  0
VERTEX
  5
437
330
417
100
AcDbEntity
  8
Muebles
 48
0.01
100
AcDbVertex
100
AcDb2dVertex
 10
45.50174903460535
 20
4.702186074189441
 30
0
 70
     8
 50
0
  0
VERTEX
  5
438
330
417
100
AcDbEntity
  8
Muebles
 48
0.01
100
AcDbVertex
100
AcDb2dVertex
 10
45.50079144455898
 20
4.701719438444954
 30
0
 70
     8
 50
0
  0
VERTEX
  5
439
330
417
100
AcDbEntity
  8
Muebles
 48
0.01
100
AcDbVertex
100
AcDb2dVertex
 10
45.49992281711056
 20
4.70118972069865
 30
0
 70
     8
 50
0
  0
VERTEX
  5
43A
330
417
100
AcDbEntity
  8
Muebles
 48
0.01
100
AcDbVertex
100
AcDb2dVertex
 10
45.49908382216412
 20
4.700596431222422
 30
0
 70
     8
 50
0
  0
VERTEX
  5
43B
330
417
100
AcDbEntity
  8
Muebles
 48
0.01
100
AcDbVertex
100
AcDb2dVertex
 10
45.49826667430384
 20
4.699941717941712
 30
0
 70
     8
 50
0
  0
VERTEX
  5
43C
330
417
100
AcDbEntity
  8
Muebles
 48
0.01
100
AcDbVertex
100
AcDb2dVertex
 10
45.49747647428293
 20
4.699228388194953
 30
0
 70
     8
 50
0
  0
VERTEX
  5
43D
330
417
100
AcDbEntity
  8
Muebles
 48
0.01
100
AcDbVertex
100
AcDb2dVertex
 10
45.49671832285557
 20
4.698459249320578
 30
0
 70
     8
 50
0
  0
VERTEX
  5
43E
330
417
100
AcDbEntity
  8
Muebles
 48
0.01
100
AcDbVertex
100
AcDb2dVertex
 10
45.49599732077499
 20
4.697637108657247
 30
0
 70
     8
 50
0
  0
VERTEX
  5
43F
330
417
100
AcDbEntity
  8
Muebles
 48
0.01
100
AcDbVertex
100
AcDb2dVertex
 10
45.49531856879489
 20
4.696764773543165
 30
0
 70
     8
 50
0
  0
VERTEX
  5
440
330
417
100
AcDbEntity
  8
Muebles
 48
0.01
100
AcDbVertex
100
AcDb2dVertex
 10
45.49468716766896
 20
4.695845051316994
 30
0
 70
     8
 50
0
  0
VERTEX
  5
441
330
417
100
AcDbEntity
  8
Muebles
 48
0.01
100
AcDbVertex
100
AcDb2dVertex
 10
45.49410821815113
 20
4.694880749317392
 30
0
 70
     8
 50
0
  0
VERTEX
  5
442
330
417
100
AcDbEntity
  8
Muebles
 48
0.01
100
AcDbVertex
100
AcDb2dVertex
 10
45.4935848869778
 20
4.693783654034334
 30
0
 70
     8
 50
0
  0
VERTEX
  5
443
330
417
100
AcDbEntity
  8
Muebles
 48
0.01
100
AcDbVertex
100
AcDb2dVertex
 10
45.49311260481895
 20
4.692101468564644
 30
0
 70
     8
 50
0
  0
VERTEX
  5
444
330
417
100
AcDbEntity
  8
Muebles
 48
0.01
100
AcDbVertex
100
AcDb2dVertex
 10
45.49268486832713
 20
4.689290875156914
 30
0
 70
     8
 50
0
  0
VERTEX
  5
445
330
417
100
AcDbEntity
  8
Muebles
 48
0.01
100
AcDbVertex
100
AcDb2dVertex
 10
45.49229517415537
 20
4.684808556059053
 30
0
 70
     8
 50
0
  0
VERTEX
  5
446
330
417
100
AcDbEntity
  8
Muebles
 48
0.01
100
AcDbVertex
100
AcDb2dVertex
 10
45.49193701895669
 20
4.678111193519882
 30
0
 70
     8
 50
0
  0
VERTEX
  5
447
330
417
100
AcDbEntity
  8
Muebles
 48
0.01
100
AcDbVertex
100
AcDb2dVertex
 10
45.49160389938353
 20
4.668655469787765
 30
0
 70
     8
 50
0
  0
VERTEX
  5
448
330
417
100
AcDbEntity
  8
Muebles
 48
0.01
100
AcDbVertex
100
AcDb2dVertex
 10
45.49128931208904
 20
4.655898067111067
 30
0
 70
     8
 50
0
  0
VERTEX
  5
449
330
417
100
AcDbEntity
  8
Muebles
 48
0.01
100
AcDbVertex
100
AcDb2dVertex
 10
45.49098675372588
 20
4.639295667738153
 30
0
 70
     8
 50
0
  0
VERTEX
  5
44A
330
417
100
AcDbEntity
  8
Muebles
 48
0.01
100
AcDbVertex
100
AcDb2dVertex
 10
45.49069194149385
 20
4.618577946991692
 30
0
 70
     8
 50
0
  0
VERTEX
  5
44B
330
417
100
AcDbEntity
  8
Muebles
 48
0.01
100
AcDbVertex
100
AcDb2dVertex
 10
45.49040947477928
 20
4.594566552492026
 30
0
 70
     8
 50
0
  0
VERTEX
  5
44C
330
417
100
AcDbEntity
  8
Muebles
 48
0.01
100
AcDbVertex
100
AcDb2dVertex
 10
45.4901461735154
 20
4.568356124933572
 30
0
 70
     8
 50
0
  0
VERTEX
  5
44D
330
417
100
AcDbEntity
  8
Muebles
 48
0.01
100
AcDbVertex
100
AcDb2dVertex
 10
45.48990885763564
 20
4.541041305010523
 30
0
 70
     8
 50
0
  0
VERTEX
  5
44E
330
417
100
AcDbEntity
  8
Muebles
 48
0.01
100
AcDbVertex
100
AcDb2dVertex
 10
45.48970434707311
 20
4.513716733417297
 30
0
 70
     8
 50
0
  0
VERTEX
  5
44F
330
417
100
AcDbEntity
  8
Muebles
 48
0.01
100
AcDbVertex
100
AcDb2dVertex
 10
45.48953946176104
 20
4.48747705084854
 30
0
 70
     8
 50
0
  0
VERTEX
  5
450
330
417
100
AcDbEntity
  8
Muebles
 48
0.01
100
AcDbVertex
100
AcDb2dVertex
 10
45.48942102163275
 20
4.46341689799867
 30
0
 70
     8
 50
0
  0
VERTEX
  5
451
330
417
100
AcDbEntity
  8
Muebles
 48
0.01
100
AcDbVertex
100
AcDb2dVertex
 10
45.48935584662158
 20
4.442630915561878
 30
0
 70
     8
 50
0
  0
VERTEX
  5
452
330
417
100
AcDbEntity
  8
Muebles
 48
0.01
100
AcDbVertex
100
AcDb2dVertex
 10
45.4893487014551
 20
4.425941653683978
 30
0
 70
     8
 50
0
  0
VERTEX
  5
453
330
417
100
AcDbEntity
  8
Muebles
 48
0.01
100
AcDbVertex
100
AcDb2dVertex
 10
45.48939613003913
 20
4.413083300315222
 30
0
 70
     8
 50
0
  0
VERTEX
  5
454
330
417
100
AcDbEntity
  8
Muebles
 48
0.01
100
AcDbVertex
100
AcDb2dVertex
 10
45.48949262107394
 20
4.403517952856575
 30
0
 70
     8
 50
0
  0
VERTEX
  5
455
330
417
100
AcDbEntity
  8
Muebles
 48
0.01
100
AcDbVertex
100
AcDb2dVertex
 10
45.48963266325958
 20
4.396707708710139
 30
0
 70
     8
 50
0
  0
VERTEX
  5
456
330
417
100
AcDbEntity
  8
Muebles
 48
0.01
100
AcDbVertex
100
AcDb2dVertex
 10
45.48981074529624
 20
4.392114665276878
 30
0
 70
     8
 50
0
  0
VERTEX
  5
457
330
417
100
AcDbEntity
  8
Muebles
 48
0.01
100
AcDbVertex
100
AcDb2dVertex
 10
45.49002135588441
 20
4.389200919958213
 30
0
 70
     8
 50
0
  0
VERTEX
  5
458
330
417
100
AcDbEntity
  8
Muebles
 48
0.01
100
AcDbVertex
100
AcDb2dVertex
 10
45.49025898372403
 20
4.387428570155564
 30
0
 70
     8
 50
0
  0
VERTEX
  5
459
330
417
100
AcDbEntity
  8
Muebles
 48
0.01
100
AcDbVertex
100
AcDb2dVertex
 10
45.49051811751539
 20
4.386259713270348
 30
0
 70
     8
 50
0
  0
VERTEX
  5
45A
330
417
100
AcDbEntity
  8
Muebles
 48
0.01
100
AcDbVertex
100
AcDb2dVertex
 10
45.49079450958138
 20
4.385245416867448
 30
0
 70
     8
 50
0
  0
VERTEX
  5
45B
330
417
100
AcDbEntity
  8
Muebles
 48
0.01
100
AcDbVertex
100
AcDb2dVertex
 10
45.49108896673576
 20
4.384292629164449
 30
0
 70
     8
 50
0
  0
VERTEX
  5
45C
330
417
100
AcDbEntity
  8
Muebles
 48
0.01
100
AcDbVertex
100
AcDb2dVertex
 10
45.49140355941492
 20
4.383397268543078
 30
0
 70
     8
 50
0
  0
VERTEX
  5
45D
330
417
100
AcDbEntity
  8
Muebles
 48
0.01
100
AcDbVertex
100
AcDb2dVertex
 10
45.49174035805513
 20
4.382555253384382
 30
0
 70
     8
 50
0
  0
VERTEX
  5
45E
330
417
100
AcDbEntity
  8
Muebles
 48
0.01
100
AcDbVertex
100
AcDb2dVertex
 10
45.49210143309287
 20
4.381762502069861
 30
0
 70
     8
 50
0
  0
VERTEX
  5
45F
330
417
100
AcDbEntity
  8
Muebles
 48
0.01
100
AcDbVertex
100
AcDb2dVertex
 10
45.49248885496453
 20
4.381014932980563
 30
0
 70
     8
 50
0
  0
VERTEX
  5
460
330
417
100
AcDbEntity
  8
Muebles
 48
0.01
100
AcDbVertex
100
AcDb2dVertex
 10
45.49290469410661
 20
4.380308464497986
 30
0
 70
     8
 50
0
  0
VERTEX
  5
461
330
417
100
AcDbEntity
  8
Muebles
 48
0.01
100
AcDbVertex
100
AcDb2dVertex
 10
45.49335102095537
 20
4.379639015003178
 30
0
 70
     8
 50
0
  0
VERTEX
  5
462
330
417
100
AcDbEntity
  8
Muebles
 48
0.01
100
AcDbVertex
100
AcDb2dVertex
 10
45.49384191790759
 20
4.379002645528246
 30
0
 70
     8
 50
0
  0
VERTEX
  5
463
330
417
100
AcDbEntity
  8
Muebles
 48
0.01
100
AcDbVertex
100
AcDb2dVertex
 10
45.49443951520252
 20
4.378395987708174
 30
0
 70
     8
 50
0
  0
VERTEX
  5
464
330
417
100
AcDbEntity
  8
Muebles
 48
0.01
100
AcDbVertex
100
AcDb2dVertex
 10
45.49521795503981
 20
4.377815815827873
 30
0
 70
     8
 50
0
  0
VERTEX
  5
465
330
417
100
AcDbEntity
  8
Muebles
 48
0.01
100
AcDbVertex
100
AcDb2dVertex
 10
45.49625137961866
 20
4.377258904172706
 30
0
 70
     8
 50
0
  0
VERTEX
  5
466
330
417
100
AcDbEntity
  8
Muebles
 48
0.01
100
AcDbVertex
100
AcDb2dVertex
 10
45.49761393113894
 20
4.376722027028265
 30
0
 70
     8
 50
0
  0
VERTEX
  5
467
330
417
100
AcDbEntity
  8
Muebles
 48
0.01
100
AcDbVertex
100
AcDb2dVertex
 10
45.49937975180009
 20
4.376201958679914
 30
0
 70
     8
 50
0
  0
VERTEX
  5
468
330
417
100
AcDbEntity
  8
Muebles
 48
0.01
100
AcDbVertex
100
AcDb2dVertex
 10
45.50162298380164
 20
4.37569547341279
 30
0
 70
     8
 50
0
  0
VERTEX
  5
469
330
417
100
AcDbEntity
  8
Muebles
 48
0.01
100
AcDbVertex
100
AcDb2dVertex
 10
45.50441776934312
 20
4.375199345512485
 30
0
 70
     8
 50
0
  0
VERTEX
  5
46A
330
417
100
AcDbEntity
  8
Muebles
 48
0.01
100
AcDbVertex
100
AcDb2dVertex
 10
45.50780007755722
 20
4.374712906042689
 30
0
 70
     8
 50
0
  0
VERTEX
  5
46B
330
417
100
AcDbEntity
  8
Muebles
 48
0.01
100
AcDbVertex
100
AcDb2dVertex
 10
45.5116531853084
 20
4.3742457131804
 30
0
 70
     8
 50
0
  0
VERTEX
  5
46C
330
417
100
AcDbEntity
  8
Muebles
 48
0.01
100
AcDbVertex
100
AcDb2dVertex
 10
45.5158221963944
 20
4.3738098818814
 30
0
 70
     8
 50
0
  0
VERTEX
  5
46D
330
417
100
AcDbEntity
  8
Muebles
 48
0.01
100
AcDbVertex
100
AcDb2dVertex
 10
45.52015221461269
 20
4.373417527101466
 30
0
 70
     8
 50
0
  0
VERTEX
  5
46E
330
417
100
AcDbEntity
  8
Muebles
 48
0.01
100
AcDbVertex
100
AcDb2dVertex
 10
45.52448834376091
 20
4.373080763796153
 30
0
 70
     8
 50
0
  0
VERTEX
  5
46F
330
417
100
AcDbEntity
  8
Muebles
 48
0.01
100
AcDbVertex
100
AcDb2dVertex
 10
45.52867568763654
 20
4.37281170692124
 30
0
 70
     8
 50
0
  0
VERTEX
  5
470
330
417
100
AcDbEntity
  8
Muebles
 48
0.01
100
AcDbVertex
100
AcDb2dVertex
 10
45.53255935003753
 20
4.372622471432052
 30
0
 70
     8
 50
0
  0
VERTEX
  5
471
330
417
100
AcDbEntity
  8
Muebles
 48
0.01
100
AcDbVertex
100
AcDb2dVertex
 10
45.53598443476116
 20
4.372525172284597
 30
0
 70
     8
 50
0
  0
VERTEX
  5
472
330
417
100
AcDbEntity
  8
Muebles
 48
0.01
100
AcDbVertex
100
AcDb2dVertex
 10
45.5388337643262
 20
4.37252787865593
 30
0
 70
     8
 50
0
  0
VERTEX
  5
473
330
417
100
AcDbEntity
  8
Muebles
 48
0.01
100
AcDbVertex
100
AcDb2dVertex
 10
45.54114103613537
 20
4.372622476610942
 30
0
 70
     8
 50
0
  0
VERTEX
  5
474
330
417
100
AcDbEntity
  8
Muebles
 48
0.01
100
AcDbVertex
100
AcDb2dVertex
 10
45.54297766631257
 20
4.372796806435801
 30
0
 70
     8
 50
0
  0
VERTEX
  5
475
330
417
100
AcDbEntity
  8
Muebles
 48
0.01
100
AcDbVertex
100
AcDb2dVertex
 10
45.54441507098144
 20
4.373038708417127
 30
0
 70
     8
 50
0
  0
VERTEX
  5
476
330
417
100
AcDbEntity
  8
Muebles
 48
0.01
100
AcDbVertex
100
AcDb2dVertex
 10
45.54552466626578
 20
4.37333602284086
 30
0
 70
     8
 50
0
  0
VERTEX
  5
477
330
417
100
AcDbEntity
  8
Muebles
 48
0.01
100
AcDbVertex
100
AcDb2dVertex
 10
45.54637786828957
 20
4.373676589993849
 30
0
 70
     8
 50
0
  0
VERTEX
  5
478
330
417
100
AcDbEntity
  8
Muebles
 48
0.01
100
AcDbVertex
100
AcDb2dVertex
 10
45.54704609317636
 20
4.374048250162033
 30
0
 70
     8
 50
0
  0
VERTEX
  5
479
330
417
100
AcDbEntity
  8
Muebles
 48
0.01
100
AcDbVertex
100
AcDb2dVertex
 10
45.54760075705016
 20
4.374438843632035
 30
0
 70
     8
 50
0
  0
VERTEX
  5
47A
330
417
100
AcDbEntity
  8
Muebles
 48
0.01
100
AcDbVertex
100
AcDb2dVertex
 10
45.54810197783885
 20
4.374839044910388
 30
0
 70
     8
 50
0
  0
VERTEX
  5
47B
330
417
100
AcDbEntity
  8
Muebles
 48
0.01
100
AcDbVertex
100
AcDb2dVertex
 10
45.54856468068769
 20
4.375250865385325
 30
0
 70
     8
 50
0
  0
VERTEX
  5
47C
330
417
100
AcDbEntity
  8
Muebles
 48
0.01
100
AcDbVertex
100
AcDb2dVertex
 10
45.54899249254615
 20
4.375679150664993
 30
0
 70
     8
 50
0
  0
VERTEX
  5
47D
330
417
100
AcDbEntity
  8
Muebles
 48
0.01
100
AcDbVertex
100
AcDb2dVertex
 10
45.54938904036359
 20
4.376128746357992
 30
0
 70
     8
 50
0
  0
VERTEX
  5
47E
330
417
100
AcDbEntity
  8
Muebles
 48
0.01
100
AcDbVertex
100
AcDb2dVertex
 10
45.5497579510895
 20
4.376604498072695
 30
0
 70
     8
 50
0
  0
VERTEX
  5
47F
330
417
100
AcDbEntity
  8
Muebles
 48
0.01
100
AcDbVertex
100
AcDb2dVertex
 10
45.55010285167336
 20
4.377111251417475
 30
0
 70
     8
 50
0
  0
VERTEX
  5
480
330
417
100
AcDbEntity
  8
Muebles
 48
0.01
100
AcDbVertex
100
AcDb2dVertex
 10
45.55042736906429
 20
4.377653852000705
 30
0
 70
     8
 50
0
  0
VERTEX
  5
481
330
417
100
AcDbEntity
  8
Muebles
 48
0.01
100
AcDbVertex
100
AcDb2dVertex
 10
45.55073513021225
 20
4.378237145430759
 30
0
 70
     8
 50
0
  0
VERTEX
  5
482
330
417
100
AcDbEntity
  8
Muebles
 48
0.01
100
AcDbVertex
100
AcDb2dVertex
 10
45.55103878307349
 20
4.379151974960379
 30
0
 70
     8
 50
0
  0
VERTEX
  5
483
330
417
100
AcDbEntity
  8
Muebles
 48
0.01
100
AcDbVertex
100
AcDb2dVertex
 10
45.55138705963404
 20
4.381833174420919
 30
0
 70
     8
 50
0
  0
VERTEX
  5
484
330
417
100
AcDbEntity
  8
Muebles
 48
0.01
100
AcDbVertex
100
AcDb2dVertex
 10
45.55183771288702
 20
4.388001575287646
 30
0
 70
     8
 50
0
  0
VERTEX
  5
485
330
417
100
AcDbEntity
  8
Muebles
 48
0.01
100
AcDbVertex
100
AcDb2dVertex
 10
45.55244849582559
 20
4.399378009035829
 30
0
 70
     8
 50
0
  0
VERTEX
  5
486
330
417
100
AcDbEntity
  8
Muebles
 48
0.01
100
AcDbVertex
100
AcDb2dVertex
 10
45.55327716144299
 20
4.417683307141189
 30
0
 70
     8
 50
0
  0
VERTEX
  5
487
330
417
100
AcDbEntity
  8
Muebles
 48
0.01
100
AcDbVertex
100
AcDb2dVertex
 10
45.55438146273215
 20
4.444638301078996
 30
0
 70
     8
 50
0
  0
VERTEX
  5
488
330
417
100
AcDbEntity
  8
Muebles
 48
0.01
100
AcDbVertex
100
AcDb2dVertex
 10
45.55581915268644
 20
4.481963822324744
 30
0
 70
     8
 50
0
  0
VERTEX
  5
489
330
417
100
AcDbEntity
  8
Muebles
 48
0.01
100
AcDbVertex
100
AcDb2dVertex
 10
45.55764798429877
 20
4.531380702353928
 30
0
 70
     8
 50
0
  0
VERTEX
  5
48A
330
417
100
AcDbEntity
  8
Muebles
 48
0.01
100
AcDbVertex
100
AcDb2dVertex
 10
45.56352950040568
 20
4.687348126584922
 30
0
 70
    16
 50
0
  0
VERTEX
  5
48B
330
417
100
AcDbEntity
  8
Muebles
 48
0.01
100
AcDbVertex
100
AcDb2dVertex
 10
45.55791460613827
 20
4.700415157354129
 30
0
 70
    16
 50
0
  0
VERTEX
  5
48C
330
417
100
AcDbEntity
  8
Muebles
 48
0.01
100
AcDbVertex
100
AcDb2dVertex
 10
45.5524339398614
 20
4.70322789559502
 30
0
 70
    16
 50
0
  0
VERTEX
  5
48D
330
417
100
AcDbEntity
  8
Muebles
 48
0.01
100
AcDbVertex
100
AcDb2dVertex
 10
45.50706581810468
 20
4.704312590668152
 30
0
 70
    16
 50
0
  0
VERTEX
  5
48E
330
417
100
AcDbEntity
  8
Muebles
 48
0.01
100
AcDbVertex
100
AcDb2dVertex
 10
45.4997441895658
 20
4.701874852891407
 30
0
 70
    16
 50
0
  0
VERTEX
  5
48F
330
417
100
AcDbEntity
  8
Muebles
 48
0.01
100
AcDbVertex
100
AcDb2dVertex
 10
45.49349432629501
 20
4.69532632195812
 30
0
 70
    16
 50
0
  0
VERTEX
  5
490
330
417
100
AcDbEntity
  8
Muebles
 48
0.01
100
AcDbVertex
100
AcDb2dVertex
 10
45.49092781416047
 20
4.686104355180916
 30
0
 70
    16
 50
0
  0
VERTEX
  5
491
330
417
100
AcDbEntity
  8
Muebles
 48
0.01
100
AcDbVertex
100
AcDb2dVertex
 10
45.4887149394186
 20
4.396030263746908
 30
0
 70
    16
 50
0
  0
VERTEX
  5
492
330
417
100
AcDbEntity
  8
Muebles
 48
0.01
100
AcDbVertex
100
AcDb2dVertex
 10
45.4903475078946
 20
4.385560083202492
 30
0
 70
    16
 50
0
  0
VERTEX
  5
493
330
417
100
AcDbEntity
  8
Muebles
 48
0.01
100
AcDbVertex
100
AcDb2dVertex
 10
45.49300373409559
 20
4.37928768306476
 30
0
 70
    16
 50
0
  0
VERTEX
  5
494
330
417
100
AcDbEntity
  8
Muebles
 48
0.01
100
AcDbVertex
100
AcDb2dVertex
 10
45.49774368145481
 20
4.375123274557311
 30
0
 70
    16
 50
0
  0
VERTEX
  5
495
330
417
100
AcDbEntity
  8
Muebles
 48
0.01
100
AcDbVertex
100
AcDb2dVertex
 10
45.54252815614402
 20
4.371415291781133
 30
0
 70
    16
 50
0
  0
VERTEX
  5
496
330
417
100
AcDbEntity
  8
Muebles
 48
0.01
100
AcDbVertex
100
AcDb2dVertex
 10
45.54805030253587
 20
4.37436659202551
 30
0
 70
    16
 50
0
  0
VERTEX
  5
497
330
417
100
AcDbEntity
  8
Muebles
 48
0.01
100
AcDbVertex
100
AcDb2dVertex
 10
45.55087517601302
 20
4.377751401908128
 30
0
 70
    16
 50
0
  0
VERTEX
  5
498
330
417
100
AcDbEntity
  8
Muebles
 48
0.01
100
AcDbVertex
100
AcDb2dVertex
 10
45.55219824179434
 20
4.381950915919944
 30
0
 70
    16
 50
0
  0
VERTEX
  5
499
330
417
100
AcDbEntity
  8
Muebles
 48
0.01
100
AcDbVertex
100
AcDb2dVertex
 10
45.55764798429877
 20
4.531380702353928
 30
0
 70
    16
 50
0
  0
SEQEND
  5
49A
330
417
100
AcDbEntity
  8
Muebles
 48
0.01
  0
POLYLINE
  5
49B
330
28F
100
AcDbEntity
  8
Muebles
 48
0.01
100
AcDb2dPolyline
 66
     1
 70
     4
 75
     6
 10
0
 20
0
 30
0
 40
0
 41
0
  0
VERTEX
  5
49C
330
49B
100
AcDbEntity
  8
Muebles
 48
0.01
100
AcDbVertex
100
AcDb2dVertex
 10
45.59298365992581
 20
4.72143965947491
 30
0
 70
    16
 50
0
  0
VERTEX
  5
49D
330
49B
100
AcDbEntity
  8
Muebles
 48
0.01
100
AcDbVertex
100
AcDb2dVertex
 10
45.59298365992581
 20
4.72143965947491
 30
0
 70
     8
 50
0
  0
VERTEX
  5
49E
330
49B
100
AcDbEntity
  8
Muebles
 48
0.01
100
AcDbVertex
100
AcDb2dVertex
 10
45.58363582159743
 20
4.701835027144327
 30
0
 70
     8
 50
0
  0
VERTEX
  5
49F
330
49B
100
AcDbEntity
  8
Muebles
 48
0.01
100
AcDbVertex
100
AcDb2dVertex
 10
45.5764304739582
 20
4.684670699501723
 30
0
 70
     8
 50
0
  0
VERTEX
  5
4A0
330
49B
100
AcDbEntity
  8
Muebles
 48
0.01
100
AcDbVertex
100
AcDb2dVertex
 10
45.57106236808247
 20
4.669571666760405
 30
0
 70
     8
 50
0
  0
VERTEX
  5
4A1
330
49B
100
AcDbEntity
  8
Muebles
 48
0.01
100
AcDbVertex
100
AcDb2dVertex
 10
45.5672262550448
 20
4.656162919132996
 30
0
 70
     8
 50
0
  0
VERTEX
  5
4A2
330
49B
100
AcDbEntity
  8
Muebles
 48
0.01
100
AcDbVertex
100
AcDb2dVertex
 10
45.56461688591955
 20
4.64406944683212
 30
0
 70
     8
 50
0
  0
VERTEX
  5
4A3
330
49B
100
AcDbEntity
  8
Muebles
 48
0.01
100
AcDbVertex
100
AcDb2dVertex
 10
45.56292901178116
 20
4.632916240070628
 30
0
 70
     8
 50
0
  0
VERTEX
  5
4A4
330
49B
100
AcDbEntity
  8
Muebles
 48
0.01
100
AcDbVertex
100
AcDb2dVertex
 10
45.56185738370422
 20
4.622328289061372
 30
0
 70
     8
 50
0
  0
VERTEX
  5
4A5
330
49B
100
AcDbEntity
  8
Muebles
 48
0.01
100
AcDbVertex
100
AcDb2dVertex
 10
45.56109675276318
 20
4.611930584017202
 30
0
 70
     8
 50
0
  0
VERTEX
  5
4A6
330
49B
100
AcDbEntity
  8
Muebles
 48
0.01
100
AcDbVertex
100
AcDb2dVertex
 10
45.56039670083337
 20
4.601401909186436
 30
0
 70
     8
 50
0
  0
VERTEX
  5
4A7
330
49B
100
AcDbEntity
  8
Muebles
 48
0.01
100
AcDbVertex
100
AcDb2dVertex
 10
45.55972613299431
 20
4.590636224959255
 30
0
 70
     8
 50
0
  0
VERTEX
  5
4A8
330
49B
100
AcDbEntity
  8
Muebles
 48
0.01
100
AcDbVertex
100
AcDb2dVertex
 10
45.5591087851262
 20
4.579581285761535
 30
0
 70
     8
 50
0
  0
VERTEX
  5
4A9
330
49B
100
AcDbEntity
  8
Muebles
 48
0.01
100
AcDbVertex
100
AcDb2dVertex
 10
45.55856839310954
 20
4.568184846019605
 30
0
 70
     8
 50
0
  0
VERTEX
  5
4AA
330
49B
100
AcDbEntity
  8
Muebles
 48
0.01
100
AcDbVertex
100
AcDb2dVertex
 10
45.55812869282485
 20
4.556394660158887
 30
0
 70
     8
 50
0
  0
VERTEX
  5
4AB
330
49B
100
AcDbEntity
  8
Muebles
 48
0.01
100
AcDbVertex
100
AcDb2dVertex
 10
45.5578134201522
 20
4.544158482605255
 30
0
 70
     8
 50
0
  0
VERTEX
  5
4AC
330
49B
100
AcDbEntity
  8
Muebles
 48
0.01
100
AcDbVertex
100
AcDb2dVertex
 10
45.55764631097222
 20
4.531424067784812
 30
0
 70
     8
 50
0
  0
VERTEX
  5
4AD
330
49B
100
AcDbEntity
  8
Muebles
 48
0.01
100
AcDbVertex
100
AcDb2dVertex
 10
45.55765110116508
 20
4.518139170123433
 30
0
 70
     8
 50
0
  0
VERTEX
  5
4AE
330
49B
100
AcDbEntity
  8
Muebles
 48
0.01
100
AcDbVertex
100
AcDb2dVertex
 10
45.55784523208771
 20
4.504295633000922
 30
0
 70
     8
 50
0
  0
VERTEX
  5
4AF
330
49B
100
AcDbEntity
  8
Muebles
 48
0.01
100
AcDbVertex
100
AcDb2dVertex
 10
45.55822096700282
 20
4.490061655613474
 30
0
 70
     8
 50
0
  0
VERTEX
  5
4B0
330
49B
100
AcDbEntity
  8
Muebles
 48
0.01
100
AcDbVertex
100
AcDb2dVertex
 10
45.55876427464941
 20
4.47564952611053
 30
0
 70
     8
 50
0
  0
VERTEX
  5
4B1
330
49B
100
AcDbEntity
  8
Muebles
 48
0.01
100
AcDbVertex
100
AcDb2dVertex
 10
45.55946112376679
 20
4.461271532642215
 30
0
 70
     8
 50
0
  0
VERTEX
  5
4B2
330
49B
100
AcDbEntity
  8
Muebles
 48
0.01
100
AcDbVertex
100
AcDb2dVertex
 10
45.56029748309388
 20
4.447139963358424
 30
0
 70
     8
 50
0
  0
VERTEX
  5
4B3
330
49B
100
AcDbEntity
  8
Muebles
 48
0.01
100
AcDbVertex
100
AcDb2dVertex
 10
45.56125932136987
 20
4.433467106409282
 30
0
 70
     8
 50
0
  0
VERTEX
  5
4B4
330
49B
100
AcDbEntity
  8
Muebles
 48
0.01
100
AcDbVertex
100
AcDb2dVertex
 10
45.56233260733401
 20
4.420465249944456
 30
0
 70
     8
 50
0
  0
VERTEX
  5
4B5
330
49B
100
AcDbEntity
  8
Muebles
 48
0.01
100
AcDbVertex
100
AcDb2dVertex
 10
45.56350330972518
 20
4.408346682113844
 30
0
 70
     8
 50
0
  0
VERTEX
  5
4B6
330
49B
100
AcDbEntity
  8
Muebles
 48
0.01
100
AcDbVertex
100
AcDb2dVertex
 10
45.56475862628153
 20
4.397274918742752
 30
0
 70
     8
 50
0
  0
VERTEX
  5
4B7
330
49B
100
AcDbEntity
  8
Muebles
 48
0.01
100
AcDbVertex
100
AcDb2dVertex
 10
45.56609067073768
 20
4.387218386355855
 30
0
 70
     8
 50
0
  0
VERTEX
  5
4B8
330
49B
100
AcDbEntity
  8
Muebles
 48
0.01
100
AcDbVertex
100
AcDb2dVertex
 10
45.5674927858266
 20
4.37809673915369
 30
0
 70
     8
 50
0
  0
VERTEX
  5
4B9
330
49B
100
AcDbEntity
  8
Muebles
 48
0.01
100
AcDbVertex
100
AcDb2dVertex
 10
45.56895831428173
 20
4.369829631336344
 30
0
 70
     8
 50
0
  0
VERTEX
  5
4BA
330
49B
100
AcDbEntity
  8
Muebles
 48
0.01
100
AcDbVertex
100
AcDb2dVertex
 10
45.57048059883627
 20
4.362336717103901
 30
0
 70
     8
 50
0
  0
VERTEX
  5
4BB
330
49B
100
AcDbEntity
  8
Muebles
 48
0.01
100
AcDbVertex
100
AcDb2dVertex
 10
45.57205298222377
 20
4.355537650656672
 30
0
 70
     8
 50
0
  0
VERTEX
  5
4BC
330
49B
100
AcDbEntity
  8
Muebles
 48
0.01
100
AcDbVertex
100
AcDb2dVertex
 10
45.57366880717731
 20
4.349352086194742
 30
0
 70
     8
 50
0
  0
VERTEX
  5
4BD
330
49B
100
AcDbEntity
  8
Muebles
 48
0.01
100
AcDbVertex
100
AcDb2dVertex
 10
45.57532141643023
 20
4.343699677918423
 30
0
 70
     8
 50
0
  0
VERTEX
  5
4BE
330
49B
100
AcDbEntity
  8
Muebles
 48
0.01
100
AcDbVertex
100
AcDb2dVertex
 10
45.57700813427297
 20
4.33850561717729
 30
0
 70
     8
 50
0
  0
VERTEX
  5
4BF
330
49B
100
AcDbEntity
  8
Muebles
 48
0.01
100
AcDbVertex
100
AcDb2dVertex
 10
45.5787422112231
 20
4.333717243919565
 30
0
 70
     8
 50
0
  0
VERTEX
  5
4C0
330
49B
100
AcDbEntity
  8
Muebles
 48
0.01
100
AcDbVertex
100
AcDb2dVertex
 10
45.58054087935531
 20
4.329287435242961
 30
0
 70
     8
 50
0
  0
VERTEX
  5
4C1
330
49B
100
AcDbEntity
  8
Muebles
 48
0.01
100
AcDbVertex
100
AcDb2dVertex
 10
45.58242137074453
 20
4.325169068244961
 30
0
 70
     8
 50
0
  0
VERTEX
  5
4C2
330
49B
100
AcDbEntity
  8
Muebles
 48
0.01
100
AcDbVertex
100
AcDb2dVertex
 10
45.5844009174651
 20
4.321315020023277
 30
0
 70
     8
 50
0
  0
VERTEX
  5
4C3
330
49B
100
AcDbEntity
  8
Muebles
 48
0.01
100
AcDbVertex
100
AcDb2dVertex
 10
45.58649675159208
 20
4.317678167675624
 30
0
 70
     8
 50
0
  0
VERTEX
  5
4C4
330
49B
100
AcDbEntity
  8
Muebles
 48
0.01
100
AcDbVertex
100
AcDb2dVertex
 10
45.58872610520015
 20
4.314211388299711
 30
0
 70
     8
 50
0
  0
VERTEX
  5
4C5
330
49B
100
AcDbEntity
  8
Muebles
 48
0.01
100
AcDbVertex
100
AcDb2dVertex
 10
45.59110621036379
 20
4.310867558993024
 30
0
 70
     8
 50
0
  0
VERTEX
  5
4C6
330
49B
100
AcDbEntity
  8
Muebles
 48
0.01
100
AcDbVertex
100
AcDb2dVertex
 10
45.59365251429912
 20
4.307609025167878
 30
0
 70
     8
 50
0
  0
VERTEX
  5
4C7
330
49B
100
AcDbEntity
  8
Muebles
 48
0.01
100
AcDbVertex
100
AcDb2dVertex
 10
45.59637332478687
 20
4.304436005493855
 30
0
 70
     8
 50
0
  0
VERTEX
  5
4C8
330
49B
100
AcDbEntity
  8
Muebles
 48
0.01
100
AcDbVertex
100
AcDb2dVertex
 10
45.59927516474951
 20
4.301358186955596
 30
0
 70
     8
 50
0
  0
VERTEX
  5
4C9
330
49B
100
AcDbEntity
  8
Muebles
 48
0.01
100
AcDbVertex
100
AcDb2dVertex
 10
45.60236455710898
 20
4.298385256537514
 30
0
 70
     8
 50
0
  0
VERTEX
  5
4CA
330
49B
100
AcDbEntity
  8
Muebles
 48
0.01
100
AcDbVertex
100
AcDb2dVertex
 10
45.60564802478754
 20
4.295526901223795
 30
0
 70
     8
 50
0
  0
VERTEX
  5
4CB
330
49B
100
AcDbEntity
  8
Muebles
 48
0.01
100
AcDbVertex
100
AcDb2dVertex
 10
45.60913209070722
 20
4.292792807998623
 30
0
 70
     8
 50
0
  0
VERTEX
  5
4CC
330
49B
100
AcDbEntity
  8
Muebles
 48
0.01
100
AcDbVertex
100
AcDb2dVertex
 10
45.6128232777904
 20
4.290192663846639
 30
0
 70
     8
 50
0
  0
VERTEX
  5
4CD
330
49B
100
AcDbEntity
  8
Muebles
 48
0.01
100
AcDbVertex
100
AcDb2dVertex
 10
45.61672810895911
 20
4.287736155752029
 30
0
 70
     8
 50
0
  0
VERTEX
  5
4CE
330
49B
100
AcDbEntity
  8
Muebles
 48
0.01
100
AcDbVertex
100
AcDb2dVertex
 10
45.62085159141256
 20
4.285429623684351
 30
0
 70
     8
 50
0
  0
VERTEX
  5
4CF
330
49B
100
AcDbEntity
  8
Muebles
 48
0.01
100
AcDbVertex
100
AcDb2dVertex
 10
45.62519266945819
 20
4.283266019552386
 30
0
 70
     8
 50
0
  0
VERTEX
  5
4D0
330
49B
100
AcDbEntity
  8
Muebles
 48
0.01
100
AcDbVertex
100
AcDb2dVertex
 10
45.62974877168048
 20
4.281234948250287
 30
0
 70
     8
 50
0
  0
VERTEX
  5
4D1
330
49B
100
AcDbEntity
  8
Muebles
 48
0.01
100
AcDbVertex
100
AcDb2dVertex
 10
45.63451732666383
 20
4.279326014672435
 30
0
 70
     8
 50
0
  0
VERTEX
  5
4D2
330
49B
100
AcDbEntity
  8
Muebles
 48
0.01
100
AcDbVertex
100
AcDb2dVertex
 10
45.6394957629926
 20
4.277528823712757
 30
0
 70
     8
 50
0
  0
VERTEX
  5
4D3
330
49B
100
AcDbEntity
  8
Muebles
 48
0.01
100
AcDbVertex
100
AcDb2dVertex
 10
45.6446815092514
 20
4.275832980265179
 30
0
 70
     8
 50
0
  0
VERTEX
  5
4D4
330
49B
100
AcDbEntity
  8
Muebles
 48
0.01
100
AcDbVertex
100
AcDb2dVertex
 10
45.65007199402461
 20
4.274228089224081
 30
0
 70
     8
 50
0
  0
VERTEX
  5
4D5
330
49B
100
AcDbEntity
  8
Muebles
 48
0.01
100
AcDbVertex
100
AcDb2dVertex
 10
45.65566464589674
 20
4.272703755483391
 30
0
 70
     8
 50
0
  0
VERTEX
  5
4D6
330
49B
100
AcDbEntity
  8
Muebles
 48
0.01
100
AcDbVertex
100
AcDb2dVertex
 10
45.66146364722712
 20
4.271250963211216
 30
0
 70
     8
 50
0
  0
VERTEX
  5
4D7
330
49B
100
AcDbEntity
  8
Muebles
 48
0.01
100
AcDbVertex
100
AcDb2dVertex
 10
45.66750019547541
 20
4.269866213671705
 30
0
 70
     8
 50
0
  0
VERTEX
  5
4D8
330
49B
100
AcDbEntity
  8
Muebles
 48
0.01
100
AcDbVertex
100
AcDb2dVertex
 10
45.67381224187599
 20
4.268547387402279
 30
0
 70
     8
 50
0
  0
VERTEX
  5
4D9
330
49B
100
AcDbEntity
  8
Muebles
 48
0.01
100
AcDbVertex
100
AcDb2dVertex
 10
45.68043773766348
 20
4.26729236494127
 30
0
 70
     8
 50
0
  0
VERTEX
  5
4DA
330
49B
100
AcDbEntity
  8
Muebles
 48
0.01
100
AcDbVertex
100
AcDb2dVertex
 10
45.68741463407227
 20
4.266099026826325
 30
0
 70
     8
 50
0
  0
VERTEX
  5
4DB
330
49B
100
AcDbEntity
  8
Muebles
 48
0.01
100
AcDbVertex
100
AcDb2dVertex
 10
45.69478088233708
 20
4.264965253595548
 30
0
 70
     8
 50
0
  0
VERTEX
  5
4DC
330
49B
100
AcDbEntity
  8
Muebles
 48
0.01
100
AcDbVertex
100
AcDb2dVertex
 10
45.70257443369232
 20
4.263888925786816
 30
0
 70
     8
 50
0
  0
VERTEX
  5
4DD
330
49B
100
AcDbEntity
  8
Muebles
 48
0.01
100
AcDbVertex
100
AcDb2dVertex
 10
45.71083323937259
 20
4.262867923937776
 30
0
 70
     8
 50
0
  0
VERTEX
  5
4DE
330
49B
100
AcDbEntity
  8
Muebles
 48
0.01
100
AcDbVertex
100
AcDb2dVertex
 10
45.71961479422916
 20
4.261903833490052
 30
0
 70
     8
 50
0
  0
VERTEX
  5
4DF
330
49B
100
AcDbEntity
  8
Muebles
 48
0.01
100
AcDbVertex
100
AcDb2dVertex
 10
45.72905476758123
 20
4.261013059497529
 30
0
 70
     8
 50
0
  0
VERTEX
  5
4E0
330
49B
100
AcDbEntity
  8
Muebles
 48
0.01
100
AcDbVertex
100
AcDb2dVertex
 10
45.73930837236512
 20
4.260215711918065
 30
0
 70
     8
 50
0
  0
VERTEX
  5
4E1
330
49B
100
AcDbEntity
  8
Muebles
 48
0.01
100
AcDbVertex
100
AcDb2dVertex
 10
45.75053082151643
 20
4.259531900708836
 30
0
 70
     8
 50
0
  0
VERTEX
  5
4E2
330
49B
100
AcDbEntity
  8
Muebles
 48
0.01
100
AcDbVertex
100
AcDb2dVertex
 10
45.76287732797172
 20
4.258981735827703
 30
0
 70
     8
 50
0
  0
VERTEX
  5
4E3
330
49B
100
AcDbEntity
  8
Muebles
 48
0.01
100
AcDbVertex
100
AcDb2dVertex
 10
45.77650310466683
 20
4.258585327232069
 30
0
 70
     8
 50
0
  0
VERTEX
  5
4E4
330
49B
100
AcDbEntity
  8
Muebles
 48
0.01
100
AcDbVertex
100
AcDb2dVertex
 10
45.79156336453784
 20
4.258362784879566
 30
0
 70
     8
 50
0
  0
VERTEX
  5
4E5
330
49B
100
AcDbEntity
  8
Muebles
 48
0.01
100
AcDbVertex
100
AcDb2dVertex
 10
45.80821332052082
 20
4.258334218727597
 30
0
 70
     8
 50
0
  0
VERTEX
  5
4E6
330
49B
100
AcDbEntity
  8
Muebles
 48
0.01
100
AcDbVertex
100
AcDb2dVertex
 10
45.56492810441986
 20
4.665573558309163
 30
0
 70
    16
 50
0
  0
VERTEX
  5
4E7
330
49B
100
AcDbEntity
  8
Muebles
 48
0.01
100
AcDbVertex
100
AcDb2dVertex
 10
45.56103543851995
 20
4.61390139812049
 30
0
 70
    16
 50
0
  0
VERTEX
  5
4E8
330
49B
100
AcDbEntity
  8
Muebles
 48
0.01
100
AcDbVertex
100
AcDb2dVertex
 10
45.55556432512967
 20
4.524568273217866
 30
0
 70
    16
 50
0
  0
VERTEX
  5
4E9
330
49B
100
AcDbEntity
  8
Muebles
 48
0.01
100
AcDbVertex
100
AcDb2dVertex
 10
45.56261386795163
 20
4.396660529748644
 30
0
 70
    16
 50
0
  0
VERTEX
  5
4EA
330
49B
100
AcDbEntity
  8
Muebles
 48
0.01
100
AcDbVertex
100
AcDb2dVertex
 10
45.57500006141433
 20
4.338869700470852
 30
0
 70
    16
 50
0
  0
VERTEX
  5
4EB
330
49B
100
AcDbEntity
  8
Muebles
 48
0.01
100
AcDbVertex
100
AcDb2dVertex
 10
45.58931438497288
 20
4.310058735878712
 30
0
 70
    16
 50
0
  0
VERTEX
  5
4EC
330
49B
100
AcDbEntity
  8
Muebles
 48
0.01
100
AcDbVertex
100
AcDb2dVertex
 10
45.61437966087678
 20
4.286100709973127
 30
0
 70
    16
 50
0
  0
VERTEX
  5
4ED
330
49B
100
AcDbEntity
  8
Muebles
 48
0.01
100
AcDbVertex
100
AcDb2dVertex
 10
45.65353562527477
 20
4.271955358741636
 30
0
 70
    16
 50
0
  0
VERTEX
  5
4EE
330
49B
100
AcDbEntity
  8
Muebles
 48
0.01
100
AcDbVertex
100
AcDb2dVertex
 10
45.70546571340478
 20
4.262300387961133
 30
0
 70
    16
 50
0
  0
VERTEX
  5
4EF
330
49B
100
AcDbEntity
  8
Muebles
 48
0.01
100
AcDbVertex
100
AcDb2dVertex
 10
45.76155587602929
 20
4.25813388468093
 30
0
 70
    16
 50
0
  0
VERTEX
  5
4F0
330
49B
100
AcDbEntity
  8
Muebles
 48
0.01
100
AcDbVertex
100
AcDb2dVertex
 10
45.80821332052082
 20
4.258334218727597
 30
0
 70
    16
 50
0
  0
SEQEND
  5
4F1
330
49B
100
AcDbEntity
  8
Muebles
 48
0.01
  0
POLYLINE
  5
4F2
330
28F
100
AcDbEntity
  8
Muebles
 48
0.01
100
AcDb2dPolyline
 66
     1
 70
     4
 75
     6
 10
0
 20
0
 30
0
 40
0
 41
0
  0
VERTEX
  5
4F3
330
4F2
100
AcDbEntity
  8
Muebles
 48
0.01
100
AcDbVertex
100
AcDb2dVertex
 10
45.80820264551366
 20
4.761299347984206
 30
0
 70
    16
 50
0
  0
VERTEX
  5
4F4
330
4F2
100
AcDbEntity
  8
Muebles
 48
0.01
100
AcDbVertex
100
AcDb2dVertex
 10
45.80820264551366
 20
4.761299347984206
 30
0
 70
     8
 50
0
  0
VERTEX
  5
4F5
330
4F2
100
AcDbEntity
  8
Muebles
 48
0.01
100
AcDbVertex
100
AcDb2dVertex
 10
45.78126223918534
 20
4.761301236197298
 30
0
 70
     8
 50
0
  0
VERTEX
  5
4F6
330
4F2
100
AcDbEntity
  8
Muebles
 48
0.01
100
AcDbVertex
100
AcDb2dVertex
 10
45.75824610340223
 20
4.760210964669497
 30
0
 70
     8
 50
0
  0
VERTEX
  5
4F7
330
4F2
100
AcDbEntity
  8
Muebles
 48
0.01
100
AcDbVertex
100
AcDb2dVertex
 10
45.73874553648747
 20
4.758237566616046
 30
0
 70
     8
 50
0
  0
VERTEX
  5
4F8
330
4F2
100
AcDbEntity
  8
Muebles
 48
0.01
100
AcDbVertex
100
AcDb2dVertex
 10
45.72235183676398
 20
4.755590075251959
 30
0
 70
     8
 50
0
  0
VERTEX
  5
4F9
330
4F2
100
AcDbEntity
  8
Muebles
 48
0.01
100
AcDbVertex
100
AcDb2dVertex
 10
45.70865630255511
 20
4.752477523792479
 30
0
 70
     8
 50
0
  0
VERTEX
  5
4FA
330
4F2
100
AcDbEntity
  8
Muebles
 48
0.01
100
AcDbVertex
100
AcDb2dVertex
 10
45.69725023218356
 20
4.749108945452619
 30
0
 70
     8
 50
0
  0
VERTEX
  5
4FB
330
4F2
100
AcDbEntity
  8
Muebles
 48
0.01
100
AcDbVertex
100
AcDb2dVertex
 10
45.68772492397247
 20
4.74569337344785
 30
0
 70
     8
 50
0
  0
VERTEX
  5
4FC
330
4F2
100
AcDbEntity
  8
Muebles
 48
0.01
100
AcDbVertex
100
AcDb2dVertex
 10
45.67967167624508
 20
4.742439840992731
 30
0
 70
     8
 50
0
  0
VERTEX
  5
4FD
330
4F2
100
AcDbEntity
  8
Muebles
 48
0.01
100
AcDbVertex
100
AcDb2dVertex
 10
45.67273276948899
 20
4.739514987009144
 30
0
 70
     8
 50
0
  0
VERTEX
  5
4FE
330
4F2
100
AcDbEntity
  8
Muebles
 48
0.01
100
AcDbVertex
100
AcDb2dVertex
 10
45.6667544128496
 20
4.736915873243262
 30
0
 70
     8
 50
0
  0
VERTEX
  5
4FF
330
4F2
100
AcDbEntity
  8
Muebles
 48
0.01
100
AcDbVertex
100
AcDb2dVertex
 10
45.66163379763768
 20
4.734597167148124
 30
0
 70
     8
 50
0
  0
VERTEX
  5
500
330
4F2
100
AcDbEntity
  8
Muebles
 48
0.01
100
AcDbVertex
100
AcDb2dVertex
 10
45.65726811516319
 20
4.732513536175858
 30
0
 70
     8
 50
0
  0
VERTEX
  5
501
330
4F2
100
AcDbEntity
  8
Muebles
 48
0.01
100
AcDbVertex
100
AcDb2dVertex
 10
45.65355455673657
 20
4.730619647779733
 30
0
 70
     8
 50
0
  0
VERTEX
  5
502
330
4F2
100
AcDbEntity
  8
Muebles
 48
0.01
100
AcDbVertex
100
AcDb2dVertex
 10
45.650390313668
 20
4.728870169412104
 30
0
 70
     8
 50
0
  0
VERTEX
  5
503
330
4F2
100
AcDbEntity
  8
Muebles
 48
0.01
100
AcDbVertex
100
AcDb2dVertex
 10
45.6476725772678
 20
4.727219768525785
 30
0
 70
     8
 50
0
  0
VERTEX
  5
504
330
4F2
100
AcDbEntity
  8
Muebles
 48
0.01
100
AcDbVertex
100
AcDb2dVertex
 10
45.64529853884628
 20
4.725623112573587
 30
0
 70
     8
 50
0
  0
VERTEX
  5
505
330
4F2
100
AcDbEntity
  8
Muebles
 48
0.01
100
AcDbVertex
100
AcDb2dVertex
 10
45.64317947156403
 20
4.724043649457755
 30
0
 70
     8
 50
0
  0
VERTEX
  5
506
330
4F2
100
AcDbEntity
  8
Muebles
 48
0.01
100
AcDbVertex
100
AcDb2dVertex
 10
45.64128297598231
 20
4.72247994888032
 30
0
 70
     8
 50
0
  0
VERTEX
  5
507
330
4F2
100
AcDbEntity
  8
Muebles
 48
0.01
100
AcDbVertex
100
AcDb2dVertex
 10
45.63959073451289
 20
4.720939360992517
 30
0
 70
     8
 50
0
  0
VERTEX
  5
508
330
4F2
100
AcDbEntity
  8
Muebles
 48
0.01
100
AcDbVertex
100
AcDb2dVertex
 10
45.63808442956744
 20
4.719429235945583
 30
0
 70
     8
 50
0
  0
VERTEX
  5
509
330
4F2
100
AcDbEntity
  8
Muebles
 48
0.01
100
AcDbVertex
100
AcDb2dVertex
 10
45.63674574355761
 20
4.717956923891663
 30
0
 70
     8
 50
0
  0
VERTEX
  5
50A
330
4F2
100
AcDbEntity
  8
Muebles
 48
0.01
100
AcDbVertex
100
AcDb2dVertex
 10
45.63555635889506
 20
4.716529774981538
 30
0
 70
     8
 50
0
  0
VERTEX
  5
50B
330
4F2
100
AcDbEntity
  8
Muebles
 48
0.01
100
AcDbVertex
100
AcDb2dVertex
 10
45.63449795799156
 20
4.715155139367127
 30
0
 70
     8
 50
0
  0
VERTEX
  5
50C
330
4F2
100
AcDbEntity
  8
Muebles
 48
0.01
100
AcDbVertex
100
AcDb2dVertex
 10
45.63355222325853
 20
4.713840367199893
 30
0
 70
     8
 50
0
  0
VERTEX
  5
50D
330
4F2
100
AcDbEntity
  8
Muebles
 48
0.01
100
AcDbVertex
100
AcDb2dVertex
 10
45.63270372512133
 20
4.712590607982676
 30
0
 70
     8
 50
0
  0
VERTEX
  5
50E
330
4F2
100
AcDbEntity
  8
Muebles
 48
0.01
100
AcDbVertex
100
AcDb2dVertex
 10
45.63194858605854
 20
4.711402208624961
 30
0
 70
     8
 50
0
  0
VERTEX
  5
50F
330
4F2
100
AcDbEntity
  8
Muebles
 48
0.01
100
AcDbVertex
100
AcDb2dVertex
 10
45.63128581656221
 20
4.710269315387833
 30
0
 70
     8
 50
0
  0
VERTEX
  5
510
330
4F2
100
AcDbEntity
  8
Muebles
 48
0.01
100
AcDbVertex
100
AcDb2dVertex
 10
45.6307144271245
 20
4.709186074532155
 30
0
 70
     8
 50
0
  0
VERTEX
  5
511
330
4F2
100
AcDbEntity
  8
Muebles
 48
0.01
100
AcDbVertex
100
AcDb2dVertex
 10
45.63023342823735
 20
4.708146632319242
 30
0
 70
     8
 50
0
  0
VERTEX
  5
512
330
4F2
100
AcDbEntity
  8
Muebles
 48
0.01
100
AcDbVertex
100
AcDb2dVertex
 10
45.62984183039313
 20
4.707145135009497
 30
0
 70
     8
 50
0
  0
VERTEX
  5
513
330
4F2
100
AcDbEntity
  8
Muebles
 48
0.01
100
AcDbVertex
100
AcDb2dVertex
 10
45.62953864408368
 20
4.706175728864466
 30
0
 70
     8
 50
0
  0
VERTEX
  5
514
330
4F2
100
AcDbEntity
  8
Muebles
 48
0.01
100
AcDbVertex
100
AcDb2dVertex
 10
45.62932287980126
 20
4.705232560144779
 30
0
 70
     8
 50
0
  0
VERTEX
  5
515
330
4F2
100
AcDbEntity
  8
Muebles
 48
0.01
100
AcDbVertex
100
AcDb2dVertex
 10
45.62919490681392
 20
4.704310769830883
 30
0
 70
     8
 50
0
  0
VERTEX
  5
516
330
4F2
100
AcDbEntity
  8
Muebles
 48
0.01
100
AcDbVertex
100
AcDb2dVertex
 10
45.6291605294941
 20
4.703409477778834
 30
0
 70
     8
 50
0
  0
VERTEX
  5
517
330
4F2
100
AcDbEntity
  8
Muebles
 48
0.01
100
AcDbVertex
100
AcDb2dVertex
 10
45.62922691099024
 20
4.702528798564273
 30
0
 70
     8
 50
0
  0
VERTEX
  5
518
330
4F2
100
AcDbEntity
  8
Muebles
 48
0.01
100
AcDbVertex
100
AcDb2dVertex
 10
45.62940121445055
 20
4.701668846762843
 30
0
 70
     8
 50
0
  0
VERTEX
  5
519
330
4F2
100
AcDbEntity
  8
Muebles
 48
0.01
100
AcDbVertex
100
AcDb2dVertex
 10
45.6296906030237
 20
4.700829736949956
 30
0
 70
     8
 50
0
  0
VERTEX
  5
51A
330
4F2
100
AcDbEntity
  8
Muebles
 48
0.01
100
AcDbVertex
100
AcDb2dVertex
 10
45.63010223985791
 20
4.700011583701254
 30
0
 70
     8
 50
0
  0
VERTEX
  5
51B
330
4F2
100
AcDbEntity
  8
Muebles
 48
0.01
100
AcDbVertex
100
AcDb2dVertex
 10
45.63064328810171
 20
4.699214501592152
 30
0
 70
     8
 50
0
  0
VERTEX
  5
51C
330
4F2
100
AcDbEntity
  8
Muebles
 48
0.01
100
AcDbVertex
100
AcDb2dVertex
 10
45.63132091090355
 20
4.698438605198291
 30
0
 70
     8
 50
0
  0
VERTEX
  5
51D
330
4F2
100
AcDbEntity
  8
Muebles
 48
0.01
100
AcDbVertex
100
AcDb2dVertex
 10
45.63215452715357
 20
4.69768058930724
 30
0
 70
     8
 50
0
  0
VERTEX
  5
51E
330
4F2
100
AcDbEntity
  8
Muebles
 48
0.01
100
AcDbVertex
100
AcDb2dVertex
 10
45.63321257870948
 20
4.69692346955496
 30
0
 70
     8
 50
0
  0
VERTEX
  5
51F
330
4F2
100
AcDbEntity
  8
Muebles
 48
0.01
100
AcDbVertex
100
AcDb2dVertex
 10
45.63457576317089
 20
4.696146841789798
 30
0
 70
     8
 50
0
  0
VERTEX
  5
520
330
4F2
100
AcDbEntity
  8
Muebles
 48
0.01
100
AcDbVertex
100
AcDb2dVertex
 10
45.63632477813721
 20
4.695330301860096
 30
0
 70
     8
 50
0
  0
VERTEX
  5
521
330
4F2
100
AcDbEntity
  8
Muebles
 48
0.01
100
AcDbVertex
100
AcDb2dVertex
 10
45.63854032120807
 20
4.694453445613519
 30
0
 70
     8
 50
0
  0
VERTEX
  5
522
330
4F2
100
AcDbEntity
  8
Muebles
 48
0.01
100
AcDbVertex
100
AcDb2dVertex
 10
45.64130308998287
 20
4.693495868898864
 30
0
 70
     8
 50
0
  0
VERTEX
  5
523
330
4F2
100
AcDbEntity
  8
Muebles
 48
0.01
100
AcDbVertex
100
AcDb2dVertex
 10
45.64469378206113
 20
4.692437167564023
 30
0
 70
     8
 50
0
  0
VERTEX
  5
524
330
4F2
100
AcDbEntity
  8
Muebles
 48
0.01
100
AcDbVertex
100
AcDb2dVertex
 10
45.64879309504258
 20
4.691256937457112
 30
0
 70
     8
 50
0
  0
VERTEX
  5
525
330
4F2
100
AcDbEntity
  8
Muebles
 48
0.01
100
AcDbVertex
100
AcDb2dVertex
 10
45.73076591086496
 20
4.76294640350936
 30
0
 70
    16
 50
0
  0
VERTEX
  5
526
330
4F2
100
AcDbEntity
  8
Muebles
 48
0.01
100
AcDbVertex
100
AcDb2dVertex
 10
45.66832918230725
 20
4.738481731498425
 30
0
 70
    16
 50
0
  0
VERTEX
  5
527
330
4F2
100
AcDbEntity
  8
Muebles
 48
0.01
100
AcDbVertex
100
AcDb2dVertex
 10
45.64272905309744
 20
4.725533380448653
 30
0
 70
    16
 50
0
  0
VERTEX
  5
528
330
4F2
100
AcDbEntity
  8
Muebles
 48
0.01
100
AcDbVertex
100
AcDb2dVertex
 10
45.63254583838076
 20
4.713123422148712
 30
0
 70
    16
 50
0
  0
VERTEX
  5
529
330
4F2
100
AcDbEntity
  8
Muebles
 48
0.01
100
AcDbVertex
100
AcDb2dVertex
 10
45.62840093293127
 20
4.70501513415563
 30
0
 70
    16
 50
0
  0
VERTEX
  5
52A
330
4F2
100
AcDbEntity
  8
Muebles
 48
0.01
100
AcDbVertex
100
AcDb2dVertex
 10
45.62978770870185
 20
4.698211402097442
 30
0
 70
    16
 50
0
  0
VERTEX
  5
52B
330
4F2
100
AcDbEntity
  8
Muebles
 48
0.01
100
AcDbVertex
100
AcDb2dVertex
 10
45.63684503468866
 20
4.694584393128636
 30
0
 70
    16
 50
0
  0
VERTEX
  5
52C
330
4F2
100
AcDbEntity
  8
Muebles
 48
0.01
100
AcDbVertex
100
AcDb2dVertex
 10
45.64879309504258
 20
4.691256937457112
 30
0
 70
    16
 50
0
  0
SEQEND
  5
52D
330
4F2
100
AcDbEntity
  8
Muebles
 48
0.01
  0
POLYLINE
  5
52E
330
28F
100
AcDbEntity
  8
Muebles
 48
0.01
100
AcDb2dPolyline
 66
     1
 70
     4
 75
     6
 10
0
 20
0
 30
0
 40
0
 41
0
  0
VERTEX
  5
52F
330
52E
100
AcDbEntity
  8
Muebles
 48
0.01
100
AcDbVertex
100
AcDb2dVertex
 10
45.80821332052082
 20
4.815501015795618
 30
0
 70
    16
 50
0
  0
VERTEX
  5
530
330
52E
100
AcDbEntity
  8
Muebles
 48
0.01
100
AcDbVertex
100
AcDb2dVertex
 10
45.80821332052082
 20
4.815501015795618
 30
0
 70
     8
 50
0
  0
VERTEX
  5
531
330
52E
100
AcDbEntity
  8
Muebles
 48
0.01
100
AcDbVertex
100
AcDb2dVertex
 10
45.77506999083047
 20
4.815537142866262
 30
0
 70
     8
 50
0
  0
VERTEX
  5
532
330
52E
100
AcDbEntity
  8
Muebles
 48
0.01
100
AcDbVertex
100
AcDb2dVertex
 10
45.74742198914473
 20
4.814749988373634
 30
0
 70
     8
 50
0
  0
VERTEX
  5
533
330
52E
100
AcDbEntity
  8
Muebles
 48
0.01
100
AcDbVertex
100
AcDb2dVertex
 10
45.72457870612934
 20
4.813265730900113
 30
0
 70
     8
 50
0
  0
VERTEX
  5
534
330
52E
100
AcDbEntity
  8
Muebles
 48
0.01
100
AcDbVertex
100
AcDb2dVertex
 10
45.70584953245063
 20
4.811210549029212
 30
0
 70
     8
 50
0
  0
VERTEX
  5
535
330
52E
100
AcDbEntity
  8
Muebles
 48
0.01
100
AcDbVertex
100
AcDb2dVertex
 10
45.69054385877459
 20
4.808710621343536
 30
0
 70
     8
 50
0
  0
VERTEX
  5
536
330
52E
100
AcDbEntity
  8
Muebles
 48
0.01
100
AcDbVertex
100
AcDb2dVertex
 10
45.67797107576743
 20
4.805892126426144
 30
0
 70
     8
 50
0
  0
VERTEX
  5
537
330
52E
100
AcDbEntity
  8
Muebles
 48
0.01
100
AcDbVertex
100
AcDb2dVertex
 10
45.66744057409537
 20
4.802881242860096
 30
0
 70
     8
 50
0
  0
VERTEX
  5
538
330
52E
100
AcDbEntity
  8
Muebles
 48
0.01
100
AcDbVertex
100
AcDb2dVertex
 10
45.65826174442427
 20
4.799804149228223
 30
0
 70
     8
 50
0
  0
VERTEX
  5
539
330
52E
100
AcDbEntity
  8
Muebles
 48
0.01
100
AcDbVertex
100
AcDb2dVertex
 10
45.6498354574488
 20
4.796737849893063
 30
0
 70
     8
 50
0
  0
VERTEX
  5
53A
330
52E
100
AcDbEntity
  8
Muebles
 48
0.01
100
AcDbVertex
100
AcDb2dVertex
 10
45.64192850397748
 20
4.793562652334614
 30
0
 70
     8
 50
0
  0
VERTEX
  5
53B
330
52E
100
AcDbEntity
  8
Muebles
 48
0.01
100
AcDbVertex
100
AcDb2dVertex
 10
45.63439915484705
 20
4.790109689811899
 30
0
 70
     8
 50
0
  0
VERTEX
  5
53C
330
52E
100
AcDbEntity
  8
Muebles
 48
0.01
100
AcDbVertex
100
AcDb2dVertex
 10
45.62710568089446
 20
4.786210095584622
 30
0
 70
     8
 50
0
  0
VERTEX
  5
53D
330
52E
100
AcDbEntity
  8
Muebles
 48
0.01
100
AcDbVertex
100
AcDb2dVertex
 10
45.61990635295669
 20
4.781695002911803
 30
0
 70
     8
 50
0
  0
VERTEX
  5
53E
330
52E
100
AcDbEntity
  8
Muebles
 48
0.01
100
AcDbVertex
100
AcDb2dVertex
 10
45.61265944187048
 20
4.776395545052921
 30
0
 70
     8
 50
0
  0
VERTEX
  5
53F
330
52E
100
AcDbEntity
  8
Muebles
 48
0.01
100
AcDbVertex
100
AcDb2dVertex
 10
45.60522321847267
 20
4.770142855266997
 30
0
 70
     8
 50
0
  0
VERTEX
  5
540
330
52E
100
AcDbEntity
  8
Muebles
 48
0.01
100
AcDbVertex
100
AcDb2dVertex
 10
45.59745595360025
 20
4.762768066813962
 30
0
 70
     8
 50
0
  0
VERTEX
  5
541
330
52E
100
AcDbEntity
  8
Muebles
 48
0.01
100
AcDbVertex
100
AcDb2dVertex
 10
45.71189012904424
 20
4.816807222142799
 30
0
 70
    16
 50
0
  0
VERTEX
  5
542
330
52E
100
AcDbEntity
  8
Muebles
 48
0.01
100
AcDbVertex
100
AcDb2dVertex
 10
45.65121040930725
 20
4.799164485044159
 30
0
 70
    16
 50
0
  0
VERTEX
  5
543
330
52E
100
AcDbEntity
  8
Muebles
 48
0.01
100
AcDbVertex
100
AcDb2dVertex
 10
45.61873603003798
 20
4.784080404681774
 30
0
 70
    16
 50
0
  0
VERTEX
  5
544
330
52E
100
AcDbEntity
  8
Muebles
 48
0.01
100
AcDbVertex
100
AcDb2dVertex
 10
45.59745595360025
 20
4.762768066813962
 30
0
 70
    16
 50
0
  0
SEQEND
  5
545
330
52E
100
AcDbEntity
  8
Muebles
 48
0.01
  0
POLYLINE
  5
546
330
28F
100
AcDbEntity
  8
Muebles
 48
0.01
100
AcDb2dPolyline
 66
     1
 70
     4
 75
     6
 10
0
 20
0
 30
0
 40
0
 41
0
  0
VERTEX
  5
547
330
546
100
AcDbEntity
  8
Muebles
 48
0.01
100
AcDbVertex
100
AcDb2dVertex
 10
45.80692082899654
 20
4.833380038163952
 30
0
 70
    16
 50
0
  0
VERTEX
  5
548
330
546
100
AcDbEntity
  8
Muebles
 48
0.01
100
AcDbVertex
100
AcDb2dVertex
 10
45.80692082899654
 20
4.833380038163952
 30
0
 70
     8
 50
0
  0
VERTEX
  5
549
330
546
100
AcDbEntity
  8
Muebles
 48
0.01
100
AcDbVertex
100
AcDb2dVertex
 10
45.78049148138959
 20
4.833127684447547
 30
0
 70
     8
 50
0
  0
VERTEX
  5
54A
330
546
100
AcDbEntity
  8
Muebles
 48
0.01
100
AcDbVertex
100
AcDb2dVertex
 10
45.75771503304915
 20
4.832139760894435
 30
0
 70
     8
 50
0
  0
VERTEX
  5
54B
330
546
100
AcDbEntity
  8
Muebles
 48
0.01
100
AcDbVertex
100
AcDb2dVertex
 10
45.73814963915171
 20
4.830498754239827
 30
0
 70
     8
 50
0
  0
VERTEX
  5
54C
330
546
100
AcDbEntity
  8
Muebles
 48
0.01
100
AcDbVertex
100
AcDb2dVertex
 10
45.72135345487365
 20
4.828287151219158
 30
0
 70
     8
 50
0
  0
VERTEX
  5
54D
330
546
100
AcDbEntity
  8
Muebles
 48
0.01
100
AcDbVertex
100
AcDb2dVertex
 10
45.70688463539156
 20
4.825587438567638
 30
0
 70
     8
 50
0
  0
VERTEX
  5
54E
330
546
100
AcDbEntity
  8
Muebles
 48
0.01
100
AcDbVertex
100
AcDb2dVertex
 10
45.6943013358817
 20
4.822482103020931
 30
0
 70
     8
 50
0
  0
VERTEX
  5
54F
330
546
100
AcDbEntity
  8
Muebles
 48
0.01
100
AcDbVertex
100
AcDb2dVertex
 10
45.68316171152068
 20
4.819053631313793
 30
0
 70
     8
 50
0
  0
VERTEX
  5
550
330
546
100
AcDbEntity
  8
Muebles
 48
0.01
100
AcDbVertex
100
AcDb2dVertex
 10
45.67302391748498
 20
4.815384510182113
 30
0
 70
     8
 50
0
  0
VERTEX
  5
551
330
546
100
AcDbEntity
  8
Muebles
 48
0.01
100
AcDbVertex
100
AcDb2dVertex
 10
45.66352107393672
 20
4.811546239676701
 30
0
 70
     8
 50
0
  0
VERTEX
  5
552
330
546
100
AcDbEntity
  8
Muebles
 48
0.01
100
AcDbVertex
100
AcDb2dVertex
 10
45.65458616098076
 20
4.807566373111896
 30
0
 70
     8
 50
0
  0
VERTEX
  5
553
330
546
100
AcDbEntity
  8
Muebles
 48
0.01
100
AcDbVertex
100
AcDb2dVertex
 10
45.6462271237078
 20
4.803461477118091
 30
0
 70
     8
 50
0
  0
VERTEX
  5
554
330
546
100
AcDbEntity
  8
Muebles
 48
0.01
100
AcDbVertex
100
AcDb2dVertex
 10
45.63845190720869
 20
4.799248118325224
 30
0
 70
     8
 50
0
  0
VERTEX
  5
555
330
546
100
AcDbEntity
  8
Muebles
 48
0.01
100
AcDbVertex
100
AcDb2dVertex
 10
45.63126845657402
 20
4.794942863363914
 30
0
 70
     8
 50
0
  0
VERTEX
  5
556
330
546
100
AcDbEntity
  8
Muebles
 48
0.01
100
AcDbVertex
100
AcDb2dVertex
 10
45.62468471689439
 20
4.790562278863874
 30
0
 70
     8
 50
0
  0
VERTEX
  5
557
330
546
100
AcDbEntity
  8
Muebles
 48
0.01
100
AcDbVertex
100
AcDb2dVertex
 10
45.61870863326052
 20
4.786122931455495
 30
0
 70
     8
 50
0
  0
VERTEX
  5
558
330
546
100
AcDbEntity
  8
Muebles
 48
0.01
100
AcDbVertex
100
AcDb2dVertex
 10
45.61334815076324
 20
4.78164138776917
 30
0
 70
     8
 50
0
  0
VERTEX
  5
559
330
546
100
AcDbEntity
  8
Muebles
 48
0.01
100
AcDbVertex
100
AcDb2dVertex
 10
45.60860607879235
 20
4.777133234397226
 30
0
 70
     8
 50
0
  0
VERTEX
  5
55A
330
546
100
AcDbEntity
  8
Muebles
 48
0.01
100
AcDbVertex
100
AcDb2dVertex
 10
45.60446468393556
 20
4.772610137780404
 30
0
 70
     8
 50
0
  0
VERTEX
  5
55B
330
546
100
AcDbEntity
  8
Muebles
 48
0.01
100
AcDbVertex
100
AcDb2dVertex
 10
45.6009010970798
 20
4.768082784322061
 30
0
 70
     8
 50
0
  0
VERTEX
  5
55C
330
546
100
AcDbEntity
  8
Muebles
 48
0.01
100
AcDbVertex
100
AcDb2dVertex
 10
45.59789244911209
 20
4.763561860425554
 30
0
 70
     8
 50
0
  0
VERTEX
  5
55D
330
546
100
AcDbEntity
  8
Muebles
 48
0.01
100
AcDbVertex
100
AcDb2dVertex
 10
45.59541587091914
 20
4.759058052494012
 30
0
 70
     8
 50
0
  0
VERTEX
  5
55E
330
546
100
AcDbEntity
  8
Muebles
 48
0.01
100
AcDbVertex
100
AcDb2dVertex
 10
45.59344849338808
 20
4.754582046930338
 30
0
 70
     8
 50
0
  0
VERTEX
  5
55F
330
546
100
AcDbEntity
  8
Muebles
 48
0.01
100
AcDbVertex
100
AcDb2dVertex
 10
45.59196744740561
 20
4.750144530138343
 30
0
 70
     8
 50
0
  0
VERTEX
  5
560
330
546
100
AcDbEntity
  8
Muebles
 48
0.01
100
AcDbVertex
100
AcDb2dVertex
 10
45.59094986385898
 20
4.745756188520474
 30
0
 70
     8
 50
0
  0
VERTEX
  5
561
330
546
100
AcDbEntity
  8
Muebles
 48
0.01
100
AcDbVertex
100
AcDb2dVertex
 10
45.59037142574843
 20
4.741429478866777
 30
0
 70
     8
 50
0
  0
VERTEX
  5
562
330
546
100
AcDbEntity
  8
Muebles
 48
0.01
100
AcDbVertex
100
AcDb2dVertex
 10
45.59020202452879
 20
4.737183939511098
 30
0
 70
     8
 50
0
  0
VERTEX
  5
563
330
546
100
AcDbEntity
  8
Muebles
 48
0.01
100
AcDbVertex
100
AcDb2dVertex
 10
45.59041010376822
 20
4.733040879173743
 30
0
 70
     8
 50
0
  0
VERTEX
  5
564
330
546
100
AcDbEntity
  8
Muebles
 48
0.01
100
AcDbVertex
100
AcDb2dVertex
 10
45.59096410703543
 20
4.729021606575245
 30
0
 70
     8
 50
0
  0
VERTEX
  5
565
330
546
100
AcDbEntity
  8
Muebles
 48
0.01
100
AcDbVertex
100
AcDb2dVertex
 10
45.59183247789846
 20
4.725147430435456
 30
0
 70
     8
 50
0
  0
VERTEX
  5
566
330
546
100
AcDbEntity
  8
Muebles
 48
0.01
100
AcDbVertex
100
AcDb2dVertex
 10
45.59298365992581
 20
4.72143965947491
 30
0
 70
     8
 50
0
  0
VERTEX
  5
567
330
546
100
AcDbEntity
  8
Muebles
 48
0.01
100
AcDbVertex
100
AcDb2dVertex
 10
45.59438609668561
 20
4.717919602413915
 30
0
 70
     8
 50
0
  0
VERTEX
  5
568
330
546
100
AcDbEntity
  8
Muebles
 48
0.01
100
AcDbVertex
100
AcDb2dVertex
 10
45.59600823174637
 20
4.714608567972775
 30
0
 70
     8
 50
0
  0
VERTEX
  5
569
330
546
100
AcDbEntity
  8
Muebles
 48
0.01
100
AcDbVertex
100
AcDb2dVertex
 10
45.59782153036994
 20
4.711523618194107
 30
0
 70
     8
 50
0
  0
VERTEX
  5
56A
330
546
100
AcDbEntity
  8
Muebles
 48
0.01
100
AcDbVertex
100
AcDb2dVertex
 10
45.59980954459306
 20
4.708664828409084
 30
0
 70
     8
 50
0
  0
VERTEX
  5
56B
330
546
100
AcDbEntity
  8
Muebles
 48
0.01
100
AcDbVertex
100
AcDb2dVertex
 10
45.60195884814604
 20
4.706028027271643
 30
0
 70
     8
 50
0
  0
VERTEX
  5
56C
330
546
100
AcDbEntity
  8
Muebles
 48
0.01
100
AcDbVertex
100
AcDb2dVertex
 10
45.60425601475933
 20
4.703609043435264
 30
0
 70
     8
 50
0
  0
VERTEX
  5
56D
330
546
100
AcDbEntity
  8
Muebles
 48
0.01
100
AcDbVertex
100
AcDb2dVertex
 10
45.60668761816314
 20
4.701403705553886
 30
0
 70
     8
 50
0
  0
VERTEX
  5
56E
330
546
100
AcDbEntity
  8
Muebles
 48
0.01
100
AcDbVertex
100
AcDb2dVertex
 10
45.60924023208813
 20
4.699407842281218
 30
0
 70
     8
 50
0
  0
VERTEX
  5
56F
330
546
100
AcDbEntity
  8
Muebles
 48
0.01
100
AcDbVertex
100
AcDb2dVertex
 10
45.61190043026417
 20
4.697617282270514
 30
0
 70
     8
 50
0
  0
VERTEX
  5
570
330
546
100
AcDbEntity
  8
Muebles
 48
0.01
100
AcDbVertex
100
AcDb2dVertex
 10
45.61465478642216
 20
4.696027854175938
 30
0
 70
     8
 50
0
  0
VERTEX
  5
571
330
546
100
AcDbEntity
  8
Muebles
 48
0.01
100
AcDbVertex
100
AcDb2dVertex
 10
45.61748843628115
 20
4.694635451424958
 30
0
 70
     8
 50
0
  0
VERTEX
  5
572
330
546
100
AcDbEntity
  8
Muebles
 48
0.01
100
AcDbVertex
100
AcDb2dVertex
 10
45.62038076351823
 20
4.6934362265403
 30
0
 70
     8
 50
0
  0
VERTEX
  5
573
330
546
100
AcDbEntity
  8
Muebles
 48
0.01
100
AcDbVertex
100
AcDb2dVertex
 10
45.62330971379888
 20
4.692426396819357
 30
0
 70
     8
 50
0
  0
VERTEX
  5
574
330
546
100
AcDbEntity
  8
Muebles
 48
0.01
100
AcDbVertex
100
AcDb2dVertex
 10
45.62625323278903
 20
4.691602179559069
 30
0
 70
     8
 50
0
  0
VERTEX
  5
575
330
546
100
AcDbEntity
  8
Muebles
 48
0.01
100
AcDbVertex
100
AcDb2dVertex
 10
45.6291892661545
 20
4.690959792056148
 30
0
 70
     8
 50
0
  0
VERTEX
  5
576
330
546
100
AcDbEntity
  8
Muebles
 48
0.01
100
AcDbVertex
100
AcDb2dVertex
 10
45.63209575956122
 20
4.690495451607759
 30
0
 70
     8
 50
0
  0
VERTEX
  5
577
330
546
100
AcDbEntity
  8
Muebles
 48
0.01
100
AcDbVertex
100
AcDb2dVertex
 10
45.63495065867491
 20
4.69020537551107
 30
0
 70
     8
 50
0
  0
VERTEX
  5
578
330
546
100
AcDbEntity
  8
Muebles
 48
0.01
100
AcDbVertex
100
AcDb2dVertex
 10
45.63773190916149
 20
4.690085781062791
 30
0
 70
     8
 50
0
  0
VERTEX
  5
579
330
546
100
AcDbEntity
  8
Muebles
 48
0.01
100
AcDbVertex
100
AcDb2dVertex
 10
45.64043249213373
 20
4.690132680216195
 30
0
 70
     8
 50
0
  0
VERTEX
  5
57A
330
546
100
AcDbEntity
  8
Muebles
 48
0.01
100
AcDbVertex
100
AcDb2dVertex
 10
45.64310553049322
 20
4.690341263550565
 30
0
 70
     8
 50
0
  0
VERTEX
  5
57B
330
546
100
AcDbEntity
  8
Muebles
 48
0.01
100
AcDbVertex
100
AcDb2dVertex
 10
45.64581918258827
 20
4.690706516300835
 30
0
 70
     8
 50
0
  0
VERTEX
  5
57C
330
546
100
AcDbEntity
  8
Muebles
 48
0.01
100
AcDbVertex
100
AcDb2dVertex
 10
45.64864160676743
 20
4.691223423702624
 30
0
 70
     8
 50
0
  0
VERTEX
  5
57D
330
546
100
AcDbEntity
  8
Muebles
 48
0.01
100
AcDbVertex
100
AcDb2dVertex
 10
45.651640961379
 20
4.691886970991092
 30
0
 70
     8
 50
0
  0
VERTEX
  5
57E
330
546
100
AcDbEntity
  8
Muebles
 48
0.01
100
AcDbVertex
100
AcDb2dVertex
 10
45.65488540477153
 20
4.692692143401629
 30
0
 70
     8
 50
0
  0
VERTEX
  5
57F
330
546
100
AcDbEntity
  8
Muebles
 48
0.01
100
AcDbVertex
100
AcDb2dVertex
 10
45.65844309529356
 20
4.693633926169397
 30
0
 70
     8
 50
0
  0
VERTEX
  5
580
330
546
100
AcDbEntity
  8
Muebles
 48
0.01
100
AcDbVertex
100
AcDb2dVertex
 10
45.6623821912934
 20
4.694707304529786
 30
0
 70
     8
 50
0
  0
VERTEX
  5
581
330
546
100
AcDbEntity
  8
Muebles
 48
0.01
100
AcDbVertex
100
AcDb2dVertex
 10
45.66676274905839
 20
4.695905182186308
 30
0
 70
     8
 50
0
  0
VERTEX
  5
582
330
546
100
AcDbEntity
  8
Muebles
 48
0.01
100
AcDbVertex
100
AcDb2dVertex
 10
45.67161241663175
 20
4.697212136715208
 30
0
 70
     8
 50
0
  0
VERTEX
  5
583
330
546
100
AcDbEntity
  8
Muebles
 48
0.01
100
AcDbVertex
100
AcDb2dVertex
 10
45.67695073999514
 20
4.698610664160398
 30
0
 70
     8
 50
0
  0
VERTEX
  5
584
330
546
100
AcDbEntity
  8
Muebles
 48
0.01
100
AcDbVertex
100
AcDb2dVertex
 10
45.68279726513057
 20
4.700083260566473
 30
0
 70
     8
 50
0
  0
VERTEX
  5
585
330
546
100
AcDbEntity
  8
Muebles
 48
0.01
100
AcDbVertex
100
AcDb2dVertex
 10
45.68917153801985
 20
4.701612421977799
 30
0
 70
     8
 50
0
  0
VERTEX
  5
586
330
546
100
AcDbEntity
  8
Muebles
 48
0.01
100
AcDbVertex
100
AcDb2dVertex
 10
45.69609310464497
 20
4.703180644438291
 30
0
 70
     8
 50
0
  0
VERTEX
  5
587
330
546
100
AcDbEntity
  8
Muebles
 48
0.01
100
AcDbVertex
100
AcDb2dVertex
 10
45.70358151098762
 20
4.704770423992542
 30
0
 70
     8
 50
0
  0
VERTEX
  5
588
330
546
100
AcDbEntity
  8
Muebles
 48
0.01
100
AcDbVertex
100
AcDb2dVertex
 10
45.71165630303003
 20
4.706364256684694
 30
0
 70
     8
 50
0
  0
VERTEX
  5
589
330
546
100
AcDbEntity
  8
Muebles
 48
0.01
100
AcDbVertex
100
AcDb2dVertex
 10
45.72035363471886
 20
4.707938401512749
 30
0
 70
     8
 50
0
  0
VERTEX
  5
58A
330
546
100
AcDbEntity
  8
Muebles
 48
0.01
100
AcDbVertex
100
AcDb2dVertex
 10
45.72977609186191
 20
4.709444169289029
 30
0
 70
     8
 50
0
  0
VERTEX
  5
58B
330
546
100
AcDbEntity
  8
Muebles
 48
0.01
100
AcDbVertex
100
AcDb2dVertex
 10
45.74004286823137
 20
4.710826633779945
 30
0
 70
     8
 50
0
  0
VERTEX
  5
58C
330
546
100
AcDbEntity
  8
Muebles
 48
0.01
100
AcDbVertex
100
AcDb2dVertex
 10
45.75127315760037
 20
4.712030868751455
 30
0
 70
     8
 50
0
  0
VERTEX
  5
58D
330
546
100
AcDbEntity
  8
Muebles
 48
0.01
100
AcDbVertex
100
AcDb2dVertex
 10
45.7635861537411
 20
4.713001947969971
 30
0
 70
     8
 50
0
  0
VERTEX
  5
58E
330
546
100
AcDbEntity
  8
Muebles
 48
0.01
100
AcDbVertex
100
AcDb2dVertex
 10
45.77710105042635
 20
4.713684945201223
 30
0
 70
     8
 50
0
  0
VERTEX
  5
58F
330
546
100
AcDbEntity
  8
Muebles
 48
0.01
100
AcDbVertex
100
AcDb2dVertex
 10
45.79193704142867
 20
4.714024934211622
 30
0
 70
     8
 50
0
  0
VERTEX
  5
590
330
546
100
AcDbEntity
  8
Muebles
 48
0.01
100
AcDbVertex
100
AcDb2dVertex
 10
45.80821332052082
 20
4.713966988767126
 30
0
 70
     8
 50
0
  0
VERTEX
  5
591
330
546
100
AcDbEntity
  8
Muebles
 48
0.01
100
AcDbVertex
100
AcDb2dVertex
 10
45.73117928540168
 20
4.833761176244863
 30
0
 70
    16
 50
0
  0
VERTEX
  5
592
330
546
100
AcDbEntity
  8
Muebles
 48
0.01
100
AcDbVertex
100
AcDb2dVertex
 10
45.66705073880016
 20
4.817071578870056
 30
0
 70
    16
 50
0
  0
VERTEX
  5
593
330
546
100
AcDbEntity
  8
Muebles
 48
0.01
100
AcDbVertex
100
AcDb2dVertex
 10
45.60669699100694
 20
4.781914770680189
 30
0
 70
    16
 50
0
  0
VERTEX
  5
594
330
546
100
AcDbEntity
  8
Muebles
 48
0.01
100
AcDbVertex
100
AcDb2dVertex
 10
45.58625020175131
 20
4.745117665024665
 30
0
 70
    16
 50
0
  0
VERTEX
  5
595
330
546
100
AcDbEntity
  8
Muebles
 48
0.01
100
AcDbVertex
100
AcDb2dVertex
 10
45.59400138514147
 20
4.712151700344677
 30
0
 70
    16
 50
0
  0
VERTEX
  5
596
330
546
100
AcDbEntity
  8
Muebles
 48
0.01
100
AcDbVertex
100
AcDb2dVertex
 10
45.61379364816057
 20
4.693926941433276
 30
0
 70
    16
 50
0
  0
VERTEX
  5
597
330
546
100
AcDbEntity
  8
Muebles
 48
0.01
100
AcDbVertex
100
AcDb2dVertex
 10
45.63875274074891
 20
4.688307658977848
 30
0
 70
    16
 50
0
  0
VERTEX
  5
598
330
546
100
AcDbEntity
  8
Muebles
 48
0.01
100
AcDbVertex
100
AcDb2dVertex
 10
45.65758684381248
 20
4.693357109031851
 30
0
 70
    16
 50
0
  0
VERTEX
  5
599
330
546
100
AcDbEntity
  8
Muebles
 48
0.01
100
AcDbVertex
100
AcDb2dVertex
 10
45.70519303176113
 20
4.706507732074144
 30
0
 70
    16
 50
0
  0
VERTEX
  5
59A
330
546
100
AcDbEntity
  8
Muebles
 48
0.01
100
AcDbVertex
100
AcDb2dVertex
 10
45.76278357546889
 20
4.714700912544387
 30
0
 70
    16
 50
0
  0
VERTEX
  5
59B
330
546
100
AcDbEntity
  8
Muebles
 48
0.01
100
AcDbVertex
100
AcDb2dVertex
 10
45.80821332052082
 20
4.713966988767126
 30
0
 70
    16
 50
0
  0
SEQEND
  5
59C
330
546
100
AcDbEntity
  8
Muebles
 48
0.01
  0
ENDBLK
  5
59D
330
28F
100
AcDbEntity
  8
0
100
AcDbBlockEnd
  0
BLOCK
  5
5A5
330
5A4
100
AcDbEntity
  8
ARWALL
100
AcDbBlockBegin
  2
A3E24C
 70
     0
 10
0
 20
0
 30
0
  3
A3E24C
  1

  0
3DFACE
  5
5A7
330
5A4
100
AcDbEntity
  8
0
  6
Continuous
 62
    70
100
AcDbFace
 10
0.03058978205081075
 20
0.3002026897156611
 30
0.6029294975032564
 11
-0.001175173441879451
 21
0.3175466533284634
 31
0.5930590751845315
 12
0.01542508788406849
 22
0.3251799816498533
 32
0.5934655907254496
 13
0.01542508788406849
 23
0.3251799816498533
 33
0.5934655907254496
  0
3DFACE
  5
5A8
330
5A4
100
AcDbEntity
  8
0
  6
Continuous
 62
    70
100
AcDbFace
 10
0.03139199677389115
 20
0.2720299622742459
 30
0.6091818429126965
 11
0.06737471756059676
 21
0.2773518841713667
 31
0.600374435712312
 12
0.07794605975504965
 22
0.2711618943139911
 32
0.5968339165151324
 13
0.05676130135543644
 23
0.2962599432794377
 33
0.5978789091827359
  0
3DFACE
  5
5A9
330
5A4
100
AcDbEntity
  8
0
  6
Continuous
 62
    70
100
AcDbFace
 10
0.02838708448689431
 20
0.2778833628399298
 30
0.6089389965298204
 11
-0.01149740454275161
 21
0.2852119755698368
 31
0.6006574083099956
 12
-0.03317899617832154
 22
0.2983485745498911
 32
0.5935507626934111
 13
0.004209976992569864
 23
0.2998552538920194
 33
0.598930308842742
  0
3DFACE
  5
5AA
330
5A4
100
AcDbEntity
  8
0
  6
Continuous
 62
    70
100
AcDbFace
 10
0.02427016908768564
 20
0.2179308562772349
 30
0.6094086361143674
 11
0.07444096787367016
 21
0.2405657825293019
 31
0.6033666103398139
 12
0.1053100187564269
 22
0.2356394185917452
 32
0.5916336704966851
 13
0.07266698975581676
 23
0.2587193740764633
 33
0.6055599769985152
  0
3DFACE
  5
5AB
330
5A4
100
AcDbEntity
  8
0
  6
Continuous
 62
    70
100
AcDbFace
 10
0.0219709788216278
 20
0.2128707322990522
 30
0.6098355535754816
 11
-0.04991669883020222
 21
0.2371365147409961
 31
0.5982461032161177
 12
-0.04670045990496874
 22
0.2359629116253927
 32
0.5912998520280841
 13
-0.03935921320226043
 23
0.2537905493518338
 33
0.6013569502375762
  0
3DFACE
  5
5AC
330
5A4
100
AcDbEntity
  8
0
  6
Continuous
 62
    70
100
AcDbFace
 10
0.01905631995759904
 20
0.1831647707149386
 30
0.6054859177379945
 11
0.06694459705613554
 21
0.2007359461858869
 31
0.6111362489373202
 12
0.108151113265194
 22
0.2001766667235643
 32
0.5787167428084543
 13
0.06346297462005168
 23
0.2196508595952764
 33
0.6252228467741265
  0
3DFACE
  5
5AD
330
5A4
100
AcDbEntity
  8
0
  6
Continuous
 62
    70
100
AcDbFace
 10
0.01429887826088816
 20
0.1510161792393774
 30
0.5830963593410561
 11
0.08690069732256234
 21
0.1701154184993356
 31
0.5862493148014236
 12
0.1066675480687991
 22
0.1636485565686598
 32
0.5689580450789864
 13
0.07615742506459355
 23
0.187707680859603
 33
0.6004424708450078
  0
3DFACE
  5
5AE
330
5A4
100
AcDbEntity
  8
0
  6
Continuous
 62
    70
100
AcDbFace
 10
0.01451088895555586
 20
0.1190427596447989
 30
0.5601097841143206
 11
0.08017801935784519
 21
0.1381251983111724
 31
0.5642592955204571
 12
0.143747155321762
 22
0.1258916920050979
 32
0.5364569492980297
 13
0.08190108323469758
 23
0.1555845302063972
 33
0.5765438420159053
  0
3DFACE
  5
5AF
330
5A4
100
AcDbEntity
  8
0
  6
Continuous
 62
    70
100
AcDbFace
 10
0.009700243943370879
 20
0.08836223010439426
 30
0.5387819783561713
 11
0.0928563664201647
 21
0.1060188482515514
 31
0.5393641107455847
 12
0.1352251683128998
 22
0.09373398032039404
 32
0.5146083784145101
 13
0.09294115530792624
 23
0.1249424020061269
 33
0.5529381940959965
  0
3DFACE
  5
5B0
330
5A4
100
AcDbEntity
  8
0
  6
Continuous
 62
    70
100
AcDbFace
 10
0.01842756767291576
 20
0.1769663223531097
 30
0.6018205580222906
 11
-0.0561769682681188
 21
0.2098317519994453
 31
0.6029152048980992
 12
-0.06493688933551311
 22
0.2137579009868205
 32
0.5916638296955394
 13
-0.05297970189712942
 23
0.2241643599700183
 33
0.6135042582589627
  0
3DFACE
  5
5B1
330
5A4
100
AcDbEntity
  8
0
  6
Continuous
 62
    70
100
AcDbFace
 10
0.0156899894354865
 20
0.149227196816355
 30
0.5823030542444758
 11
-0.05933323490899056
 21
0.1778501720400527
 31
0.5804126711307378
 12
-0.06864361721090972
 22
0.1793309508357197
 32
0.5432410821805123
 13
-0.02913249039556831
 23
0.1992085244273767
 33
0.5919651695625892
  0
3DFACE
  5
5B2
330
5A4
100
AcDbEntity
  8
0
  6
Continuous
 62
    70
100
AcDbFace
 10
0.01224386168178171
 20
0.1143085330259055
 30
0.5577339612535814
 11
-0.04616934328805655
 21
0.1305921426974237
 31
0.552206472901221
 12
-0.09712088562082499
 22
0.1385409381473437
 32
0.5317335580536353
 13
-0.03371794358827174
 23
0.1503794332966208
 33
0.5690999286641336
  0
3DFACE
  5
5B3
330
5A4
100
AcDbEntity
  8
0
  6
Continuous
 62
    70
100
AcDbFace
 10
0.008942664484493434
 20
0.08085841115098447
 30
0.5341981478744524
 11
-0.06653145502787083
 21
0.1049125893041492
 31
0.5290931170796631
 12
-0.07727534638252109
 22
0.108479913091287
 32
0.5224791241715872
 13
-0.02521821053232998
 23
0.1100540057523176
 33
0.5442580771520882
  0
3DFACE
  5
5B4
330
5A4
100
AcDbEntity
  8
0
  6
Continuous
 62
    70
100
AcDbFace
 10
0.005929186590947211
 20
0.05032367049716413
 30
0.4424262779664364
 11
-0.02803683222737163
 21
0.06342927657533437
 31
0.4547456072719861
 12
-0.05221472319681197
 22
0.07538887544069439
 32
0.4540746754713604
 13
-0.02584809227846563
 23
0.06754276435822248
 33
0.4720340764514851
  0
3DFACE
  5
5B5
330
5A4
100
AcDbEntity
  8
0
  6
Continuous
 62
    70
100
AcDbFace
 10
0.006794151035137475
 20
0.05908811662811786
 30
0.4752945406231441
 11
-0.02726345229893923
 21
0.07126572262495756
 31
0.4841337009415133
 12
-0.06551175762433559
 22
0.08516898157540709
 32
0.4758546954456905
 13
-0.02155710873194039
 23
0.07489329529926181
 33
0.5033241885448123
  0
3DFACE
  5
5B6
330
5A4
100
AcDbEntity
  8
0
  6
Continuous
 62
    70
100
AcDbFace
 10
0.007750699878670275
 20
0.06878056295681745
 30
0.5116429722670338
 11
-0.03161129297222942
 21
0.08140348584856838
 31
0.5165657199813992
 12
-0.0921729039400816
 22
0.1000352025730535
 32
0.5022252258388715
 13
-0.05005545460153371
 23
0.09121524705551565
 33
0.5330849246306131
  0
3DFACE
  5
5B7
330
5A4
100
AcDbEntity
  8
0
  6
Continuous
 62
    70
100
AcDbFace
 10
0.006046012509614229
 20
0.05133491044398397
 30
0.44401856954535
 11
0.01814928860403597
 21
0.05688711814582348
 31
0.4526867996040523
 12
0.06765129195991904
 22
0.05668807064648718
 32
0.4365170412913222
 13
0.02035159093793482
 23
0.06113802967593074
 33
0.4680732503597534
  0
3DFACE
  5
5B8
330
5A4
100
AcDbEntity
  8
0
  6
Continuous
 62
    70
100
AcDbFace
 10
0.005315190064720809
 20
0.05998694209847599
 30
0.4769588028377062
 11
0.02628179057501256
 21
0.06703387422021478
 31
0.4885180206660146
 12
0.1024267284665257
 22
0.06784132495522499
 32
0.4678559279405042
 13
0.05162809137254953
 23
0.07296635152306408
 33
0.5030542399263245
  0
3DFACE
  5
5B9
330
5A4
100
AcDbEntity
  8
0
  6
Continuous
 62
    70
100
AcDbFace
 10
0.007867525913752615
 20
0.06979180290363729
 30
0.5132352638459479
 11
0.0360609597992152
 21
0.0778086002683267
 31
0.5262106983074297
 12
0.0963345249183476
 22
0.07836835063062608
 32
0.5095551382040715
 13
0.03330591577105224
 23
0.08401416521519423
 33
0.5505314760969386
  0
3DFACE
  5
5BA
330
5A4
100
AcDbEntity
  8
0
  6
Continuous
 62
    72
100
AcDbFace
 10
-0.2190457269316539
 20
-0.1971281802980229
 30
0.4982183422990689
 11
-0.2074234943138435
 21
-0.2314027944812551
 31
0.488347919980344
 12
-0.2248064096784219
 22
-0.2257751277647913
 32
0.4887544355212621
 13
-0.2248064096784219
 23
-0.2257751277647913
 33
0.4887544355212621
  0
3DFACE
  5
5BB
330
5A4
100
AcDbEntity
  8
0
  6
Continuous
 62
    72
100
AcDbFace
 10
-0.2202453155769035
 20
-0.19817539898213
 30
0.4972005173976751
 11
-0.258343928377144
 21
-0.1706099836155772
 31
0.4861138189974507
 12
-0.2500726250000298
 22
-0.1914963017916307
 32
0.4878931072556967
 13
-0.2500726250000298
 23
-0.1914963017916307
 33
0.4878931072556967
  0
3DFACE
  5
5BC
330
5A4
100
AcDbEntity
  8
0
  6
Continuous
 62
    72
100
AcDbFace
 10
-0.200554285896942
 20
-0.1758581843459979
 30
0.5044706877085089
 11
-0.2306313229491934
 21
-0.1554021121701226
 31
0.4956632805081246
 12
-0.2454813061049208
 22
-0.1261195197002962
 32
0.4921227613109449
 13
-0.2356296331854537
 23
-0.1765013112453744
 33
0.4931677539785483
  0
3DFACE
  5
5BD
330
5A4
100
AcDbEntity
  8
0
  6
Continuous
 62
    72
100
AcDbFace
 10
-0.1060152227291837
 20
-0.09840577375143766
 30
0.4783852041368687
 11
-0.1723643911536783
 21
-0.0632832320407033
 31
0.4815381595972362
 12
-0.2105720652034506
 22
-0.01257028919644654
 32
0.464246889874799
 13
-0.1763759657042101
 23
-0.08350235316902399
 33
0.4957313156408203
  0
3DFACE
  5
5BE
330
5A4
100
AcDbEntity
  8
0
  6
Continuous
 62
    72
100
AcDbFace
 10
-0.1312897845637053
 20
-0.1188352060271427
 30
0.500774762533807
 11
-0.1784222526475787
 21
-0.09932716295588762
 31
0.5064250937331327
 12
-0.2430278691463172
 22
-0.008499714080244303
 32
0.4740055876042668
 13
-0.1886720590991899
 23
-0.1156009796541184
 33
0.5205116915699393
  0
3DFACE
  5
5BF
330
5A4
100
AcDbEntity
  8
0
  6
Continuous
 62
    72
100
AcDbFace
 10
-0.1586729760747403
 20
-0.1408811978762969
 30
0.5046974809101797
 11
-0.210914414958097
 21
-0.1235525800148025
 31
0.4986554551356265
 12
-0.2369116226909682
 22
-0.06908094603568316
 32
0.4869225152924977
 13
-0.2219048839760944
 23
-0.1381096907425672
 33
0.5008488217943277
  0
3DFACE
  5
5C0
330
5A4
100
AcDbEntity
  8
0
  6
Continuous
 62
    72
100
AcDbFace
 10
-0.2023081331280991
 20
-0.1821997783845291
 30
0.504227841325633
 11
-0.1779288841644302
 21
-0.2146055380580947
 31
0.4959462531058081
 12
-0.170875288778916
 22
-0.2389552491949871
 32
0.4888396074892237
 13
-0.1994028079789132
 23
-0.2147398398956284
 33
0.4942191536385547
  0
3DFACE
  5
5C1
330
5A4
100
AcDbEntity
  8
0
  6
Continuous
 62
    72
100
AcDbFace
 10
-0.1734948931261897
 20
-0.1565010051708668
 30
0.5074620772667993
 11
-0.1480239517986774
 21
-0.2185739479027689
 31
0.498213503214818
 12
-0.1808281652629375
 22
-0.1913051765877753
 32
0.5062342430496385
 13
-0.1808281652629375
 23
-0.1913051765877753
 33
0.5062342430496385
  0
3DFACE
  5
5C2
330
5A4
100
AcDbEntity
  8
0
  6
Continuous
 62
    72
100
AcDbFace
 10
-0.1535541986813769
 20
-0.1387157306307927
 30
0.5051243983712943
 11
-0.1171019241446629
 21
-0.2052581837633625
 31
0.4935349480119302
 12
-0.08896991587243974
 22
-0.229562207357958
 32
0.4865886968238967
 13
-0.1361489767441526
 23
-0.2103598661487922
 33
0.4966457950333887
  0
3DFACE
  5
5C3
330
5A4
100
AcDbEntity
  8
0
  6
Continuous
 62
    72
100
AcDbFace
 10
-0.1266289498889819
 20
-0.1147008728003129
 30
0.4971094028181032
 11
-0.09400250017642975
 21
-0.1894102297956124
 31
0.4982040496939119
 12
-0.06051374797243625
 22
-0.2255776916863397
 32
0.486952674491352
 13
-0.1060623242519796
 23
-0.1977891800925136
 33
0.5087931030547754
  0
3DFACE
  5
5C4
330
5A4
100
AcDbEntity
  8
0
  6
Continuous
 62
    72
100
AcDbFace
 10
-0.1058269689092413
 20
-0.09614740940742195
 30
0.4775918990402883
 11
-0.07001903967466205
 21
-0.1680191779742017
 31
0.4757015159265503
 12
0.0010703403968364
 22
-0.2012911937199533
 32
0.4385299269763249
 13
-0.07700059318449348
 23
-0.1906231029424816
 33
0.4872540143584018
  0
3DFACE
  5
5C5
330
5A4
100
AcDbEntity
  8
0
  6
Continuous
 62
    72
100
AcDbFace
 10
-0.07964094576891512
 20
-0.07279187324456871
 30
0.4530228060493941
 11
-0.0476954341866076
 21
-0.1243354736361653
 31
0.4474953176970335
 12
0.01410908112302423
 22
-0.1920391392195597
 32
0.4270224028494478
 13
-0.07025801867712289
 23
-0.1304595250403509
 33
0.4643887734599461
  0
3DFACE
  5
5C6
330
5A4
100
AcDbEntity
  8
0
  6
Continuous
 62
    72
100
AcDbFace
 10
-0.0462697169277817
 20
-0.0430050864815712
 30
0.4085241086417605
 11
-0.09264942863956094
 21
-0.01120325340889394
 31
0.4214995431032423
 12
-0.1373717574169859
 22
0.02920874068513513
 32
0.4048439829998841
 13
-0.09482562763150781
 23
-0.01763469655998051
 33
0.4458203208927513
  0
3DFACE
  5
5C7
330
5A4
100
AcDbEntity
  8
0
  6
Continuous
 62
    72
100
AcDbFace
 10
-0.03775104961823672
 20
-0.03752037859521806
 30
0.3722476476335188
 11
-0.07815708871930838
 21
-0.009899812517687678
 31
0.3838068654618272
 12
-0.1347237412119284
 22
0.04107976530212909
 32
0.3631447727363168
 13
-0.100822456064634
 23
0.002902935957536101
 33
0.398343084722137
  0
3DFACE
  5
5C8
330
5A4
100
AcDbEntity
  8
0
  6
Continuous
 62
    72
100
AcDbFace
 10
-0.03242862003389746
 20
-0.03066009457688779
 30
0.3393074143411626
 11
-0.06530152994673699
 21
-0.007943067117594182
 31
0.3479756443998648
 12
-0.1015852906275541
 22
0.02573150303214788
 32
0.3318058860871348
 13
-0.06980094045866281
 23
-0.009578820434398949
 33
0.3633620951555659
  0
3DFACE
  5
5C9
330
5A4
100
AcDbEntity
  8
0
  6
Continuous
 62
    72
100
AcDbFace
 10
-0.04549884668085724
 20
-0.04234024544712156
 30
0.4069318170628464
 11
-0.02508987940382212
 21
-0.07828713289927691
 31
0.4118545647772118
 12
0.02526057232171297
 22
-0.1535653204191476
 32
0.3975140706346841
 13
-0.01816611702088267
 23
-0.09799802512861788
 33
0.4283737694264256
  0
3DFACE
  5
5CA
330
5A4
100
AcDbEntity
  8
0
  6
Continuous
 62
    72
100
AcDbFace
 10
-0.03823033766821027
 20
-0.03585740050766617
 30
0.3705833854189567
 11
-0.0214221877977252
 21
-0.06788396032061428
 31
0.3794225457373258
 12
0.01571501092985272
 22
-0.1245704327011481
 32
0.3711435402415031
 13
-0.02807732543442398
 23
-0.0666878066258505
 33
0.3986130333406249
  0
3DFACE
  5
5CB
330
5A4
100
AcDbEntity
  8
0
  6
Continuous
 62
    72
100
AcDbFace
 10
-0.03165774967055768
 20
-0.02999525354243815
 30
0.3377151227622489
 11
-0.01554552093148232
 21
-0.0626425112131983
 31
0.3500344520677987
 12
0.01255654497072101
 22
-0.108369022491388
 32
0.3493635202671729
 13
-0.01994187536183745
 23
-0.06418634799774736
 33
0.3673229212472977
  0
3DFACE
  5
5CC
330
5A4
100
AcDbEntity
  8
0
  6
Continuous
 62
    72
100
AcDbFace
 10
-0.05455620388966054
 20
-0.05041857925243676
 30
0.4294869926702649
 11
-0.01532206614501774
 21
-0.1192344831069931
 31
0.4243819618754756
 12
0.008580778609029949
 22
-0.1496878425823525
 32
0.4177679689673998
 13
-0.04919850674923509
 23
-0.09503520396538079
 33
0.4395469219479008
  0
3DFACE
  5
5CD
330
5A4
100
AcDbEntity
  8
0
  6
Continuous
 62
    72
100
AcDbFace
 10
-0.06019595533143729
 20
-0.05542601668275893
 30
0.4340708231519837
 11
-0.1333328151376918
 21
-0.01209361990913749
 31
0.4346529555413972
 12
-0.1842281381832436
 22
0.05820811958983541
 32
0.4098972232103227
 13
-0.1462122792145237
 23
-0.0259582323487848
 33
0.448227038891809
  0
3DFACE
  5
5CE
330
5A4
100
AcDbEntity
  8
0
  6
Continuous
 62
    72
100
AcDbFace
 10
-0.08451532782055438
 20
-0.0747393622295931
 30
0.4553986289101332
 11
-0.1457512731431052
 21
-0.0443013843614608
 31
0.4595481403162697
 12
-0.2122784495586529
 22
0.04032173613086343
 32
0.4317457940938421
 13
-0.1588442847132683
 23
-0.05597915255930275
 33
0.4718326868117177
  0
3DFACE
  5
5CF
330
5A4
100
AcDbEntity
  8
0
  6
Continuous
 62
    72
100
AcDbFace
 10
0.2877888291841373
 20
0.07854384172242135
 30
0.4972005173976751
 11
0.3097205482190475
 21
0.0369462922681123
 31
0.4861138189974507
 12
0.3115647996310145
 22
0.05933493853081018
 32
0.4878931072556967
 13
0.3115647996310145
 23
0.05933493853081018
 33
0.4878931072556967
  0
3DFACE
  5
5D0
330
5A4
100
AcDbEntity
  8
0
  6
Continuous
 62
    72
100
AcDbFace
 10
0.2862493266584352
 20
0.07813688763417304
 30
0.4982183422990689
 11
0.2910246381070465
 21
0.1140119746560231
 31
0.488347919980344
 12
0.304111747071147
 22
0.1012619172688574
 32
0.4887544355212621
 13
0.304111747071147
 23
0.1012619172688574
 33
0.4887544355212621
  0
3DFACE
  5
5D1
330
5A4
100
AcDbEntity
  8
0
  6
Continuous
 62
    72
100
AcDbFace
 10
0.2602453352883458
 20
0.06726773164700717
 30
0.5044706877085089
 11
0.2781380878295749
 21
0.03559868596494198
 31
0.4956632805081246
 12
0.2784689438994974
 22
0.00276756111998111
 32
0.4921227613109449
 13
0.2919713581213728
 23
0.05229598912410438
 33
0.4931677539785483
  0
3DFACE
  5
5D2
330
5A4
100
AcDbEntity
  8
0
  6
Continuous
 62
    72
100
AcDbFace
 10
0.2646285610971972
 20
0.07217478042002767
 30
0.504227841325633
 11
0.2571402754401788
 21
0.1120295994915068
 31
0.4959462531058081
 12
0.2616113150725141
 22
0.1369829851901159
 32
0.4888396074892237
 13
0.2764486642554402
 23
0.1026310059241951
 33
0.4942191536385547
  0
3DFACE
  5
5D3
330
5A4
100
AcDbEntity
  8
0
  6
Continuous
 62
    72
100
AcDbFace
 10
0.2071990218246356
 20
0.05448014673311263
 30
0.5046974809101797
 11
0.2463459029095247
 21
0.01578944211360067
 31
0.4986554551356265
 12
0.2455031189601868
 22
-0.04456205700989813
 32
0.4869225152924977
 13
0.262650458724238
 23
0.02396632079035044
 33
0.5008488217943277
  0
3DFACE
  5
5D4
330
5A4
100
AcDbEntity
  8
0
  6
Continuous
 62
    72
100
AcDbFace
 10
0.2274090945720673
 20
0.06191120075527579
 30
0.5074620772667993
 11
0.2320931293070316
 21
0.1288430981803685
 31
0.498213503214818
 12
0.2494105366058648
 22
0.0898583612870425
 32
0.5062342430496385
 13
0.2494105366058648
 23
0.0898583612870425
 33
0.5062342430496385
  0
3DFACE
  5
5D5
330
5A4
100
AcDbEntity
  8
0
  6
Continuous
 62
    72
100
AcDbFace
 10
0.2016507277730852
 20
0.05480811535380781
 30
0.5051243983712943
 11
0.1984725331421942
 21
0.1306142198154703
 31
0.4935349480119302
 12
0.1840289941756055
 22
0.1648703087121248
 32
0.4865886968238967
 13
0.2178074610419571
 23
0.1267440859228373
 33
0.4966457950333887
  0
3DFACE
  5
5D6
330
5A4
100
AcDbEntity
  8
0
  6
Continuous
 62
    72
100
AcDbFace
 10
0.1728806344326586
 20
0.04685694444924593
 30
0.500774762533807
 11
0.2064818245125934
 21
0.008477349416352808
 31
0.5064250937331327
 12
0.2241311160614714
 22
-0.101577244582586
 32
0.4740055876042668
 13
0.2228834461420774
 23
0.01852137525565922
 33
0.5205116915699393
  0
3DFACE
  5
5D7
330
5A4
100
AcDbEntity
  8
0
  6
Continuous
 62
    72
100
AcDbFace
 10
0.1411689762026072
 20
0.03974808275233954
 30
0.4783852041368687
 11
0.185074076987803
 21
-0.02114647533744574
 31
0.4815381595972362
 12
0.1968427005922422
 22
-0.08354141435120255
 32
0.464246889874799
 13
0.1976327329175547
 23
-0.004800657625310123
 33
0.4957313156408203
  0
3DFACE
  5
5D8
330
5A4
100
AcDbEntity
  8
0
  6
Continuous
 62
    72
100
AcDbFace
 10
0.1114059733226895
 20
0.0280644113663584
 30
0.4553986289101332
 11
0.1528042466379702
 21
-0.02636439038906246
 31
0.4595481403162697
 12
0.1749262512894347
 22
-0.1317093222169206
 32
0.4317457940938421
 13
0.1697171278065071
 23
-0.02170052181463689
 33
0.4718326868117177
  0
3DFACE
  5
5D9
330
5A4
100
AcDbEntity
  8
0
  6
Continuous
 62
    72
100
AcDbFace
 10
0.08104527031537145
 20
0.02153257350437343
 30
0.4340708231519837
 11
0.1273954691132531
 21
-0.04973001091275364
 31
0.4346529555413972
 12
0.1418537439312786
 22
-0.1353082018904388
 32
0.4098972232103227
 13
0.1450863162754104
 23
-0.04301123123150319
 33
0.448227038891809
  0
3DFACE
  5
5DA
330
5A4
100
AcDbEntity
  8
0
  6
Continuous
 62
    72
100
AcDbFace
 10
0.1668700716691092
 20
0.04521705803927034
 30
0.4971094028181032
 11
0.1707415125565603
 21
0.1266479194164276
 31
0.4982040496939119
 12
0.1567551158368587
 22
0.1739127322798595
 32
0.486952674491352
 13
0.1852659594733268
 23
0.1288127769948915
 33
0.5087931030547754
  0
3DFACE
  5
5DB
330
5A4
100
AcDbEntity
  8
0
  6
Continuous
 62
    72
100
AcDbFace
 10
0.1399991390062496
 20
0.03780717332847416
 30
0.4775918990402883
 11
0.1397609078558162
 21
0.1181047582067549
 31
0.4757015159265503
 12
0.09078646020498127
 22
0.1794417818309739
 32
0.4385299269763249
 13
0.1560389396036044
 23
0.1352717381669208
 33
0.4872540143584018
  0
3DFACE
  5
5DC
330
5A4
100
AcDbEntity
  8
0
  6
Continuous
 62
    72
100
AcDbFace
 10
0.1061733766691759
 20
0.02847943594679236
 30
0.4530228060493941
 11
0.1003862621728331
 21
0.08884306543041021
 31
0.4474953176970335
 12
0.07499749888665974
 22
0.1769282239256427
 32
0.4270224028494478
 13
0.1233256489504129
 23
0.08433099766261876
 33
0.4643887734599461
  0
3DFACE
  5
5DD
330
5A4
100
AcDbEntity
  8
0
  6
Continuous
 62
    72
100
AcDbFace
 10
0.073770193150267
 20
0.01954398676753044
 30
0.4294869926702649
 11
0.06910616136156023
 21
0.09862111997790635
 31
0.4243819618754756
 12
0.06117945455480367
 22
0.1365146604366601
 32
0.4177679689673998
 13
0.08874534163624048
 23
0.06191252521239221
 33
0.4395469219479008
  0
3DFACE
  5
5DE
330
5A4
100
AcDbEntity
  8
0
  6
Continuous
 62
    72
100
AcDbFace
 10
0.04419114370830357
 20
0.01138731604442
 30
0.3377151227622489
 11
0.04422032414004207
 21
0.04779399815015495
 31
0.3500344520677987
 12
0.03929980378597975
 22
0.1012395631987602
 32
0.3493635202671729
 13
0.04884549370035529
 23
0.04722904704976827
 33
0.3673229212472977
  0
3DFACE
  5
5DF
330
5A4
100
AcDbEntity
  8
0
  6
Continuous
 62
    72
100
AcDbFace
 10
0.05268127599265426
 20
0.01372854120563716
 30
0.3705833854189567
 11
0.05181150115095079
 21
0.04988732875790447
 31
0.3794225457373258
 12
0.04365038452669978
 22
0.1171623157570139
 32
0.3711435402415031
 13
0.05724681983701885
 23
0.04586502222809941
 33
0.3986130333406249
  0
3DFACE
  5
5E0
330
5A4
100
AcDbEntity
  8
0
  6
Continuous
 62
    72
100
AcDbFace
 10
0.06207036331761628
 20
0.0163176606874913
 30
0.4069318170628464
 11
0.05971068411599845
 21
0.0575867360457778
 31
0.4118545647772118
 12
0.04794678662437946
 22
0.1473841982660815
 32
0.3975140706346841
 13
0.06224180397111923
 23
0.07832441164646298
 33
0.4283737694264256
  0
3DFACE
  5
5E1
330
5A4
100
AcDbEntity
  8
0
  6
Continuous
 62
    72
100
AcDbFace
 10
0.04517684993334115
 20
0.01164155616424978
 30
0.3393074143411626
 11
0.06457353639416397
 21
-0.02329352800734341
 31
0.3479756443998648
 12
0.08217038190923631
 22
-0.06956272933166474
 32
0.3318058860871348
 13
0.06933182862121612
 23
-0.02382176951505244
 33
0.3633620951555659
  0
3DFACE
  5
5E2
330
5A4
100
AcDbEntity
  8
0
  6
Continuous
 62
    72
100
AcDbFace
 10
0.05298881675116718
 20
0.01543166523333639
 30
0.3722476476335188
 11
0.07696442573796958
 21
-0.02723815815988928
 31
0.3838068654618272
 12
0.1050715270685032
 22
-0.09801028831861913
 32
0.3631447727363168
 13
0.09160605713259429
 23
-0.04876144509762526
 33
0.398343084722137
  0
3DFACE
  5
5E3
330
5A4
100
AcDbEntity
  8
0
  6
Continuous
 62
    72
100
AcDbFace
 10
0.06305606942623854
 20
0.01657190069090575
 30
0.4085241086417605
 11
0.09053289995063096
 21
-0.03249395324382931
 31
0.4214995431032423
 12
0.1127073613461107
 22
-0.08854312123730779
 32
0.4048439829998841
 13
0.09533454291522503
 23
-0.0276935858419165
 33
0.4458203208927513
  0
3DFACE
  5
5E4
330
5A4
100
AcDbEntity
  8
0
  6
Continuous
 62
    64
100
AcDbFace
 10
0.118338183965534
 20
-0.2561518485890701
 30
0.342638074954085
 11
0.2153520213905722
 21
-0.2352678986499086
 31
0.3273939639379523
 12
0.2734952756436542
 22
-0.1460116130765527
 32
0.3064712043613386
 13
0.2414349494501948
 23
-0.2553349856752902
 33
0.3272399587401221
  0
3DFACE
  5
5E5
330
5A4
100
AcDbEntity
  8
0
  6
Continuous
 62
    64
100
AcDbFace
 10
0.08790460182353854
 20
0.1224376552272588
 30
0.3177572639706431
 11
0.1567315041320398
 21
0.1015719257993624
 31
0.3234006524174464
 12
0.2159569080686197
 22
0.05557998921722174
 32
0.301322546750642
 13
0.1657671085558832
 23
0.1216257342603058
 33
0.3460380526962187
  0
3DFACE
  5
5E6
330
5A4
100
AcDbEntity
  8
0
  6
Continuous
 62
    64
100
AcDbFace
 10
0.0669638478429988
 20
0.09620630624704063
 30
0.2847419248387336
 11
0.1269883379573002
 21
0.07825426489580423
 31
0.2898990547740712
 12
0.2019981386838481
 22
0.02044060092885047
 32
0.2623554514140626
 13
0.1626301555661485
 23
0.07532665855251253
 33
0.3003892656296959
  0
3DFACE
  5
5E7
330
5A4
100
AcDbEntity
  8
0
  6
Continuous
 62
    64
100
AcDbFace
 10
0.05136422999203205
 20
0.07070312299765646
 30
0.2544195927706422
 11
0.1000178081449121
 21
0.05544519668910652
 31
0.2579208815318784
 12
0.1474175130715594
 22
0.01577467517927289
 32
0.2375018198330732
 13
0.1101542041869834
 23
0.06595241674222052
 33
0.2717980437457796
  0
3DFACE
  5
5E8
330
5A4
100
AcDbEntity
  8
0
  6
Continuous
 62
    64
100
AcDbFace
 10
0.08667750773020089
 20
0.120737025863491
 30
0.3166696983370512
 11
0.05262309522368014
 21
0.1600816766731441
 31
0.3165637062905328
 12
-0.03629964415449649
 22
0.228522636462003
 32
0.2932079186368266
 13
0.04382177849765867
 23
0.1894783301977441
 33
0.3294757269536205
  0
3DFACE
  5
5E9
330
5A4
100
AcDbEntity
  8
0
  6
Continuous
 62
    64
100
AcDbFace
 10
0.06748870923183858
 20
0.09356917103286833
 30
0.2834085749135867
 11
0.04032931430265307
 21
0.1311436861287802
 31
0.2874936013672675
 12
-0.02483194053638726
 22
0.184107840876095
 32
0.2722709055057844
 13
0.05528771015815437
 23
0.1407898297766224
 33
0.3056613685400942
  0
3DFACE
  5
5EA
330
5A4
100
AcDbEntity
  8
0
  6
Continuous
 62
    64
100
AcDbFace
 10
0.05013713601510972
 20
0.06900249375030398
 30
0.2533320271370506
 11
0.02481496648397297
 21
0.1091781863942742
 31
0.2606016292376592
 12
-0.02345657278783619
 22
0.155302501283586
 32
0.2539601432940266
 13
0.03555093344766647
 23
0.1205342900939286
 33
0.2766240939310223
  0
3DFACE
  5
5EB
330
5A4
100
AcDbEntity
  8
0
  6
Continuous
 62
    64
100
AcDbFace
 10
0.102389843435958
 20
0.1429828405380249
 30
0.3335010650919852
 11
0.03177058370783925
 21
0.2108567896066234
 31
0.3176463663046392
 12
-0.008544289157725871
 22
0.2374936889391392
 32
0.3089665206431414
 13
0.08442967699375004
 23
0.1974258689442649
 33
0.3283291307914246
  0
3DFACE
  5
5EC
330
5A4
100
AcDbEntity
  8
0
  6
Continuous
 62
    64
100
AcDbFace
 10
0.1318681832635775
 20
0.1847188174724579
 30
0.3379714398455189
 11
0.07542787655256689
 21
0.2342268264619634
 31
0.3254452905644007
 12
-0.02620594506151974
 22
0.2889423975721002
 32
0.3039445947755677
 13
0.1052481613587588
 23
0.2538095972267911
 33
0.3306614199044094
  0
3DFACE
  5
5ED
330
5A4
100
AcDbEntity
  8
0
  6
Continuous
 62
    64
100
AcDbFace
 10
0.1626406940631568
 20
0.2282871056813747
 30
0.342638074954085
 11
0.09604774415493011
 21
0.3018615784822032
 31
0.3273939639379523
 12
-0.0103220937307924
 22
0.3075869708554819
 32
0.3064712043613386
 13
0.1003848873078823
 23
0.3344836003379896
 33
0.3272399587401221
  0
3DFACE
  5
5EE
330
5A4
100
AcDbEntity
  8
0
  6
Continuous
 62
    64
100
AcDbFace
 10
0.1870861466741189
 20
0.2628974281251431
 30
0.3463452149936004
 11
0.1242319130105898
 21
0.3417652442585677
 31
0.3316680783364528
 12
0.06928392534609884
 22
0.3707487680949271
 32
0.3200621372907289
 13
0.1389653900405392
 23
0.358781096409075
 33
0.3340202342733051
  0
3DFACE
  5
5EF
330
5A4
100
AcDbEntity
  8
0
  6
Continuous
 62
    64
100
AcDbFace
 10
0.1087700920179486
 20
0.151979400892742
 30
0.3337494913621818
 11
0.2077761697582901
 21
0.1166078795213252
 31
0.318293249931991
 12
0.2815030097262934
 22
0.0339133181842044
 32
0.2970017162336709
 13
0.2226255051791668
 23
0.1414759187027812
 33
0.3212123802278297
  0
3DFACE
  5
5F0
330
5A4
100
AcDbEntity
  8
0
  6
Continuous
 62
    64
100
AcDbFace
 10
0.1376349774654955
 20
0.1890027617337182
 30
0.3374595997252414
 11
0.2198277708375826
 21
0.1678403257392347
 31
0.3260518589167952
 12
0.3153242482803762
 22
0.07026582234539092
 32
0.3001289801787225
 13
0.23521402629558
 23
0.1896244698436931
 33
0.3283851764710787
  0
3DFACE
  5
5F1
330
5A4
100
AcDbEntity
  8
0
  6
Continuous
 62
    64
100
AcDbFace
 10
0.162360418937169
 20
0.23127053049393
 30
0.3424695352982832
 11
0.2516741215949878
 21
0.2052408237941563
 31
0.329546868542253
 12
0.3067734626820311
 22
0.1461460980353877
 32
0.3141045572888422
 13
0.2543865367770195
 23
0.2359896454727277
 33
0.3346288595082998
  0
3DFACE
  5
5F2
330
5A4
100
AcDbEntity
  8
0
  6
Continuous
 62
    64
100
AcDbFace
 10
0.1923160209553316
 20
0.270265267463401
 30
0.346419187614879
 11
0.2551071877824143
 21
0.259647294646129
 31
0.338667426718111
 12
0.348885708488524
 22
0.1523794434033334
 32
0.3112236853853637
 13
0.2662943411851302
 23
0.2870185016654432
 33
0.3423656617869901
  0
3DFACE
  5
5F3
330
5A4
100
AcDbEntity
  8
0
  6
Continuous
 62
    64
100
AcDbFace
 10
0.2125083449063823
 20
0.2988906451500952
 30
0.3324724296077613
 11
0.1435253432719037
 21
0.3613930861465633
 31
0.3092463803813612
 12
0.1003747029462829
 22
0.3801709773251787
 32
0.3047376740171113
 13
0.1647023485274985
 23
0.3721554990625009
 33
0.3016074698911573
  0
3DFACE
  5
5F4
330
5A4
100
AcDbEntity
  8
0
  6
Continuous
 62
    64
100
AcDbFace
 10
0.2300384872360155
 20
0.3237101440317929
 30
0.3183031712178229
 11
0.1760282997274771
 21
0.3843469131970778
 31
0.2943485399965902
 12
0.2259458262706175
 22
0.3636174752609804
 32
0.2990745294018186
 13
0.2259458262706175
 23
0.3636174752609804
 33
0.2990745294018186
  0
3DFACE
  5
5F5
330
5A4
100
AcDbEntity
  8
0
  6
Continuous
 62
    64
100
AcDbFace
 10
0.2174690726678818
 20
0.3020333456806839
 30
0.328721858672417
 11
0.2811429073335603
 21
0.2888209938537329
 31
0.305023098155425
 12
0.3255586187588051
 22
0.2261324174469337
 32
0.3028568597628347
 13
0.2894847081042826
 23
0.3083196218358353
 33
0.2962152380159682
  0
3DFACE
  5
5F6
330
5A4
100
AcDbEntity
  8
0
  6
Continuous
 62
    64
100
AcDbFace
 10
0.2529844915261492
 20
0.3561975199263543
 30
0.2906715865131054
 11
0.2108464722987264
 21
0.3840972513426095
 31
0.2795965005716148
 12
0.1917713396251202
 22
0.4066361994482577
 32
0.2650635344490929
 13
0.2347795171663165
 23
0.3872294870670885
 33
0.2676548896537106
  0
3DFACE
  5
5F7
330
5A4
100
AcDbEntity
  8
0
  6
Continuous
 62
    64
100
AcDbFace
 10
0.253258588607423
 20
0.3488607258768752
 30
0.2943907131376273
 11
0.2916248812107369
 21
0.3267260236898437
 31
0.2793375626732965
 12
0.317501230747439
 22
0.2945959822973236
 32
0.2807603050996038
 13
0.2891455835197121
 23
0.350124322460033
 33
0.2655271566039301
  0
3DFACE
  5
5F8
330
5A4
100
AcDbEntity
  8
0
  6
Continuous
 62
    64
100
AcDbFace
 10
0.2648243885487318
 20
0.3729606644483283
 30
0.2701487656773494
 11
0.2360818447778001
 21
0.4044496518326923
 31
0.250625982107075
 12
0.2580923943314701
 22
0.4014430264942348
 32
0.2452993067745818
 13
0.2580923943314701
 23
0.4014430264942348
 33
0.2452993067745818
  0
3DFACE
  5
5F9
330
5A4
100
AcDbEntity
  8
0
  6
Continuous
 62
    64
100
AcDbFace
 10
0.2654691202333197
 20
0.3738367742625996
 30
0.2680517556640131
 11
0.3146654741140082
 21
0.3439710146049038
 31
0.2497472734082263
 12
0.2985985050909221
 22
0.3669248998630792
 32
0.2468424078831933
 13
0.2985985050909221
 23
0.3669248998630792
 33
0.2468424078831933
  0
3DFACE
  5
5FA
330
5A4
100
AcDbEntity
  8
0
  6
Continuous
 62
    64
100
AcDbFace
 10
-0.4565109255490825
 20
0.04071192280389369
 30
0.2680517556640131
 11
-0.4552445959998295
 21
0.09825009491760284
 31
0.2497472734082263
 12
-0.4670897591859102
 22
0.07285874895751476
 32
0.2468424078831933
 13
-0.4670897591859102
 23
0.07285874895751476
 33
0.2468424078831933
  0
3DFACE
  5
5FB
330
5A4
100
AcDbEntity
  8
0
  6
Continuous
 62
    64
100
AcDbFace
 10
-0.4554298262810335
 20
0.04059162375051528
 30
0.2701487656773494
 11
-0.4683288175147027
 21
-4.464306402951479E-05
 31
0.250625982107075
 12
-0.4767302782274783
 22
0.02052036474924535
 32
0.2452993067745818
 13
-0.4767302782274783
 23
0.02052036474924535
 33
0.2452993067745818
  0
3DFACE
  5
5FC
330
5A4
100
AcDbEntity
  8
0
  6
Continuous
 62
    64
100
AcDbFace
 10
-0.4287757673300803
 20
0.04262531641870737
 30
0.2943907131376273
 11
-0.4287896992173046
 21
0.08691885159350932
 31
0.2793375626732965
 12
-0.413902441971004
 22
0.1253934482811019
 32
0.2807603050996038
 13
-0.4478135715471581
 23
0.07307256734929979
 33
0.2655271566039301
  0
3DFACE
  5
5FD
330
5A4
100
AcDbEntity
  8
0
  6
Continuous
 62
    64
100
AcDbFace
 10
-0.4349925688002259
 20
0.03871954442001879
 30
0.2906715865131054
 11
-0.4380854353075847
 21
-0.01172291650436819
 31
0.2795965005716148
 12
-0.4480671706842259
 22
-0.03951193997636437
 32
0.2650635344490929
 13
-0.4527645534835756
 23
0.007437590509653091
 33
0.2676548896537106
  0
3DFACE
  5
5FE
330
5A4
100
AcDbEntity
  8
0
  6
Continuous
 62
    64
100
AcDbFace
 10
-0.3703273085411638
 20
0.03504437650553882
 30
0.328721858672417
 11
-0.3907219935208559
 21
0.09679371083620936
 31
0.305023098155425
 12
-0.3586399495834485
 22
0.1666031334316358
 32
0.3028568597628347
 13
-0.4117792010074481
 23
0.09426860813982785
 33
0.2962152380159682
  0
3DFACE
  5
5FF
330
5A4
100
AcDbEntity
  8
0
  6
Continuous
 62
    64
100
AcDbFace
 10
-0.3953846738440916
 20
0.03509140969254076
 30
0.3183031712178229
 11
-0.420892562600784
 21
-0.04200116940774024
 31
0.2943485399965902
 12
-0.4278991060564294
 22
0.01159339572768658
 32
0.2990745294018186
 13
-0.4278991060564294
 23
0.01159339572768658
 33
0.2990745294018186
  0
3DFACE
  5
600
330
5A4
100
AcDbEntity
  8
0
  6
Continuous
 62
    64
100
AcDbFace
 10
-0.3651252861600369
 20
0.03231961047276855
 30
0.3324724296077613
 11
-0.3847624870250002
 21
-0.05867264175321907
 31
0.3092463803813612
 12
-0.3794492977904156
 22
-0.1054311380721629
 32
0.3047376740171113
 13
-0.4046715126605704
 23
-0.04571402375586331
 33
0.3016074698911573
  0
3DFACE
  5
601
330
5A4
100
AcDbEntity
  8
0
  6
Continuous
 62
    64
100
AcDbFace
 10
-0.3302388199372217
 20
0.0291452337987721
 30
0.346419187614879
 11
-0.3524389690719545
 21
0.08883296581916511
 31
0.338667426718111
 12
-0.3064315454103053
 22
0.2236814727075398
 32
0.3112236853853637
 13
-0.3817367064766586
 23
0.08483572141267359
 33
0.3423656617869901
  0
3DFACE
  5
602
330
5A4
100
AcDbEntity
  8
0
  6
Continuous
 62
    64
100
AcDbFace
 10
-0.2814905861159787
 20
0.02270028996281326
 30
0.3424695352982832
 11
-0.3036050501978025
 21
0.1130630788393319
 31
0.329546868542253
 12
-0.2799771870486438
 22
0.1903278706595302
 32
0.3141045572888422
 13
-0.3315905184717849
 23
0.1000376883894205
 33
0.3346288595082998
  0
3DFACE
  5
603
330
5A4
100
AcDbEntity
  8
0
  6
Continuous
 62
    64
100
AcDbFace
 10
-0.2325229039415717
 20
0.02242131403181702
 30
0.3374595997252414
 11
-0.255292093497701
 21
0.1041835789801553
 31
0.3260518589167952
 12
-0.2185383334290236
 22
0.235673206159845
 32
0.3001289801787225
 13
-0.2818508433410898
 23
0.106616395059973
 33
0.3283851764710787
  0
3DFACE
  5
604
330
5A4
100
AcDbEntity
  8
0
  6
Continuous
 62
    64
100
AcDbFace
 10
-0.1860272901831195
 20
0.01593527023214847
 30
0.3337494913621818
 11
-0.2048976928927004
 21
0.1193628094624728
 31
0.318293249931991
 12
-0.1701455219881609
 22
0.2245594065170735
 32
0.2970017162336709
 13
-0.2338587142294273
 23
0.119788691517897
 33
0.3212123802278297
  0
3DFACE
  5
605
330
5A4
100
AcDbEntity
  8
0
  6
Continuous
 62
    64
100
AcDbFace
 10
-0.321243146667257
 20
0.028299949481152
 30
0.3463452149936004
 11
-0.3581175622530282
 21
-0.06556732160970569
 31
0.3316680783364528
 12
-0.3557440363802016
 22
-0.1276454366743565
 32
0.3200621372907289
 13
-0.3802204610547051
 23
-0.06131568225100636
 33
0.3340202342733051
  0
3DFACE
  5
606
330
5A4
100
AcDbEntity
  8
0
  6
Continuous
 62
    64
100
AcDbFace
 10
-0.2790470019681379
 20
0.02443472784943879
 30
0.342638074954085
 11
-0.3094678894849494
 21
-0.07002369489055127
 31
0.3273939639379523
 12
-0.2612413058523089
 22
-0.1650053729536012
 32
0.3064712043613386
 13
-0.3398879608139396
 23
-0.08257862972095609
 33
0.3272399587401221
  0
3DFACE
  5
607
330
5A4
100
AcDbEntity
  8
0
  6
Continuous
 62
    64
100
AcDbFace
 10
-0.2259295022813603
 20
0.01956909580621868
 30
0.3379714398455189
 11
-0.2405845422763377
 21
-0.0540636481018737
 31
0.3254452905644007
 12
-0.2371527061332017
 22
-0.169438905082643
 32
0.3039445947755677
 13
-0.272453861660324
 23
-0.03802990925032645
 33
0.3306614199044094
  0
3DFACE
  5
608
330
5A4
100
AcDbEntity
  8
0
  6
Continuous
 62
    64
100
AcDbFace
 10
-0.1750459159957245
 20
0.01490809314418584
 30
0.3335010650919852
 11
-0.1985168502433226
 21
-0.0801869542337954
 31
0.3176463663046392
 12
-0.2014276452828199
 22
-0.1284191079903394
 32
0.3089665206431414
 13
-0.2132148784585297
 23
-0.02786738157738
 33
0.3283291307914246
  0
3DFACE
  5
609
330
5A4
100
AcDbEntity
  8
0
  6
Continuous
 62
    64
100
AcDbFace
 10
-0.08485070255119354
 20
0.006646094494499266
 30
0.2533320271370506
 11
-0.1069827881874517
 21
-0.03537139389663935
 31
0.2606016292376592
 12
-0.1227918470976874
 22
-0.1002379306592047
 32
0.2539601432940266
 13
-0.1221854460891336
 23
-0.03175182559061795
 33
0.2766240939310223
  0
3DFACE
  5
60A
330
5A4
100
AcDbEntity
  8
0
  6
Continuous
 62
    64
100
AcDbFace
 10
-0.1148018558742478
 20
0.009389659040607512
 30
0.2834085749135867
 11
-0.133762642974034
 21
-0.03291832446120679
 31
0.2874936013672675
 12
-0.1470503190066665
 22
-0.1158317038789392
 32
0.2722709055057844
 13
-0.1495956464204937
 23
-0.02478704554960132
 33
0.3056613685400942
  0
3DFACE
  5
60B
330
5A4
100
AcDbEntity
  8
0
  6
Continuous
 62
    64
100
AcDbFace
 10
-0.1479243076173589
 20
0.01242371858097613
 30
0.3166696983370512
 11
-0.1649705683812499
 21
-0.0367405932629481
 31
0.3165637062905328
 12
-0.1797808085102588
 22
-0.1479704243829474
 32
0.2932079186368266
 13
-0.1860281587578356
 23
-0.05906108370982111
 33
0.3294757269536205
  0
3DFACE
  5
60C
330
5A4
100
AcDbEntity
  8
0
  6
Continuous
 62
    64
100
AcDbFace
 10
-0.08693703776225448
 20
0.006858474342152476
 30
0.2544195927706422
 11
-0.09805007500108331
 21
0.0566226722439751
 31
0.2579208815318784
 12
-0.08739424811210483
 22
0.1175072815967724
 32
0.2375018198330732
 13
-0.1122177925426513
 23
0.06014743866398931
 33
0.2717980437457796
  0
3DFACE
  5
60D
330
5A4
100
AcDbEntity
  8
0
  6
Continuous
 62
    64
100
AcDbFace
 10
-0.1168232512427494
 20
0.007616548100486398
 30
0.2847419248387336
 11
-0.1312885724473745
 21
0.0685753021389246
 31
0.2898990547740712
 12
-0.1187253711977974
 22
0.1624425270128995
 32
0.2623554514140626
 13
-0.1465740996645764
 23
0.1009058248018846
 33
0.3003892656296959
  0
3DFACE
  5
60E
330
5A4
100
AcDbEntity
  8
0
  6
Continuous
 62
    64
100
AcDbFace
 10
-0.1500106427120045
 20
0.01263609854504466
 30
0.3177572639706432
 11
-0.1663538422435522
 21
0.08267480914946645
 31
0.3234006524174464
 12
-0.1561363586224616
 22
0.1569614817854017
 32
0.301322546750642
 13
-0.1882387519581243
 23
0.08047296782024205
 33
0.3460380526962187
  0
3DFACE
  5
60F
330
5A4
100
AcDbEntity
  8
0
  6
Continuous
 62
    64
100
AcDbFace
 10
0.09599319496192038
 20
-0.2077179283369333
 30
0.3379714398455189
 11
0.1670885417843238
 21
-0.1835931934183463
 31
0.3254452905644007
 12
0.265290527138859
 22
-0.1229335076641291
 32
0.3039445947755677
 13
0.1691375763621181
 23
-0.2192097030347213
 33
0.3306614199044094
  0
3DFACE
  5
610
330
5A4
100
AcDbEntity
  8
0
  6
Continuous
 62
    64
100
AcDbFace
 10
0.07458794850390404
 20
-0.1613209487404674
 30
0.3335010650919852
 11
0.1686781424796209
 21
-0.1340998503146693
 31
0.3176463663046392
 12
0.2119038105010986
 22
-0.1125045958906412
 32
0.3089665206431414
 13
0.1307170775253326
 23
-0.172988502541557
 33
0.3283291307914246
  0
3DFACE
  5
611
330
5A4
100
AcDbEntity
  8
0
  6
Continuous
 62
    64
100
AcDbFace
 10
0.03664544259663671
 20
-0.07907860330305994
 30
0.2533320271370506
 11
0.08409969776403159
 21
-0.07723680755589157
 31
0.2606016292376592
 12
0.1481802959460765
 22
-0.05849458556622267
 32
0.2539601432940266
 13
0.08856638858560473
 23
-0.09221247956156731
 33
0.2766240939310223
  0
3DFACE
  5
612
330
5A4
100
AcDbEntity
  8
0
  6
Continuous
 62
    64
100
AcDbFace
 10
0.04924502258654684
 20
-0.1063888451317325
 30
0.2834085749135867
 11
0.09536520461551845
 21
-0.1016553767258301
 31
0.2874936013672675
 12
0.1738141356036067
 22
-0.07170615205541253
 32
0.2722709055057844
 13
0.09623981220647693
 23
-0.119432799401693
 33
0.3056613685400942
  0
3DFACE
  5
613
330
5A4
100
AcDbEntity
  8
0
  6
Continuous
 62
    64
100
AcDbFace
 10
0.06317867583129555
 20
-0.1365907596191391
 30
0.3166696983370512
 11
0.1142793491017073
 21
-0.1267710984684527
 31
0.3165637062905328
 12
0.2180123287253082
 22
-0.08398222725372761
 32
0.2932079186368266
 13
0.1441382562043145
 23
-0.1338472615461797
 33
0.3294757269536205
  0
3DFACE
  5
614
330
5A4
100
AcDbEntity
  8
0
  6
Continuous
 62
    64
100
AcDbFace
 10
0.03750468371436
 20
-0.08099161251448095
 30
0.2544195927706422
 11
-3.585719969123602E-05
 21
-0.1154978839913383
 31
0.2579208815318784
 12
-0.05809138901531696
 22
-0.1367119718343019
 32
0.2375018198330732
 13
0.003995464299805462
 23
-0.1295298705808818
 33
0.2717980437457796
  0
3DFACE
  5
615
330
5A4
100
AcDbEntity
  8
0
  6
Continuous
 62
    64
100
AcDbFace
 10
0.05179127934388816
 20
-0.1072528694057837
 30
0.2847419248387336
 11
0.006232110434211791
 21
-0.1502595820929855
 31
0.2898990547740712
 12
-0.08134089165832847
 22
-0.186313143116422
 32
0.2623554514140626
 13
-0.01412417984101921
 23
-0.1796624984126538
 33
0.3003892656296959
  0
3DFACE
  5
616
330
5A4
100
AcDbEntity
  8
0
  6
Continuous
 62
    64
100
AcDbFace
 10
0.06403791694901884
 20
-0.1385037688305601
 30
0.3177572639706432
 11
0.01155421405564994
 21
-0.1876767500070855
 31
0.3234006524174464
 12
-0.05788867338560522
 22
-0.2159714860608801
 32
0.301322546750642
 13
0.02440351946279407
 23
-0.2055287172552198
 33
0.3460380526962187
  0
3DFACE
  5
617
330
5A4
100
AcDbEntity
  8
0
  6
Continuous
 62
    64
100
AcDbFace
 10
0.1545488171977922
 20
-0.3346402707975358
 30
0.3324724296077613
 11
0.243169019697234
 21
-0.3061504594516009
 31
0.3092463803813612
 12
0.2810064707882702
 22
-0.2781698543112725
 32
0.3047376740171113
 13
0.2419010400772095
 23
-0.3298714903648943
 33
0.3016074698911573
  0
3DFACE
  5
618
330
5A4
100
AcDbEntity
  8
0
  6
Continuous
 62
    64
100
AcDbFace
 10
0.1210620432393625
 20
-0.2574008355149999
 30
0.3424695352982832
 11
0.05386280454695225
 21
-0.3217339176917449
 31
0.329546868542253
 12
-0.02486439957283437
 22
-0.3399039838695899
 32
0.3141045572888422
 13
0.07913585763890296
 23
-0.3394573489204049
 33
0.3346288595082998
  0
3DFACE
  5
619
330
5A4
100
AcDbEntity
  8
0
  6
Continuous
 62
    64
100
AcDbFace
 10
0.09681980242021382
 20
-0.2148540908237919
 30
0.3374595997252414
 11
0.03739619860425591
 21
-0.275453919894062
 31
0.3260518589167952
 12
-0.094854038907215
 22
-0.3093690435634926
 32
0.3001289801787225
 13
0.04856869310606271
 23
-0.2996708799619228
 33
0.3283851764710787
  0
3DFACE
  5
61A
330
5A4
100
AcDbEntity
  8
0
  6
Continuous
 62
    64
100
AcDbFace
 10
0.07918907410930842
 20
-0.1713446862995625
 30
0.3337494913621818
 11
-0.0009466009214520454
 21
-0.2394007040420547
 31
0.318293249931991
 12
-0.1094256117939949
 22
-0.2619027396431193
 32
0.2970017162336709
 13
0.01316508511081338
 23
-0.2646946253953502
 33
0.3212123802278297
  0
3DFACE
  5
61B
330
5A4
100
AcDbEntity
  8
0
  6
Continuous
 62
    64
100
AcDbFace
 10
0.1360888760536909
 20
-0.2946273926645517
 30
0.3463452149936004
 11
0.2358175253029913
 21
-0.2796279377071187
 31
0.3316680783364528
 12
0.288391986861825
 22
-0.2465333464788273
 32
0.3200621372907289
 13
0.2431869469583035
 23
-0.3008954292163253
 33
0.3340202342733051
  0
3DFACE
  5
61C
330
5A4
100
AcDbEntity
  8
0
  6
Continuous
 62
    64
100
AcDbFace
 10
0.1929736813763157
 20
-0.4179787122411653
 30
0.2680517556640131
 11
0.1425109978299588
 21
-0.4456511245807633
 31
0.2497472734082263
 12
0.1704231300391257
 22
-0.4432136637624353
 32
0.2468424078831933
 13
0.1704231300391257
 23
-0.4432136637624353
 33
0.2468424078831933
  0
3DFACE
  5
61D
330
5A4
100
AcDbEntity
  8
0
  6
Continuous
 62
    64
100
AcDbFace
 10
0.1925373137928545
 20
-0.416982303140685
 30
0.2701487656773494
 11
0.2341788486810401
 21
-0.4078350238269195
 31
0.250625982107075
 12
0.220569759956561
 22
-0.4253934061853215
 32
0.2452993067745818
 13
0.220569759956561
 23
-0.4253934061853215
 33
0.2452993067745818
  0
3DFACE
  5
61E
330
5A4
100
AcDbEntity
  8
0
  6
Continuous
 62
    64
100
AcDbFace
 10
0.1774490547832102
 20
-0.3949160573538393
 30
0.2943907131376273
 11
0.1390966939507052
 21
-0.4170748903416097
 31
0.2793375626732965
 12
0.09833308716770262
 22
-0.4234194456366822
 32
0.2807603050996038
 13
0.1605998640879989
 23
-0.4266269049840048
 33
0.2655271566039301
  0
3DFACE
  5
61F
330
5A4
100
AcDbEntity
  8
0
  6
Continuous
 62
    64
100
AcDbFace
 10
0.1839399533346295
 20
-0.3983470794046298
 30
0.2906715865131054
 11
0.2291708390694112
 21
-0.375804349896498
 31
0.2795965005716148
 12
0.2582277070032433
 22
-0.37055427453015
 32
0.2650635344490929
 13
0.219916912377812
 23
-0.3980970926349983
 33
0.2676548896537106
  0
3DFACE
  5
620
330
5A4
100
AcDbEntity
  8
0
  6
Continuous
 62
    64
100
AcDbFace
 10
0.1547901118174195
 20
-0.3405077373608947
 30
0.328721858672417
 11
0.1115109621314332
 21
-0.389044719748199
 31
0.305023098155425
 12
0.03501320676878095
 22
-0.3961655660532415
 32
0.3028568597628347
 13
0.1242263689637184
 23
-0.4060182450339198
 33
0.2962152380159682
  0
3DFACE
  5
621
330
5A4
100
AcDbEntity
  8
0
  6
Continuous
 62
    64
100
AcDbFace
 10
0.1672780625522137
 20
-0.3622315687825903
 30
0.3183031712178229
 11
0.2467961389338598
 21
-0.3457757589640096
 31
0.2943485399965902
 12
0.2038851558463648
 22
-0.3786408860469237
 32
0.2990745294018186
 13
0.2038851558463648
 23
-0.3786408860469237
 33
0.2990745294018186
  0
3DFACE
  5
622
330
5A4
100
AcDbEntity
  8
0
  6
Continuous
 62
    64
100
AcDbFace
 10
0.139854675042443
 20
-0.3028405163204297
 30
0.346419187614879
 11
0.09926365735009313
 21
-0.3519102755235508
 31
0.338667426718111
 12
-0.04052228713408113
 22
-0.3794909312855452
 32
0.3112236853853637
 13
0.117374241235666
 23
-0.3752842381363735
 33
0.3423656617869901
  0
3DFACE
  5
623
330
5A4
100
AcDbEntity
  8
0
  6
Continuous
 62
    72
100
AcDbFace
 10
0.140842039254494
 20
-0.3050299347378314
 30
0.3471601954183843
 11
0.1439217791194096
 21
-0.3050299347378314
 31
0.3471601954183843
 12
0.1795446670148522
 22
-0.3822443882236257
 32
0.3075074200734111
 13
0.1764649271499366
 23
-0.3822443882236257
 33
0.3075074200734111
  0
3DFACE
  5
624
330
5A4
100
AcDbEntity
  8
0
  6
Continuous
 62
    72
100
AcDbFace
 10
0.1764971232041717
 20
-0.3823141749016941
 30
0.307671878301042
 11
0.1795768630690873
 21
-0.3823141749016941
 31
0.307671878301042
 12
0.1987726937513798
 22
-0.4239221315365285
 32
0.2618493731591436
 13
0.1956929538864642
 23
-0.4239221315365285
 33
0.2618493731591436
  0
3DFACE
  5
625
330
5A4
100
AcDbEntity
  8
0
  6
Continuous
 62
    72
100
AcDbFace
 10
0.06986871757544577
 20
-0.1511915863957256
 30
0.3320436437332939
 11
0.07294845744036138
 21
-0.1511915863957256
 31
0.3320436437332939
 12
0.1438468102132902
 22
-0.3048674359451979
 32
0.3468503971852403
 13
0.1407670704647899
 23
-0.3048674359451979
 33
0.3468503971852403
  0
3DFACE
  5
626
330
5A4
100
AcDbEntity
  8
0
  6
Continuous
 62
    72
100
AcDbFace
 10
0.01621914480347186
 20
-0.03490336053073406
 30
0.2039869929473345
 11
0.01929888466838747
 21
-0.03490336053073406
 31
0.2039869929473345
 12
0.07295827253255993
 22
-0.1512128611793742
 32
0.3320777023015263
 13
0.06987853266764432
 23
-0.1512128611793742
 33
0.3320777023015263
  0
3DFACE
  5
627
330
5A4
100
AcDbEntity
  8
0
  6
Continuous
 62
    72
100
AcDbFace
 10
0.01621914480347186
 20
-0.03490336053073406
 30
0.2039869929473345
 11
0.01929888466838747
 21
-0.03490336053073406
 31
0.2039869929473345
 12
0.003723698551766574
 22
-0.001143338391557336
 32
0.04999999999999999
 13
0.000643958686850965
 23
-0.001143338391557336
 33
0.04999999999999999
  0
3DFACE
  5
628
330
5A4
100
AcDbEntity
  8
0
  6
Continuous
 62
    72
100
AcDbFace
 10
-0.03638067131396383
 20
0.002248165896162391
 30
0.2039869929473345
 11
-0.03330093144904822
 21
0.002248165896162391
 31
0.2039869929473345
 12
-0.1608576074941084
 22
0.01393252308480442
 32
0.3320777023015263
 13
-0.163937347359024
 23
0.01393252308480442
 33
0.3320777023015263
  0
3DFACE
  5
629
330
5A4
100
AcDbEntity
  8
0
  6
Continuous
 62
    72
100
AcDbFace
 10
-0.1639140154002234
 20
0.013930385815911
 30
0.3320436437332939
 11
-0.1608342755353078
 21
0.013930385815911
 31
0.3320436437332939
 12
-0.3293706416152418
 22
0.02936853608116508
 32
0.3468503971852403
 13
-0.3324503814801574
 23
0.02936853608116508
 33
0.3468503971852403
  0
3DFACE
  5
62A
330
5A4
100
AcDbEntity
  8
0
  6
Continuous
 62
    72
100
AcDbFace
 10
-0.332628594012931
 20
0.02938486053608358
 30
0.3471601954183843
 11
-0.3295488541480154
 21
0.02938486053608358
 31
0.3471601954183843
 12
-0.4142299763625488
 22
0.03714176139328629
 32
0.3075074200734111
 13
-0.4173097162274644
 23
0.03714176139328629
 33
0.3075074200734111
  0
3DFACE
  5
62B
330
5A4
100
AcDbEntity
  8
0
  6
Continuous
 62
    72
100
AcDbFace
 10
-0.4173862511524931
 20
0.03714877204038203
 30
0.307671878301042
 11
-0.4143065112875775
 21
0.03714877204038203
 31
0.307671878301042
 12
-0.4599379742285237
 22
0.04132867336738855
 32
0.2618493731591436
 13
-0.4630177140934393
 23
0.04132867336738855
 33
0.2618493731591436
  0
3DFACE
  5
62C
330
5A4
100
AcDbEntity
  8
0
  6
Continuous
 62
    72
100
AcDbFace
 10
-0.03638067131396383
 20
0.002248165896162391
 30
0.2039869929473345
 11
-0.03330093144904822
 21
0.002248165896162391
 31
0.2039869929473345
 12
0.003723698551766574
 22
-0.001143338391557336
 32
0.04999999999999999
 13
0.000643958686850965
 23
-0.001143338391557336
 33
0.04999999999999999
  0
3DFACE
  5
62D
330
5A4
100
AcDbEntity
  8
0
  6
Continuous
 62
    72
100
AcDbFace
 10
0.02209340245462954
 20
0.02922517957631499
 30
0.2039869929473345
 11
0.02517314231954515
 21
0.02922517957631499
 31
0.2039869929473345
 12
0.003723698551766574
 22
-0.001143338391557336
 32
0.04999999999999999
 13
0.000643958686850965
 23
-0.001143338391557336
 33
0.04999999999999999
  0
3DFACE
  5
62E
330
5A4
100
AcDbEntity
  8
0
  6
Continuous
 62
    72
100
AcDbFace
 10
0.2428210040088743
 20
0.34173538768664
 30
0.307671878301042
 11
0.2459007438737899
 21
0.34173538768664
 31
0.307671878301042
 12
0.2723363758996129
 22
0.3791634431108832
 32
0.2618493731591436
 13
0.2692566360346973
 23
0.3791634431108832
 33
0.2618493731591436
  0
3DFACE
  5
62F
330
5A4
100
AcDbEntity
  8
0
  6
Continuous
 62
    72
100
AcDbFace
 10
0.1937184307025746
 20
0.2722150591434911
 30
0.3471601954183843
 11
0.1967981705674902
 21
0.2722150591434911
 31
0.3471601954183843
 12
0.245856404886581
 22
0.3416726117720827
 32
0.3075074200734111
 13
0.2427766650216654
 23
0.3416726117720827
 33
0.3075074200734111
  0
3DFACE
  5
630
330
5A4
100
AcDbEntity
  8
0
  6
Continuous
 62
    72
100
AcDbFace
 10
0.09597717388533056
 20
0.1338311854051426
 30
0.3320436437332939
 11
0.09905691375024617
 21
0.1338311854051426
 31
0.3320436437332939
 12
0.196694926940836
 22
0.2720688849221915
 32
0.3468503971852403
 13
0.1936151870759204
 23
0.2720688849221915
 33
0.3468503971852403
  0
3DFACE
  5
631
330
5A4
100
AcDbEntity
  8
0
  6
Continuous
 62
    72
100
AcDbFace
 10
0.02209340245462954
 20
0.02922517957631499
 30
0.2039869929473345
 11
0.02517314231954515
 21
0.02922517957631499
 31
0.2039869929473345
 12
0.09907043061684817
 22
0.1338503229198977
 32
0.3320777023015263
 13
0.09599069075193256
 23
0.1338503229198977
 33
0.3320777023015263
  0
3DFACE
  5
632
330
5A4
100
AcDbEntity
  8
0
  6
Continuous
 62
    72
100
AcDbFace
 10
0.03072214848361909
 20
0.007638427894562483
 30
0.2840602292799484
 11
0.0338018883485347
 21
0.007638427894562483
 31
0.2840602292799484
 12
0.06995986308902502
 22
0.01760929240845144
 32
0.4240403596532244
 13
0.06688012322410941
 23
0.01760929240845144
 33
0.4240403596532244
  0
3DFACE
  5
633
330
5A4
100
AcDbEntity
  8
0
  6
Continuous
 62
    72
100
AcDbFace
 10
0.06687760795466602
 20
0.01760859880596399
 30
0.4240073913141909
 11
0.06995734781958163
 21
0.01760859880596399
 31
0.4240073913141909
 12
0.1772830142872408
 22
0.04720455023925751
 32
0.5019625975796941
 13
0.1742032744223252
 23
0.04720455023925751
 33
0.5019625975796941
  0
3DFACE
  5
634
330
5A4
100
AcDbEntity
  8
0
  6
Continuous
 62
    72
100
AcDbFace
 10
0.1742033389164135
 20
0.04720456805080175
 30
0.5022488155249401
 11
0.1772830787813291
 21
0.04720456805080175
 31
0.5022488155249401
 12
0.2493680607294664
 22
0.06708260567393154
 32
0.5087908273593784
 13
0.2462883208645508
 23
0.06708260567393154
 33
0.5087908273593784
  0
3DFACE
  5
635
330
5A4
100
AcDbEntity
  8
0
  6
Continuous
 62
    72
100
AcDbFace
 10
0.2462762356735766
 20
0.0670792730525136
 30
0.5089355095378275
 11
0.2493559755384922
 21
0.0670792730525136
 31
0.5089355095378275
 12
0.2976299262372777
 22
0.08039121923502535
 32
0.4955177487802469
 13
0.2945501863723621
 23
0.08039121923502535
 33
0.4955177487802469
  0
3DFACE
  5
636
330
5A4
100
AcDbEntity
  8
0
  6
Continuous
 62
    72
100
AcDbFace
 10
0.03072214848361909
 20
0.007638427894562483
 30
0.2840602292799484
 11
0.0338018883485347
 21
0.007638427894562483
 31
0.2840602292799484
 12
0.004509833874180913
 22
-0.0004391014808788896
 32
0.1115947971789338
 13
0.001430094009265304
 23
-0.0004391014808788896
 33
0.1115947971789338
  0
3DFACE
  5
637
330
5A4
100
AcDbEntity
  8
0
  6
Continuous
 62
    72
100
AcDbFace
 10
-0.04923572984989733
 20
-0.04562837968114763
 30
0.4240073913141909
 11
-0.04615598998498172
 21
-0.04562837968114763
 31
0.4240073913141909
 12
-0.1292415495263413
 22
-0.1197330950526521
 32
0.5019625975796941
 13
-0.1323212892748415
 23
-0.1197330950526521
 33
0.5019625975796941
  0
3DFACE
  5
638
330
5A4
100
AcDbEntity
  8
0
  6
Continuous
 62
    72
100
AcDbFace
 10
-0.02124618482775986
 20
-0.02066426689270884
 30
0.2840602292799484
 11
-0.01816644496284425
 21
-0.02066426689270884
 31
0.2840602292799484
 12
-0.04615793726406991
 22
-0.04563011636491865
 32
0.4240403596532244
 13
-0.04923767712898552
 23
-0.04563011636491865
 33
0.4240403596532244
  0
3DFACE
  5
639
330
5A4
100
AcDbEntity
  8
0
  6
Continuous
 62
    72
100
AcDbFace
 10
-0.1323213392170146
 20
-0.119733139523305
 30
0.5022488155249401
 11
-0.129241599352099
 21
-0.119733139523305
 31
0.5022488155249401
 12
-0.185045781545341
 22
-0.1695053630974144
 32
0.5087908273593784
 13
-0.1881255214102566
 23
-0.1695053630974144
 33
0.5087908273593784
  0
3DFACE
  5
63A
330
5A4
100
AcDbEntity
  8
0
  6
Continuous
 62
    72
100
AcDbFace
 10
-0.188116165692918
 20
-0.1694970186799765
 30
0.5089355095378275
 11
-0.1850364258280024
 21
-0.1694970186799765
 31
0.5089355095378275
 12
-0.2224074325058609
 22
-0.2028285366250202
 32
0.4955177487802469
 13
-0.2254871723707765
 23
-0.2028285366250202
 33
0.4955177487802469
  0
3DFACE
  5
63B
330
5A4
100
AcDbEntity
  8
0
  6
Continuous
 62
    72
100
AcDbFace
 10
-0.02124618482775986
 20
-0.02066426689270884
 30
0.2840602292799484
 11
-0.01816644496284425
 21
-0.02066426689270884
 31
0.2840602292799484
 12
0.004509833874180913
 22
-0.0004391014808788896
 32
0.1115947971789338
 13
0.001430094009265304
 23
-0.0004391014808788896
 33
0.1115947971789338
  0
3DFACE
  5
63C
330
5A4
100
AcDbEntity
  8
0
  6
Continuous
 62
    72
100
AcDbFace
 10
0.00458936532959342
 20
0.03640703030396253
 30
0.3887713844841358
 11
0.007669105194509029
 21
0.03640703030396253
 31
0.3887713844841358
 12
0.01135283592157066
 22
0.07373325969092548
 32
0.528751514857412
 13
0.008273096056655049
 23
0.07373325969092548
 33
0.528751514857412
  0
3DFACE
  5
63D
330
5A4
100
AcDbEntity
  8
0
  6
Continuous
 62
    72
100
AcDbFace
 10
0.008272839826531708
 20
0.07373066316358745
 30
0.5287185465183784
 11
0.01135257969144732
 21
0.07373066316358745
 31
0.5287185465183784
 12
0.02228678902611136
 22
0.1845239937538281
 32
0.6066737527838815
 13
0.01920704916119576
 23
0.1845239937538281
 33
0.6066737527838815
  0
3DFACE
  5
63E
330
5A4
100
AcDbEntity
  8
0
  6
Continuous
 62
    72
100
AcDbFace
 10
0.01920705568045378
 20
0.1845240602269769
 30
0.6069599707291276
 11
0.02228679554536939
 21
0.1845240602269769
 31
0.6069599707291276
 12
0.02963072655256838
 22
0.2589380890130997
 32
0.6135019825635657
 13
0.02655098668765277
 23
0.2589380890130997
 33
0.6135019825635657
  0
3DFACE
  5
63F
330
5A4
100
AcDbEntity
  8
0
  6
Continuous
 62
    72
100
AcDbFace
 10
0.0265497553627938
 20
0.2589256133651361
 30
0.6136466647420149
 11
0.02962949522770941
 21
0.2589256133651361
 31
0.6136466647420149
 12
0.0345475870417431
 22
0.3087592826923355
 32
0.6002289039844344
 13
0.03146784717682749
 23
0.3087592826923355
 33
0.6002289039844344
  0
3DFACE
  5
640
330
5A4
100
AcDbEntity
  8
0
  6
Continuous
 62
    72
100
AcDbFace
 10
0.00458936532959342
 20
0.03640703030396253
 30
0.3887713844841358
 11
0.007669105194509029
 21
0.03640703030396253
 31
0.3887713844841358
 12
0.004684866056777537
 22
0.006168557214550674
 32
0.2163059523831213
 13
0.001605126191861928
 23
0.006168557214550674
 33
0.2163059523831213
  0
ENDBLK
  5
641
330
5A4
100
AcDbEntity
  8
ARWALL
100
AcDbBlockEnd
  0
BLOCK
  5
6D4
330
6D3
100
AcDbEntity
  8
0
100
AcDbBlockBegin
  2
weorkasd
 70
     0
 10
0
 20
0
 30
0
  3
weorkasd
  1

  0
LINE
  5
6D5
330
6D3
100
AcDbEntity
  8
Muebles
100
AcDbLine
 10
55.10362385052
 20
1.819425246265886
 30
0
 11
55.07604164185544
 21
1.819425246265886
 31
0
  0
LINE
  5
6D6
330
6D3
100
AcDbEntity
  8
Muebles
100
AcDbLine
 10
55.07604164185544
 20
1.99352069515919
 30
0
 11
55.0208842987014
 21
1.99352069515919
 31
0
  0
LINE
  5
6D7
330
6D3
100
AcDbEntity
  8
Muebles
100
AcDbLine
 10
55.07604164185544
 20
1.590179528393648
 30
0
 11
55.0208842987014
 21
1.590179528393648
 31
0
  0
LINE
  5
6D8
330
6D3
100
AcDbEntity
  8
Muebles
100
AcDbLine
 10
55.10362385052
 20
1.764267903111843
 30
0
 11
55.07604164185544
 21
1.764267903111843
 31
0
  0
LINE
  5
6D9
330
6D3
100
AcDbEntity
  8
Muebles
100
AcDbLine
 10
56.43345558009158
 20
1.283502154008531
 30
0
 11
55.53682511032815
 21
1.2835021540086
 31
0
  0
LINE
  5
6DA
330
6D3
100
AcDbEntity
  8
Muebles
100
AcDbLine
 10
55.53682511032815
 20
2.151547644353538
 30
0
 11
54.86435402654935
 21
2.151547644353538
 31
0
  0
LINE
  5
6DB
330
6D3
100
AcDbEntity
  8
Muebles
100
AcDbLine
 10
56.43345558009158
 20
2.57183853462774
 30
0
 11
56.06611489034425
 21
2.571838534627719
 31
0
  0
LINE
  5
6DC
330
6D3
100
AcDbEntity
  8
Muebles
100
AcDbLine
 10
55.46214304393374
 20
1.785808766252024
 30
0
 11
55.46214304393374
 21
1.79789853147588
 31
0
  0
LINE
  5
6DD
330
6D3
100
AcDbEntity
  8
Muebles
100
AcDbLine
 10
55.10362385052
 20
1.937854011398876
 30
0
 11
55.10362385052
 21
1.953120081236811
 31
0
  0
LINE
  5
6DE
330
6D3
100
AcDbEntity
  8
Muebles
100
AcDbLine
 10
55.10362385052
 20
1.764267903111843
 30
0
 11
55.10362385052
 21
1.819425246265886
 31
0
  0
LINE
  5
6DF
330
6D3
100
AcDbEntity
  8
Muebles
100
AcDbLine
 10
55.07604164185544
 20
1.764267903111843
 30
0
 11
55.07604164185544
 21
1.819425246265886
 31
0
  0
LINE
  5
6E0
330
6D3
100
AcDbEntity
  8
Muebles
100
AcDbLine
 10
55.46214304393374
 20
1.617224099751595
 30
0
 11
55.46214304393374
 21
1.785808766252024
 31
0
  0
LINE
  5
6E1
330
6D3
100
AcDbEntity
  8
Muebles
100
AcDbLine
 10
55.46214304393374
 20
1.79789853147588
 30
0
 11
55.46214304393374
 21
1.966469049626155
 31
0
  0
LINE
  5
6E2
330
6D3
100
AcDbEntity
  8
Muebles
100
AcDbLine
 10
55.10362385052
 20
1.819425246265886
 30
0
 11
55.10362385052
 21
1.937854011398876
 31
0
  0
LINE
  5
6E3
330
6D3
100
AcDbEntity
  8
Muebles
100
AcDbLine
 10
55.07604164185544
 20
1.819425246265886
 30
0
 11
55.07604164185544
 21
1.99352069515919
 31
0
  0
LINE
  5
6E4
330
6D3
100
AcDbEntity
  8
Muebles
100
AcDbLine
 10
55.0208842987014
 20
1.590179528393648
 30
0
 11
55.0208842987014
 21
1.99352069515919
 31
0
  0
LINE
  5
6E5
330
6D3
100
AcDbEntity
  8
Muebles
100
AcDbLine
 10
55.07604164185544
 20
1.590179528393648
 30
0
 11
55.07604164185544
 21
1.764267903111843
 31
0
  0
LINE
  5
6E6
330
6D3
100
AcDbEntity
  8
Muebles
100
AcDbLine
 10
55.10362385052
 20
1.645874508854312
 30
0
 11
55.10362385052
 21
1.764267903111843
 31
0
  0
LINE
  5
6E7
330
6D3
100
AcDbEntity
  8
Muebles
100
AcDbLine
 10
55.53682511032815
 20
1.2835021540086
 30
0
 11
55.53682511032815
 21
2.57183853462774
 31
0
  0
LINE
  5
6E8
330
6D3
100
AcDbEntity
  8
Muebles
100
AcDbLine
 10
54.86435402654935
 20
2.151547644353538
 30
0
 11
54.86435402654934
 21
2.57183853462774
 31
0
  0
LINE
  5
6E9
330
6D3
100
AcDbEntity
  8
Muebles
100
AcDbLine
 10
55.103461144493
 20
1.630792367568624
 30
0
 11
55.10362385052
 21
1.645874508854312
 31
0
  0
LINE
  5
6EA
330
6D3
100
AcDbEntity
  8
Muebles
100
AcDbLine
 10
55.37233639120313
 20
1.531110166416439
 30
0
 11
55.36889126793572
 21
1.543051373963443
 31
0
  0
LINE
  5
6EB
330
6D3
100
AcDbEntity
  8
Muebles
100
AcDbLine
 10
55.36889126793571
 20
2.040641775414279
 30
0
 11
55.37233639120312
 21
2.052597131311465
 31
0
  0
LINE
  5
6EC
330
6D3
100
AcDbEntity
  8
Muebles
100
AcDbLine
 10
55.35696420873888
 20
2.038491226187808
 30
0
 11
55.36212128237737
 21
2.056339369932551
 31
0
  0
LINE
  5
6ED
330
6D3
100
AcDbEntity
  8
Muebles
100
AcDbLine
 10
55.10362385052
 20
1.953120081236811
 30
0
 11
55.13843586612358
 21
1.999066848427467
 31
0
  0
LINE
  5
6EE
330
6D3
100
AcDbEntity
  8
Muebles
100
AcDbLine
 10
55.08965942889809
 20
1.949278804164514
 30
0
 11
55.09596959307577
 21
1.959055314134886
 31
0
  0
LINE
  5
6EF
330
6D3
100
AcDbEntity
  8
Muebles
100
AcDbLine
 10
55.09596251890068
 20
1.624673206118295
 30
0
 11
55.089652354723
 21
1.63444971608866
 31
0
  0
LINE
  5
6F0
330
6D3
100
AcDbEntity
  8
Muebles
100
AcDbLine
 10
55.13843586612357
 20
1.584626300950283
 30
0
 11
55.103461144493
 21
1.630792367568624
 31
0
  0
LINE
  5
6F1
330
6D3
100
AcDbEntity
  8
Muebles
100
AcDbLine
 10
55.36211420820229
 20
1.527375001970462
 30
0
 11
55.35696420873888
 21
1.545201923189914
 31
0
  0
LINE
  5
6F2
330
6D3
100
AcDbEntity
  8
Muebles
100
AcDbLine
 10
55.36889126793572
 20
1.543051373963443
 30
0
 11
55.35696420873888
 21
1.545201923189914
 31
0
  0
LINE
  5
6F3
330
6D3
100
AcDbEntity
  8
Muebles
100
AcDbLine
 10
55.36889126793571
 20
2.040641775414279
 30
0
 11
55.35696420873888
 21
2.038491226187808
 31
0
  0
LINE
  5
6F4
330
6D3
100
AcDbEntity
  8
Muebles
100
AcDbLine
 10
55.37233639120313
 20
1.531110166416439
 30
0
 11
55.36211420820229
 21
1.527375001970462
 31
0
  0
LINE
  5
6F5
330
6D3
100
AcDbEntity
  8
Muebles
100
AcDbLine
 10
55.38227560720048
 20
1.540639080258749
 30
0
 11
55.36889126793572
 21
1.543051373963443
 31
0
  0
LINE
  5
6F6
330
6D3
100
AcDbEntity
  8
Muebles
100
AcDbLine
 10
55.46214304393374
 20
1.617224099751595
 30
0
 11
55.38227560720048
 21
1.540639080258749
 31
0
  0
LINE
  5
6F7
330
6D3
100
AcDbEntity
  8
Muebles
100
AcDbLine
 10
55.53682511032815
 20
1.785801692076937
 30
0
 11
55.46214304393374
 21
1.785808766252024
 31
0
  0
LINE
  5
6F8
330
6D3
100
AcDbEntity
  8
Muebles
100
AcDbLine
 10
55.53682511032815
 20
1.79790560565096
 30
0
 11
55.46214304393374
 21
1.79789853147588
 31
0
  0
LINE
  5
6F9
330
6D3
100
AcDbEntity
  8
Muebles
100
AcDbLine
 10
55.46214304393374
 20
1.966469049626155
 30
0
 11
55.38227560720049
 21
2.04306114329406
 31
0
  0
LINE
  5
6FA
330
6D3
100
AcDbEntity
  8
Muebles
100
AcDbLine
 10
55.38227560720049
 20
2.04306114329406
 30
0
 11
55.36889126793571
 21
2.040641775414279
 31
0
  0
LINE
  5
6FB
330
6D3
100
AcDbEntity
  8
Muebles
100
AcDbLine
 10
55.37233639120312
 20
2.052597131311465
 30
0
 11
55.36212128237737
 21
2.056339369932551
 31
0
  0
LINE
  5
6FC
330
6D3
100
AcDbEntity
  8
Muebles
100
AcDbLine
 10
55.35696420873888
 20
2.038491226187808
 30
0
 11
55.13843586612358
 21
1.999066848427467
 31
0
  0
LINE
  5
6FD
330
6D3
100
AcDbEntity
  8
Muebles
100
AcDbLine
 10
55.10362385052
 20
1.953120081236811
 30
0
 11
55.09596959307577
 21
1.959055314134886
 31
0
  0
LINE
  5
6FE
330
6D3
100
AcDbEntity
  8
Muebles
100
AcDbLine
 10
55.10362385052
 20
1.937854011398876
 30
0
 11
55.08965942889809
 21
1.949278804164514
 31
0
  0
LINE
  5
6FF
330
6D3
100
AcDbEntity
  8
Muebles
100
AcDbLine
 10
55.10362385052
 20
1.645874508854312
 30
0
 11
55.089652354723
 21
1.63444971608866
 31
0
  0
LINE
  5
700
330
6D3
100
AcDbEntity
  8
Muebles
100
AcDbLine
 10
55.103461144493
 20
1.630792367568624
 30
0
 11
55.09596251890068
 21
1.624673206118295
 31
0
  0
LINE
  5
701
330
6D3
100
AcDbEntity
  8
Muebles
100
AcDbLine
 10
55.35696420873888
 20
1.545201923189914
 30
0
 11
55.13843586612357
 21
1.584626300950283
 31
0
  0
LINE
  5
702
330
6D3
100
AcDbEntity
  8
Muebles
100
AcDbLine
 10
56.06611489034425
 20
2.571838534627719
 30
0
 11
55.53682511032815
 21
2.57183853462774
 31
0
  0
LINE
  5
703
330
6D3
100
AcDbEntity
  8
Muebles
100
AcDbLine
 10
55.53682511032815
 20
2.57183853462774
 30
0
 11
54.86435402654934
 21
2.57183853462774
 31
0
  0
LINE
  5
704
330
6D3
100
AcDbEntity
  8
Muebles
100
AcDbLine
 10
56.43345558009159
 20
1.283502154008531
 30
0
 11
56.43345558009159
 21
1.342856245097731
 31
0
  0
LINE
  5
705
330
6D3
100
AcDbEntity
  8
Muebles
100
AcDbLine
 10
56.43345558009159
 20
1.342856245097731
 30
0
 11
56.43345558009159
 21
1.420856099607977
 31
0
  0
LINE
  5
706
330
6D3
100
AcDbEntity
  8
Muebles
100
AcDbLine
 10
56.43345558009159
 20
1.420856099607977
 30
0
 11
56.43345558009159
 21
1.498863028293339
 31
0
  0
LINE
  5
707
330
6D3
100
AcDbEntity
  8
Muebles
100
AcDbLine
 10
56.43345558009159
 20
1.498863028293339
 30
0
 11
56.43345558009159
 21
1.576869956978665
 31
0
  0
LINE
  5
708
330
6D3
100
AcDbEntity
  8
Muebles
100
AcDbLine
 10
56.43345558009159
 20
1.576869956978665
 30
0
 11
56.43345558009159
 21
1.654869811488932
 31
0
  0
LINE
  5
709
330
6D3
100
AcDbEntity
  8
Muebles
100
AcDbLine
 10
56.43345558009159
 20
1.654869811488932
 30
0
 11
56.43345558009159
 21
1.732869665999178
 31
0
  0
LINE
  5
70A
330
6D3
100
AcDbEntity
  8
Muebles
100
AcDbLine
 10
56.43345558009159
 20
1.732869665999178
 30
0
 11
56.43345558009159
 21
1.810876594684511
 31
0
  0
LINE
  5
70B
330
6D3
100
AcDbEntity
  8
Muebles
100
AcDbLine
 10
56.43345558009159
 20
1.810876594684511
 30
0
 11
56.43345558009159
 21
1.888876449194778
 31
0
  0
LINE
  5
70C
330
6D3
100
AcDbEntity
  8
Muebles
100
AcDbLine
 10
56.43345558009159
 20
1.888876449194778
 30
0
 11
56.43345558009159
 21
1.966883377880112
 31
0
  0
LINE
  5
70D
330
6D3
100
AcDbEntity
  8
Muebles
100
AcDbLine
 10
56.43345558009159
 20
1.966883377880112
 30
0
 11
56.43345558009159
 21
2.044883232390386
 31
0
  0
LINE
  5
70E
330
6D3
100
AcDbEntity
  8
Muebles
100
AcDbLine
 10
56.43345558009159
 20
2.044883232390386
 30
0
 11
56.43345558009159
 21
2.122890161075712
 31
0
  0
LINE
  5
70F
330
6D3
100
AcDbEntity
  8
Muebles
100
AcDbLine
 10
56.43345558009159
 20
2.122890161075712
 30
0
 11
56.43345558009159
 21
2.200897089761067
 31
0
  0
LINE
  5
710
330
6D3
100
AcDbEntity
  8
Muebles
100
AcDbLine
 10
56.43345558009159
 20
2.200897089761067
 30
0
 11
56.43345558009159
 21
2.278896944271313
 31
0
  0
LINE
  5
711
330
6D3
100
AcDbEntity
  8
Muebles
100
AcDbLine
 10
56.43345558009159
 20
2.278896944271313
 30
0
 11
56.43345558009159
 21
2.356896798781587
 31
0
  0
LINE
  5
712
330
6D3
100
AcDbEntity
  8
Muebles
100
AcDbLine
 10
56.43345558009159
 20
2.356896798781587
 30
0
 11
56.43345558009159
 21
2.434903727466942
 31
0
  0
LINE
  5
713
330
6D3
100
AcDbEntity
  8
Muebles
100
AcDbLine
 10
56.43345558009159
 20
2.434903727466942
 30
0
 11
56.43345558009159
 21
2.512903581977187
 31
0
  0
LINE
  5
714
330
6D3
100
AcDbEntity
  8
Muebles
100
AcDbLine
 10
56.43345558009159
 20
2.512903581977187
 30
0
 11
56.43345558009158
 21
2.57183853462774
 31
0
  0
LINE
  5
715
330
6D3
100
AcDbEntity
  8
Muebles
100
AcDbLine
 10
56.43345558009158
 20
2.57183853462774
 30
0
 11
56.43345558009159
 21
2.572758177389072
 31
0
  0
ENDBLK
  5
716
330
6D3
100
AcDbEntity
  8
0
100
AcDbBlockEnd
  0
BLOCK
  5
719
330
718
100
AcDbEntity
  8
0
100
AcDbBlockBegin
  2
asdkgfgs
 70
     0
 10
0
 20
0
 30
0
  3
asdkgfgs
  1

  0
LINE
  5
71A
330
718
100
AcDbEntity
  8
Muebles
100
AcDbLine
 10
49.1527990296433
 20
-0.4987813729218238
 30
0
 11
49.18038123830787
 21
-0.4987813729218238
 31
0
  0
LINE
  5
71B
330
718
100
AcDbEntity
  8
Muebles
100
AcDbLine
 10
49.18038123830787
 20
-0.672876821815128
 30
0
 11
49.23553858146191
 21
-0.672876821815128
 31
0
  0
LINE
  5
71C
330
718
100
AcDbEntity
  8
Muebles
100
AcDbLine
 10
49.18038123830787
 20
-0.2695356550495851
 30
0
 11
49.23553858146191
 21
-0.2695356550495851
 31
0
  0
LINE
  5
71D
330
718
100
AcDbEntity
  8
Muebles
100
AcDbLine
 10
49.1527990296433
 20
-0.4436240297677805
 30
0
 11
49.18038123830787
 21
-0.4436240297677805
 31
0
  0
LINE
  5
71E
330
718
100
AcDbEntity
  8
Muebles
100
AcDbLine
 10
47.82296730007173
 20
0.1669064580027422
 30
0
 11
48.71959776983517
 21
0.1669064580026727
 31
0
  0
LINE
  5
71F
330
718
100
AcDbEntity
  8
Muebles
100
AcDbLine
 10
47.82296730007173
 20
-1.121429922616467
 30
0
 11
48.19030798981907
 21
-1.121429922616446
 31
0
  0
LINE
  5
720
330
718
100
AcDbEntity
  8
Muebles
100
AcDbLine
 10
48.79427983622957
 20
-0.4651648929079617
 30
0
 11
48.79427983622957
 21
-0.4772546581318171
 31
0
  0
LINE
  5
721
330
718
100
AcDbEntity
  8
Muebles
100
AcDbLine
 10
49.1527990296433
 20
-0.6172101380548134
 30
0
 11
49.1527990296433
 21
-0.6324762078927484
 31
0
  0
LINE
  5
722
330
718
100
AcDbEntity
  8
Muebles
100
AcDbLine
 10
49.1527990296433
 20
-0.4436240297677805
 30
0
 11
49.1527990296433
 21
-0.4987813729218238
 31
0
  0
LINE
  5
723
330
718
100
AcDbEntity
  8
Muebles
100
AcDbLine
 10
49.18038123830787
 20
-0.4436240297677805
 30
0
 11
49.18038123830787
 21
-0.4987813729218238
 31
0
  0
LINE
  5
724
330
718
100
AcDbEntity
  8
Muebles
100
AcDbLine
 10
48.79427983622957
 20
-0.2965802264075326
 30
0
 11
48.79427983622957
 21
-0.4651648929079617
 31
0
  0
LINE
  5
725
330
718
100
AcDbEntity
  8
Muebles
100
AcDbLine
 10
48.79427983622957
 20
-0.4772546581318171
 30
0
 11
48.79427983622957
 21
-0.6458251762820926
 31
0
  0
LINE
  5
726
330
718
100
AcDbEntity
  8
Muebles
100
AcDbLine
 10
49.1527990296433
 20
-0.4987813729218238
 30
0
 11
49.1527990296433
 21
-0.6172101380548134
 31
0
  0
LINE
  5
727
330
718
100
AcDbEntity
  8
Muebles
100
AcDbLine
 10
49.18038123830787
 20
-0.4987813729218238
 30
0
 11
49.18038123830787
 21
-0.672876821815128
 31
0
  0
LINE
  5
728
330
718
100
AcDbEntity
  8
Muebles
100
AcDbLine
 10
49.23553858146191
 20
-0.2695356550495851
 30
0
 11
49.23553858146191
 21
-0.672876821815128
 31
0
  0
LINE
  5
729
330
718
100
AcDbEntity
  8
Muebles
100
AcDbLine
 10
49.18038123830787
 20
-0.2695356550495851
 30
0
 11
49.18038123830787
 21
-0.4436240297677805
 31
0
  0
LINE
  5
72A
330
718
100
AcDbEntity
  8
Muebles
100
AcDbLine
 10
49.1527990296433
 20
-0.3252306355102497
 30
0
 11
49.1527990296433
 21
-0.4436240297677805
 31
0
  0
LINE
  5
72B
330
718
100
AcDbEntity
  8
Muebles
100
AcDbLine
 10
48.71959776983517
 20
0.1669064580026727
 30
0
 11
48.71959776983516
 21
-1.121429922616468
 31
0
  0
LINE
  5
72C
330
718
100
AcDbEntity
  8
Muebles
100
AcDbLine
 10
49.1529617356703
 20
-0.3101484942245611
 30
0
 11
49.1527990296433
 21
-0.3252306355102497
 31
0
  0
LINE
  5
72D
330
718
100
AcDbEntity
  8
Muebles
100
AcDbLine
 10
48.88408648896018
 20
-0.2104662930723766
 30
0
 11
48.88753161222759
 21
-0.2224075006193804
 31
0
  0
LINE
  5
72E
330
718
100
AcDbEntity
  8
Muebles
100
AcDbLine
 10
48.8875316122276
 20
-0.7199979020702165
 30
0
 11
48.88408648896019
 21
-0.7319532579674024
 31
0
  0
LINE
  5
72F
330
718
100
AcDbEntity
  8
Muebles
100
AcDbLine
 10
48.89945867142443
 20
-0.7178473528437457
 30
0
 11
48.89430159778593
 21
-0.7356954965884888
 31
0
  0
LINE
  5
730
330
718
100
AcDbEntity
  8
Muebles
100
AcDbLine
 10
49.1527990296433
 20
-0.6324762078927484
 30
0
 11
49.11798701403973
 21
-0.678422975083405
 31
0
  0
LINE
  5
731
330
718
100
AcDbEntity
  8
Muebles
100
AcDbLine
 10
49.16676345126522
 20
-0.6286349308204513
 30
0
 11
49.16045328708753
 21
-0.6384114407908235
 31
0
  0
LINE
  5
732
330
718
100
AcDbEntity
  8
Muebles
100
AcDbLine
 10
49.16046036126262
 20
-0.3040293327742325
 30
0
 11
49.16677052544031
 21
-0.3138058427445976
 31
0
  0
LINE
  5
733
330
718
100
AcDbEntity
  8
Muebles
100
AcDbLine
 10
49.11798701403973
 20
-0.2639824276062206
 30
0
 11
49.1529617356703
 21
-0.3101484942245611
 31
0
  0
LINE
  5
734
330
718
100
AcDbEntity
  8
Muebles
100
AcDbLine
 10
48.89430867196102
 20
-0.2067311286263991
 30
0
 11
48.89945867142443
 21
-0.2245580498458513
 31
0
  0
LINE
  5
735
330
718
100
AcDbEntity
  8
Muebles
100
AcDbLine
 10
48.88753161222759
 20
-0.2224075006193804
 30
0
 11
48.89945867142443
 21
-0.2245580498458513
 31
0
  0
LINE
  5
736
330
718
100
AcDbEntity
  8
Muebles
100
AcDbLine
 10
48.8875316122276
 20
-0.7199979020702165
 30
0
 11
48.89945867142443
 21
-0.7178473528437457
 31
0
  0
LINE
  5
737
330
718
100
AcDbEntity
  8
Muebles
100
AcDbLine
 10
48.88408648896018
 20
-0.2104662930723766
 30
0
 11
48.89430867196102
 21
-0.2067311286263991
 31
0
  0
LINE
  5
738
330
718
100
AcDbEntity
  8
Muebles
100
AcDbLine
 10
48.87414727296282
 20
-0.2199952069146864
 30
0
 11
48.88753161222759
 21
-0.2224075006193804
 31
0
  0
LINE
  5
739
330
718
100
AcDbEntity
  8
Muebles
100
AcDbLine
 10
48.79427983622957
 20
-0.2965802264075326
 30
0
 11
48.87414727296282
 21
-0.2199952069146864
 31
0
  0
LINE
  5
73A
330
718
100
AcDbEntity
  8
Muebles
100
AcDbLine
 10
48.71959776983516
 20
-0.4651578187328742
 30
0
 11
48.79427983622957
 21
-0.4651648929079617
 31
0
  0
LINE
  5
73B
330
718
100
AcDbEntity
  8
Muebles
100
AcDbLine
 10
48.71959776983516
 20
-0.4772617323068975
 30
0
 11
48.79427983622957
 21
-0.4772546581318171
 31
0
  0
LINE
  5
73C
330
718
100
AcDbEntity
  8
Muebles
100
AcDbLine
 10
48.79427983622957
 20
-0.6458251762820926
 30
0
 11
48.87414727296282
 21
-0.722417269949998
 31
0
  0
LINE
  5
73D
330
718
100
AcDbEntity
  8
Muebles
100
AcDbLine
 10
48.87414727296282
 20
-0.722417269949998
 30
0
 11
48.8875316122276
 21
-0.7199979020702165
 31
0
  0
LINE
  5
73E
330
718
100
AcDbEntity
  8
Muebles
100
AcDbLine
 10
48.88408648896019
 20
-0.7319532579674024
 30
0
 11
48.89430159778593
 21
-0.7356954965884888
 31
0
  0
LINE
  5
73F
330
718
100
AcDbEntity
  8
Muebles
100
AcDbLine
 10
48.89945867142443
 20
-0.7178473528437457
 30
0
 11
49.11798701403973
 21
-0.678422975083405
 31
0
  0
LINE
  5
740
330
718
100
AcDbEntity
  8
Muebles
100
AcDbLine
 10
49.1527990296433
 20
-0.6324762078927484
 30
0
 11
49.16045328708753
 21
-0.6384114407908235
 31
0
  0
LINE
  5
741
330
718
100
AcDbEntity
  8
Muebles
100
AcDbLine
 10
49.1527990296433
 20
-0.6172101380548134
 30
0
 11
49.16676345126522
 21
-0.6286349308204513
 31
0
  0
LINE
  5
742
330
718
100
AcDbEntity
  8
Muebles
100
AcDbLine
 10
49.1527990296433
 20
-0.3252306355102497
 30
0
 11
49.16677052544031
 21
-0.3138058427445976
 31
0
  0
LINE
  5
743
330
718
100
AcDbEntity
  8
Muebles
100
AcDbLine
 10
49.1529617356703
 20
-0.3101484942245611
 30
0
 11
49.16046036126262
 21
-0.3040293327742325
 31
0
  0
LINE
  5
744
330
718
100
AcDbEntity
  8
Muebles
100
AcDbLine
 10
48.89945867142443
 20
-0.2245580498458513
 30
0
 11
49.11798701403973
 21
-0.2639824276062206
 31
0
  0
LINE
  5
745
330
718
100
AcDbEntity
  8
Muebles
100
AcDbLine
 10
48.19030798981907
 20
-1.121429922616446
 30
0
 11
48.71959776983516
 21
-1.121429922616468
 31
0
  0
LINE
  5
746
330
718
100
AcDbEntity
  8
Muebles
100
AcDbLine
 10
47.82296730007172
 20
0.1669064580027422
 30
0
 11
47.82296730007172
 21
0.1075523669135416
 31
0
  0
LINE
  5
747
330
718
100
AcDbEntity
  8
Muebles
100
AcDbLine
 10
47.82296730007172
 20
0.1075523669135416
 30
0
 11
47.82296730007172
 21
0.02955251240329582
 31
0
  0
LINE
  5
748
330
718
100
AcDbEntity
  8
Muebles
100
AcDbLine
 10
47.82296730007172
 20
0.02955251240329582
 30
0
 11
47.82296730007172
 21
-0.04845441628206593
 31
0
  0
LINE
  5
749
330
718
100
AcDbEntity
  8
Muebles
100
AcDbLine
 10
47.82296730007172
 20
-0.04845441628206593
 30
0
 11
47.82296730007172
 21
-0.1264613449673921
 31
0
  0
LINE
  5
74A
330
718
100
AcDbEntity
  8
Muebles
100
AcDbLine
 10
47.82296730007172
 20
-0.1264613449673921
 30
0
 11
47.82296730007172
 21
-0.2044611994776593
 31
0
  0
LINE
  5
74B
330
718
100
AcDbEntity
  8
Muebles
100
AcDbLine
 10
47.82296730007172
 20
-0.2044611994776593
 30
0
 11
47.82296730007172
 21
-0.2824610539879051
 31
0
  0
LINE
  5
74C
330
718
100
AcDbEntity
  8
Muebles
100
AcDbLine
 10
47.82296730007172
 20
-0.2824610539879051
 30
0
 11
47.82296730007172
 21
-0.3604679826732384
 31
0
  0
LINE
  5
74D
330
718
100
AcDbEntity
  8
Muebles
100
AcDbLine
 10
47.82296730007172
 20
-0.3604679826732384
 30
0
 11
47.82296730007172
 21
-0.4384678371835056
 31
0
  0
LINE
  5
74E
330
718
100
AcDbEntity
  8
Muebles
100
AcDbLine
 10
47.82296730007172
 20
-0.4384678371835056
 30
0
 11
47.82296730007172
 21
-0.5164747658688389
 31
0
  0
LINE
  5
74F
330
718
100
AcDbEntity
  8
Muebles
100
AcDbLine
 10
47.82296730007172
 20
-0.5164747658688389
 30
0
 11
47.82296730007172
 21
-0.5944746203791129
 31
0
  0
LINE
  5
750
330
718
100
AcDbEntity
  8
Muebles
100
AcDbLine
 10
47.82296730007172
 20
-0.5944746203791129
 30
0
 11
47.82296730007172
 21
-0.6724815490644391
 31
0
  0
LINE
  5
751
330
718
100
AcDbEntity
  8
Muebles
100
AcDbLine
 10
47.82296730007172
 20
-0.6724815490644391
 30
0
 11
47.82296730007172
 21
-0.7504884777497938
 31
0
  0
LINE
  5
752
330
718
100
AcDbEntity
  8
Muebles
100
AcDbLine
 10
47.82296730007172
 20
-0.7504884777497938
 30
0
 11
47.82296730007172
 21
-0.8284883322600396
 31
0
  0
LINE
  5
753
330
718
100
AcDbEntity
  8
Muebles
100
AcDbLine
 10
47.82296730007172
 20
-0.8284883322600396
 30
0
 11
47.82296730007172
 21
-0.9064881867703138
 31
0
  0
LINE
  5
754
330
718
100
AcDbEntity
  8
Muebles
100
AcDbLine
 10
47.82296730007172
 20
-0.9064881867703138
 30
0
 11
47.82296730007172
 21
-0.9844951154556685
 31
0
  0
LINE
  5
755
330
718
100
AcDbEntity
  8
Muebles
100
AcDbLine
 10
47.82296730007172
 20
-0.9844951154556685
 30
0
 11
47.82296730007172
 21
-1.062494969965914
 31
0
  0
LINE
  5
756
330
718
100
AcDbEntity
  8
Muebles
100
AcDbLine
 10
47.82296730007172
 20
-1.062494969965914
 30
0
 11
47.82296730007173
 21
-1.121429922616467
 31
0
  0
LINE
  5
757
330
718
100
AcDbEntity
  8
Muebles
100
AcDbLine
 10
47.82296730007173
 20
-1.121429922616467
 30
0
 11
47.82296730007172
 21
-1.122349565377799
 31
0
  0
ENDBLK
  5
758
330
718
100
AcDbEntity
  8
0
100
AcDbBlockEnd
  0
BLOCK
  5
769
330
768
100
AcDbEntity
  8
0
100
AcDbBlockBegin
  2
central
 70
     0
 10
0
 20
0
 30
0
  3
central
  1

  0
LINE
  5
76A
330
768
100
AcDbEntity
  8
Muebles
100
AcDbLine
 10
41.20267269126049
 20
-0.6691315358818066
 30
0
 11
41.23024782574996
 21
-0.6691315358818066
 31
0
  0
LINE
  5
76B
330
768
100
AcDbEntity
  8
Muebles
100
AcDbLine
 10
41.23024782574996
 20
-0.843219910600002
 30
0
 11
41.28540516890401
 21
-0.843219910600002
 31
0
  0
LINE
  5
76C
330
768
100
AcDbEntity
  8
Muebles
100
AcDbLine
 10
41.23024782574996
 20
-0.4398858180095466
 30
0
 11
41.28540516890401
 21
-0.4398858180095466
 31
0
  0
LINE
  5
76D
330
768
100
AcDbEntity
  8
Muebles
100
AcDbLine
 10
41.20267269126049
 20
-0.6139741927277704
 30
0
 11
41.23024782574996
 21
-0.6139741927277704
 31
0
  0
LINE
  5
76E
330
768
100
AcDbEntity
  8
Muebles
100
AcDbLine
 10
40.76946435727724
 20
-2.589444659972822
 30
0
 11
40.84415349784673
 21
-2.589444659972822
 31
0
  0
LINE
  5
76F
330
768
100
AcDbEntity
  8
Muebles
100
AcDbLine
 10
41.20267269126049
 20
-2.555821105783867
 30
0
 11
41.23024782574996
 21
-2.555821105783867
 31
0
  0
LINE
  5
770
330
768
100
AcDbEntity
  8
Muebles
100
AcDbLine
 10
41.23024782574996
 20
-2.381732731065672
 30
0
 11
41.28540516890401
 21
-2.381732731065672
 31
0
  0
LINE
  5
771
330
768
100
AcDbEntity
  8
Muebles
100
AcDbLine
 10
41.23024782574996
 20
-2.785066823656127
 30
0
 11
41.28540516890401
 21
-2.785066823656127
 31
0
  0
LINE
  5
772
330
768
100
AcDbEntity
  8
Muebles
100
AcDbLine
 10
41.20267269126049
 20
-2.610985523112998
 30
0
 11
41.23024782574996
 21
-2.610985523112998
 31
0
  0
LINE
  5
773
330
768
100
AcDbEntity
  8
Muebles
100
AcDbLine
 10
40.76946435727724
 20
0.772910758921217
 30
0
 11
40.84415349784673
 21
0.772910758921217
 31
0
  0
LINE
  5
774
330
768
100
AcDbEntity
  8
Muebles
100
AcDbLine
 10
40.76946435727724
 20
0.785000524145044
 30
0
 11
40.84415349784673
 21
0.785000524145044
 31
0
  0
LINE
  5
775
330
768
100
AcDbEntity
  8
Muebles
100
AcDbLine
 10
41.20267269126049
 20
0.8065272389350646
 30
0
 11
41.23024782574996
 21
0.8065272389350646
 31
0
  0
LINE
  5
776
330
768
100
AcDbEntity
  8
Muebles
100
AcDbLine
 10
41.23024782574996
 20
0.98061561365326
 30
0
 11
41.28540516890401
 21
0.98061561365326
 31
0
  0
LINE
  5
777
330
768
100
AcDbEntity
  8
Muebles
100
AcDbLine
 10
41.23024782574996
 20
0.5772815210628259
 30
0
 11
41.28540516890401
 21
0.5772815210628259
 31
0
  0
LINE
  5
778
330
768
100
AcDbEntity
  8
Muebles
100
AcDbLine
 10
41.20267269126049
 20
0.7513698957810213
 30
0
 11
41.23024782574996
 21
0.7513698957810213
 31
0
  0
LINE
  5
779
330
768
100
AcDbEntity
  8
Muebles
100
AcDbLine
 10
40.69257514825566
 20
-2.032770748194582
 30
0
 11
41.36504623203447
 21
-2.032770748194583
 31
0
  0
LINE
  5
77A
330
768
100
AcDbEntity
  8
Muebles
100
AcDbLine
 10
39.79594467849222
 20
-1.61247985792038
 30
0
 11
40.26379524787694
 21
-1.61247985792038
 31
0
  0
LINE
  5
77B
330
768
100
AcDbEntity
  8
Muebles
100
AcDbLine
 10
39.79594467849222
 20
0.06869785152663255
 30
0
 11
40.26379524787694
 21
0.06869785152663255
 31
0
  0
LINE
  5
77C
330
768
100
AcDbEntity
  8
Muebles
100
AcDbLine
 10
40.69257514825566
 20
1.329584670699443
 30
0
 11
41.36504623203447
 21
1.329584670699443
 31
0
  0
LINE
  5
77D
330
768
100
AcDbEntity
  8
Muebles
100
AcDbLine
 10
40.69257514825566
 20
-1.192181893471083
 30
0
 11
41.36504623203447
 21
-1.192181893471083
 31
0
  0
LINE
  5
77E
330
768
100
AcDbEntity
  8
Muebles
100
AcDbLine
 10
40.84415349784675
 20
-0.6355150558679439
 30
0
 11
40.84415349784675
 21
-0.6475977469167047
 31
0
  0
LINE
  5
77F
330
768
100
AcDbEntity
  8
Muebles
100
AcDbLine
 10
41.20267269126049
 20
-0.7875603010147678
 30
0
 11
41.20267269126049
 21
-0.8028192966776366
 31
0
  0
LINE
  5
780
330
768
100
AcDbEntity
  8
Muebles
100
AcDbLine
 10
41.20267269126049
 20
-0.6139741927277704
 30
0
 11
41.20267269126049
 21
-0.6691315358818066
 31
0
  0
LINE
  5
781
330
768
100
AcDbEntity
  8
Muebles
100
AcDbLine
 10
41.23024782574996
 20
-0.6139741927277704
 30
0
 11
41.23024782574996
 21
-0.6691315358818066
 31
0
  0
LINE
  5
782
330
768
100
AcDbEntity
  8
Muebles
100
AcDbLine
 10
40.84415349784675
 20
-0.4669303893674934
 30
0
 11
40.84415349784675
 21
-0.6355150558679439
 31
0
  0
LINE
  5
783
330
768
100
AcDbEntity
  8
Muebles
100
AcDbLine
 10
40.76946435727724
 20
-0.6355079816928564
 30
0
 11
40.76946435727724
 21
-0.6476048210917922
 31
0
  0
LINE
  5
784
330
768
100
AcDbEntity
  8
Muebles
100
AcDbLine
 10
40.84415349784675
 20
-0.6475977469167047
 30
0
 11
40.84415349784675
 21
-0.8161753392420392
 31
0
  0
LINE
  5
785
330
768
100
AcDbEntity
  8
Muebles
100
AcDbLine
 10
41.20267269126049
 20
-0.6691315358818066
 30
0
 11
41.20267269126049
 21
-0.7875603010147678
 31
0
  0
LINE
  5
786
330
768
100
AcDbEntity
  8
Muebles
100
AcDbLine
 10
41.23024782574996
 20
-0.6691315358818066
 30
0
 11
41.23024782574996
 21
-0.843219910600002
 31
0
  0
LINE
  5
787
330
768
100
AcDbEntity
  8
Muebles
100
AcDbLine
 10
41.28540516890401
 20
-0.4398858180095466
 30
0
 11
41.28540516890401
 21
-0.843219910600002
 31
0
  0
LINE
  5
788
330
768
100
AcDbEntity
  8
Muebles
100
AcDbLine
 10
41.23024782574996
 20
-0.4398858180095466
 30
0
 11
41.23024782574996
 21
-0.6139741927277704
 31
0
  0
LINE
  5
789
330
768
100
AcDbEntity
  8
Muebles
100
AcDbLine
 10
41.20267269126049
 20
-0.4955737242951166
 30
0
 11
41.20267269126049
 21
-0.6139741927277704
 31
0
  0
LINE
  5
78A
330
768
100
AcDbEntity
  8
Muebles
100
AcDbLine
 10
40.84415349784675
 20
-2.577354894748974
 30
0
 11
40.84415349784673
 21
-2.589444659972822
 31
0
  0
LINE
  5
78B
330
768
100
AcDbEntity
  8
Muebles
100
AcDbLine
 10
41.20267269126049
 20
-2.422133344988044
 30
0
 11
41.20267269126049
 21
-2.437399414825993
 31
0
  0
LINE
  5
78C
330
768
100
AcDbEntity
  8
Muebles
100
AcDbLine
 10
41.20267269126049
 20
-2.555821105783867
 30
0
 11
41.20267269126049
 21
-2.610985523112998
 31
0
  0
LINE
  5
78D
330
768
100
AcDbEntity
  8
Muebles
100
AcDbLine
 10
41.23024782574996
 20
-2.555821105783867
 30
0
 11
41.23024782574996
 21
-2.610985523112998
 31
0
  0
LINE
  5
78E
330
768
100
AcDbEntity
  8
Muebles
100
AcDbLine
 10
40.84415349784673
 20
-2.589444659972822
 30
0
 11
40.84415349784675
 21
-2.758029326473266
 31
0
  0
LINE
  5
78F
330
768
100
AcDbEntity
  8
Muebles
100
AcDbLine
 10
40.76946435727724
 20
-2.577347820573887
 30
0
 11
40.76946435727724
 21
-2.589444659972822
 31
0
  0
LINE
  5
790
330
768
100
AcDbEntity
  8
Muebles
100
AcDbLine
 10
40.84415349784675
 20
-2.408777302423611
 30
0
 11
40.84415349784675
 21
-2.577354894748974
 31
0
  0
LINE
  5
791
330
768
100
AcDbEntity
  8
Muebles
100
AcDbLine
 10
41.20267269126049
 20
-2.437399414825993
 30
0
 11
41.20267269126049
 21
-2.555821105783867
 31
0
  0
LINE
  5
792
330
768
100
AcDbEntity
  8
Muebles
100
AcDbLine
 10
41.23024782574996
 20
-2.381732731065672
 30
0
 11
41.23024782574996
 21
-2.555821105783867
 31
0
  0
LINE
  5
793
330
768
100
AcDbEntity
  8
Muebles
100
AcDbLine
 10
41.28540516890401
 20
-2.381732731065672
 30
0
 11
41.28540516890401
 21
-2.785066823656127
 31
0
  0
LINE
  5
794
330
768
100
AcDbEntity
  8
Muebles
100
AcDbLine
 10
41.23024782574996
 20
-2.610985523112998
 30
0
 11
41.23024782574996
 21
-2.785066823656127
 31
0
  0
LINE
  5
795
330
768
100
AcDbEntity
  8
Muebles
100
AcDbLine
 10
41.20267269126049
 20
-2.610985523112998
 30
0
 11
41.20267269126049
 21
-2.729378917370536
 31
0
  0
LINE
  5
796
330
768
100
AcDbEntity
  8
Muebles
100
AcDbLine
 10
40.84415349784673
 20
0.785000524145044
 30
0
 11
40.84415349784673
 21
0.772910758921217
 31
0
  0
LINE
  5
797
330
768
100
AcDbEntity
  8
Muebles
100
AcDbLine
 10
41.20267269126049
 20
0.9402220739059821
 30
0
 11
41.20267269126049
 21
0.9249560040680471
 31
0
  0
LINE
  5
798
330
768
100
AcDbEntity
  8
Muebles
100
AcDbLine
 10
41.20267269126049
 20
0.8065272389350646
 30
0
 11
41.20267269126049
 21
0.7513698957810213
 31
0
  0
LINE
  5
799
330
768
100
AcDbEntity
  8
Muebles
100
AcDbLine
 10
41.23024782574996
 20
0.8065272389350646
 30
0
 11
41.23024782574996
 21
0.7513698957810213
 31
0
  0
LINE
  5
79A
330
768
100
AcDbEntity
  8
Muebles
100
AcDbLine
 10
40.84415349784673
 20
0.772910758921217
 30
0
 11
40.84415349784675
 21
0.6043260924207736
 31
0
  0
LINE
  5
79B
330
768
100
AcDbEntity
  8
Muebles
100
AcDbLine
 10
40.76946435727724
 20
0.785000524145044
 30
0
 11
40.76946435727724
 21
0.772910758921217
 31
0
  0
LINE
  5
79C
330
768
100
AcDbEntity
  8
Muebles
100
AcDbLine
 10
40.84415349784675
 20
0.9535781164704069
 30
0
 11
40.84415349784673
 21
0.785000524145044
 31
0
  0
LINE
  5
79D
330
768
100
AcDbEntity
  8
Muebles
100
AcDbLine
 10
41.20267269126049
 20
0.9249560040680471
 30
0
 11
41.20267269126049
 21
0.8065272389350646
 31
0
  0
LINE
  5
79E
330
768
100
AcDbEntity
  8
Muebles
100
AcDbLine
 10
41.23024782574996
 20
0.98061561365326
 30
0
 11
41.23024782574996
 21
0.8065272389350646
 31
0
  0
LINE
  5
79F
330
768
100
AcDbEntity
  8
Muebles
100
AcDbLine
 10
41.28540516890401
 20
0.98061561365326
 30
0
 11
41.28540516890401
 21
0.5772815210628259
 31
0
  0
LINE
  5
7A0
330
768
100
AcDbEntity
  8
Muebles
100
AcDbLine
 10
41.23024782574996
 20
0.7513698957810213
 30
0
 11
41.23024782574996
 21
0.5772815210628259
 31
0
  0
LINE
  5
7A1
330
768
100
AcDbEntity
  8
Muebles
100
AcDbLine
 10
41.20267269126049
 20
0.7513698957810213
 30
0
 11
41.20267269126049
 21
0.6329694273484101
 31
0
  0
LINE
  5
7A2
330
768
100
AcDbEntity
  8
Muebles
100
AcDbLine
 10
40.69257514825566
 20
-1.61247985792038
 30
0
 11
40.69257514825566
 21
-2.032770748194582
 31
0
  0
LINE
  5
7A3
330
768
100
AcDbEntity
  8
Muebles
100
AcDbLine
 10
40.69257514825566
 20
-2.032770748194582
 30
0
 11
40.69257514825565
 21
-3.293657567367393
 31
0
  0
LINE
  5
7A4
330
768
100
AcDbEntity
  8
Muebles
100
AcDbLine
 10
40.69257514825566
 20
1.749875560973631
 30
0
 11
40.69257514825566
 21
1.329584670699443
 31
0
  0
LINE
  5
7A5
330
768
100
AcDbEntity
  8
Muebles
100
AcDbLine
 10
40.69257514825566
 20
1.329584670699443
 30
0
 11
40.69257514825565
 21
0.06869785152663255
 31
0
  0
LINE
  5
7A6
330
768
100
AcDbEntity
  8
Muebles
100
AcDbLine
 10
41.36504623203446
 20
1.749875560973631
 30
0
 11
41.36504623203447
 21
1.329584670699443
 31
0
  0
LINE
  5
7A7
330
768
100
AcDbEntity
  8
Muebles
100
AcDbLine
 10
40.69257514825566
 20
-1.192181893471083
 30
0
 11
40.69257514825566
 21
-1.61247985792038
 31
0
  0
LINE
  5
7A8
330
768
100
AcDbEntity
  8
Muebles
100
AcDbLine
 10
40.69257514825565
 20
0.06869785152663255
 30
0
 11
40.69257514825566
 21
-1.192181893471083
 31
0
  0
LINE
  5
7A9
330
768
100
AcDbEntity
  8
Muebles
100
AcDbLine
 10
41.20283539728749
 20
-0.4804986571845369
 30
0
 11
41.20267269126049
 21
-0.4955737242951166
 31
0
  0
LINE
  5
7AA
330
768
100
AcDbEntity
  8
Muebles
100
AcDbLine
 10
40.93395307640227
 20
-0.3808164560323455
 30
0
 11
40.93740527384477
 21
-0.3927576635793706
 31
0
  0
LINE
  5
7AB
330
768
100
AcDbEntity
  8
Muebles
100
AcDbLine
 10
40.93739819966967
 20
-0.8903480650302056
 30
0
 11
40.93395307640226
 21
-0.9023034209273844
 31
0
  0
LINE
  5
7AC
330
768
100
AcDbEntity
  8
Muebles
100
AcDbLine
 10
40.94932525886652
 20
-0.8881975158037205
 30
0
 11
40.94417525940311
 21
-0.9060385853733761
 31
0
  0
LINE
  5
7AD
330
768
100
AcDbEntity
  8
Muebles
100
AcDbLine
 10
41.20267269126049
 20
-0.8028192966776366
 30
0
 11
41.16785360148182
 21
-0.8487731380433665
 31
0
  0
LINE
  5
7AE
330
768
100
AcDbEntity
  8
Muebles
100
AcDbLine
 10
41.2166371128824
 20
-0.7989780196053466
 30
0
 11
41.21031987452962
 21
-0.8087616037507992
 31
0
  0
LINE
  5
7AF
330
768
100
AcDbEntity
  8
Muebles
100
AcDbLine
 10
41.21032694870471
 20
-0.4743724215591207
 30
0
 11
41.21664418705748
 21
-0.4841560057045733
 31
0
  0
LINE
  5
7B0
330
768
100
AcDbEntity
  8
Muebles
100
AcDbLine
 10
41.16785360148182
 20
-0.4343325905661821
 30
0
 11
41.20283539728749
 21
-0.4804986571845369
 31
0
  0
LINE
  5
7B1
330
768
100
AcDbEntity
  8
Muebles
100
AcDbLine
 10
40.9441823335782
 20
-0.3770812915863679
 30
0
 11
40.94932525886652
 21
-0.3949082128058414
 31
0
  0
LINE
  5
7B2
330
768
100
AcDbEntity
  8
Muebles
100
AcDbLine
 10
41.20267269126049
 20
-2.729378917370536
 30
0
 11
41.20283539728749
 21
-2.744461058656224
 31
0
  0
LINE
  5
7B3
330
768
100
AcDbEntity
  8
Muebles
100
AcDbLine
 10
40.93395307640227
 20
-2.322649220738294
 30
0
 11
40.93739819966969
 21
-2.334611650810554
 31
0
  0
LINE
  5
7B4
330
768
100
AcDbEntity
  8
Muebles
100
AcDbLine
 10
40.94417525940311
 20
-2.318914056292303
 30
0
 11
40.94932525886652
 21
-2.336762200037039
 31
0
  0
LINE
  5
7B5
330
768
100
AcDbEntity
  8
Muebles
100
AcDbLine
 10
41.16785360148182
 20
-2.37618657779738
 30
0
 11
41.20267269126049
 21
-2.422133344988044
 31
0
  0
LINE
  5
7B6
330
768
100
AcDbEntity
  8
Muebles
100
AcDbLine
 10
41.21031987452962
 20
-2.416191037914881
 30
0
 11
41.2166371128824
 21
-2.425974622060334
 31
0
  0
LINE
  5
7B7
330
768
100
AcDbEntity
  8
Muebles
100
AcDbLine
 10
41.21664418705748
 20
-2.740803710136195
 30
0
 11
41.21032694870471
 21
-2.75058022010656
 31
0
  0
LINE
  5
7B8
330
768
100
AcDbEntity
  8
Muebles
100
AcDbLine
 10
41.20283539728749
 20
-2.744461058656224
 30
0
 11
41.16785360148182
 21
-2.790620051099499
 31
0
  0
LINE
  5
7B9
330
768
100
AcDbEntity
  8
Muebles
100
AcDbLine
 10
41.20267269126049
 20
0.6329694273484101
 30
0
 11
41.20283539728749
 21
0.6178943602377949
 31
0
  0
LINE
  5
7BA
330
768
100
AcDbEntity
  8
Muebles
100
AcDbLine
 10
40.93740527384476
 20
0.5301604408077019
 30
0
 11
40.93395307640226
 21
0.5182121590856106
 31
0
  0
LINE
  5
7BB
330
768
100
AcDbEntity
  8
Muebles
100
AcDbLine
 10
40.93395307640227
 20
1.039706198155738
 30
0
 11
40.93739819966969
 21
1.027743768083464
 31
0
  0
LINE
  5
7BC
330
768
100
AcDbEntity
  8
Muebles
100
AcDbLine
 10
40.94417525940311
 20
1.043441362601722
 30
0
 11
40.94932525886652
 21
1.025593218856994
 31
0
  0
LINE
  5
7BD
330
768
100
AcDbEntity
  8
Muebles
100
AcDbLine
 10
41.16785360148182
 20
0.9861688410966245
 30
0
 11
41.20267269126049
 21
0.9402220739059821
 31
0
  0
LINE
  5
7BE
330
768
100
AcDbEntity
  8
Muebles
100
AcDbLine
 10
41.21031987452962
 20
0.9461573068040501
 30
0
 11
41.2166371128824
 21
0.9363807968336992
 31
0
  0
LINE
  5
7BF
330
768
100
AcDbEntity
  8
Muebles
100
AcDbLine
 10
41.21664418705748
 20
0.6215517087578313
 30
0
 11
41.21032694870471
 21
0.6117751987874662
 31
0
  0
LINE
  5
7C0
330
768
100
AcDbEntity
  8
Muebles
100
AcDbLine
 10
41.20283539728749
 20
0.6178943602377949
 30
0
 11
41.16785360148182
 21
0.5717282936194543
 31
0
  0
LINE
  5
7C1
330
768
100
AcDbEntity
  8
Muebles
100
AcDbLine
 10
40.94932525886652
 20
0.5323109900341798
 30
0
 11
40.9441823335782
 21
0.5144769946396188
 31
0
  0
LINE
  5
7C2
330
768
100
AcDbEntity
  8
Muebles
100
AcDbLine
 10
40.93740527384477
 20
-0.3927576635793706
 30
0
 11
40.94932525886652
 21
-0.3949082128058414
 31
0
  0
LINE
  5
7C3
330
768
100
AcDbEntity
  8
Muebles
100
AcDbLine
 10
40.93739819966967
 20
-0.8903480650302056
 30
0
 11
40.94932525886652
 21
-0.8881975158037205
 31
0
  0
LINE
  5
7C4
330
768
100
AcDbEntity
  8
Muebles
100
AcDbLine
 10
40.93395307640227
 20
-0.3808164560323455
 30
0
 11
40.9441823335782
 21
-0.3770812915863679
 31
0
  0
LINE
  5
7C5
330
768
100
AcDbEntity
  8
Muebles
100
AcDbLine
 10
40.92401386040491
 20
-0.3903453698746482
 30
0
 11
40.93740527384477
 21
-0.3927576635793706
 31
0
  0
LINE
  5
7C6
330
768
100
AcDbEntity
  8
Muebles
100
AcDbLine
 10
40.84415349784675
 20
-0.4669303893674934
 30
0
 11
40.92401386040491
 21
-0.3903453698746482
 31
0
  0
LINE
  5
7C7
330
768
100
AcDbEntity
  8
Muebles
100
AcDbLine
 10
40.76946435727724
 20
-0.6355079816928564
 30
0
 11
40.84415349784675
 21
-0.6355150558679439
 31
0
  0
LINE
  5
7C8
330
768
100
AcDbEntity
  8
Muebles
100
AcDbLine
 10
40.76946435727724
 20
-0.6476048210917922
 30
0
 11
40.84415349784675
 21
-0.6475977469167047
 31
0
  0
LINE
  5
7C9
330
768
100
AcDbEntity
  8
Muebles
100
AcDbLine
 10
40.84415349784675
 20
-0.8161753392420392
 30
0
 11
40.92401386040491
 21
-0.8927603587348996
 31
0
  0
LINE
  5
7CA
330
768
100
AcDbEntity
  8
Muebles
100
AcDbLine
 10
40.92401386040491
 20
-0.8927603587348996
 30
0
 11
40.93739819966967
 21
-0.8903480650302056
 31
0
  0
LINE
  5
7CB
330
768
100
AcDbEntity
  8
Muebles
100
AcDbLine
 10
40.93395307640226
 20
-0.9023034209273844
 30
0
 11
40.94417525940311
 21
-0.9060385853733761
 31
0
  0
LINE
  5
7CC
330
768
100
AcDbEntity
  8
Muebles
100
AcDbLine
 10
40.94932525886652
 20
-0.8881975158037205
 30
0
 11
41.16785360148182
 21
-0.8487731380433665
 31
0
  0
LINE
  5
7CD
330
768
100
AcDbEntity
  8
Muebles
100
AcDbLine
 10
41.20267269126049
 20
-0.8028192966776366
 30
0
 11
41.21031987452962
 21
-0.8087616037507992
 31
0
  0
LINE
  5
7CE
330
768
100
AcDbEntity
  8
Muebles
100
AcDbLine
 10
41.20267269126049
 20
-0.7875603010147678
 30
0
 11
41.2166371128824
 21
-0.7989780196053466
 31
0
  0
LINE
  5
7CF
330
768
100
AcDbEntity
  8
Muebles
100
AcDbLine
 10
41.20267269126049
 20
-0.4955737242951166
 30
0
 11
41.21664418705748
 21
-0.4841560057045733
 31
0
  0
LINE
  5
7D0
330
768
100
AcDbEntity
  8
Muebles
100
AcDbLine
 10
41.20283539728749
 20
-0.4804986571845369
 30
0
 11
41.21032694870471
 21
-0.4743724215591207
 31
0
  0
LINE
  5
7D1
330
768
100
AcDbEntity
  8
Muebles
100
AcDbLine
 10
40.94932525886652
 20
-0.3949082128058414
 30
0
 11
41.16785360148182
 21
-0.4343325905661821
 31
0
  0
LINE
  5
7D2
330
768
100
AcDbEntity
  8
Muebles
100
AcDbLine
 10
40.93739819966969
 20
-2.334611650810554
 30
0
 11
40.94932525886652
 21
-2.336762200037039
 31
0
  0
LINE
  5
7D3
330
768
100
AcDbEntity
  8
Muebles
100
AcDbLine
 10
40.84415349784675
 20
-2.758029326473266
 30
0
 11
40.9240138604049
 21
-2.834614345966105
 31
0
  0
LINE
  5
7D4
330
768
100
AcDbEntity
  8
Muebles
100
AcDbLine
 10
40.76946435727724
 20
-2.577347820573887
 30
0
 11
40.84415349784675
 21
-2.577354894748974
 31
0
  0
LINE
  5
7D5
330
768
100
AcDbEntity
  8
Muebles
100
AcDbLine
 10
40.84415349784675
 20
-2.408777302423611
 30
0
 11
40.92401386040491
 21
-2.332192282930779
 31
0
  0
LINE
  5
7D6
330
768
100
AcDbEntity
  8
Muebles
100
AcDbLine
 10
40.92401386040491
 20
-2.332192282930779
 30
0
 11
40.93739819966969
 21
-2.334611650810554
 31
0
  0
LINE
  5
7D7
330
768
100
AcDbEntity
  8
Muebles
100
AcDbLine
 10
40.93395307640227
 20
-2.322649220738294
 30
0
 11
40.94417525940311
 21
-2.318914056292303
 31
0
  0
LINE
  5
7D8
330
768
100
AcDbEntity
  8
Muebles
100
AcDbLine
 10
40.94932525886652
 20
-2.336762200037039
 30
0
 11
41.16785360148182
 21
-2.37618657779738
 31
0
  0
LINE
  5
7D9
330
768
100
AcDbEntity
  8
Muebles
100
AcDbLine
 10
41.20267269126049
 20
-2.422133344988044
 30
0
 11
41.21031987452962
 21
-2.416191037914881
 31
0
  0
LINE
  5
7DA
330
768
100
AcDbEntity
  8
Muebles
100
AcDbLine
 10
41.20267269126049
 20
-2.437399414825993
 30
0
 11
41.2166371128824
 21
-2.425974622060334
 31
0
  0
LINE
  5
7DB
330
768
100
AcDbEntity
  8
Muebles
100
AcDbLine
 10
41.20267269126049
 20
-2.729378917370536
 30
0
 11
41.21664418705748
 21
-2.740803710136195
 31
0
  0
LINE
  5
7DC
330
768
100
AcDbEntity
  8
Muebles
100
AcDbLine
 10
41.20283539728749
 20
-2.744461058656224
 30
0
 11
41.21032694870471
 21
-2.75058022010656
 31
0
  0
LINE
  5
7DD
330
768
100
AcDbEntity
  8
Muebles
100
AcDbLine
 10
40.94932525886652
 20
-2.830044428859838
 30
0
 11
41.16785360148182
 21
-2.790620051099499
 31
0
  0
LINE
  5
7DE
330
768
100
AcDbEntity
  8
Muebles
100
AcDbLine
 10
40.93740527384476
 20
0.5301604408077019
 30
0
 11
40.94932525886652
 21
0.5323109900341798
 31
0
  0
LINE
  5
7DF
330
768
100
AcDbEntity
  8
Muebles
100
AcDbLine
 10
40.93739819966969
 20
1.027743768083464
 30
0
 11
40.94932525886652
 21
1.025593218856994
 31
0
  0
LINE
  5
7E0
330
768
100
AcDbEntity
  8
Muebles
100
AcDbLine
 10
40.93395307640226
 20
0.5182121590856106
 30
0
 11
40.9441823335782
 21
0.5144769946396188
 31
0
  0
LINE
  5
7E1
330
768
100
AcDbEntity
  8
Muebles
100
AcDbLine
 10
40.9240138604049
 20
0.5277410729279204
 30
0
 11
40.93740527384476
 21
0.5301604408077019
 31
0
  0
LINE
  5
7E2
330
768
100
AcDbEntity
  8
Muebles
100
AcDbLine
 10
40.84415349784675
 20
0.6043260924207736
 30
0
 11
40.9240138604049
 21
0.5277410729279204
 31
0
  0
LINE
  5
7E3
330
768
100
AcDbEntity
  8
Muebles
100
AcDbLine
 10
40.84415349784675
 20
0.9535781164704069
 30
0
 11
40.92401386040491
 21
1.03016313596326
 31
0
  0
LINE
  5
7E4
330
768
100
AcDbEntity
  8
Muebles
100
AcDbLine
 10
40.92401386040491
 20
1.03016313596326
 30
0
 11
40.93739819966969
 21
1.027743768083464
 31
0
  0
LINE
  5
7E5
330
768
100
AcDbEntity
  8
Muebles
100
AcDbLine
 10
40.93395307640227
 20
1.039706198155738
 30
0
 11
40.94417525940311
 21
1.043441362601722
 31
0
  0
LINE
  5
7E6
330
768
100
AcDbEntity
  8
Muebles
100
AcDbLine
 10
40.94932525886652
 20
1.025593218856994
 30
0
 11
41.16785360148182
 21
0.9861688410966245
 31
0
  0
LINE
  5
7E7
330
768
100
AcDbEntity
  8
Muebles
100
AcDbLine
 10
41.20267269126049
 20
0.9402220739059821
 30
0
 11
41.21031987452962
 21
0.9461573068040501
 31
0
  0
LINE
  5
7E8
330
768
100
AcDbEntity
  8
Muebles
100
AcDbLine
 10
41.20267269126049
 20
0.9249560040680471
 30
0
 11
41.2166371128824
 21
0.9363807968336992
 31
0
  0
LINE
  5
7E9
330
768
100
AcDbEntity
  8
Muebles
100
AcDbLine
 10
41.20267269126049
 20
0.6329694273484101
 30
0
 11
41.21664418705748
 21
0.6215517087578313
 31
0
  0
LINE
  5
7EA
330
768
100
AcDbEntity
  8
Muebles
100
AcDbLine
 10
41.20283539728749
 20
0.6178943602377949
 30
0
 11
41.21032694870471
 21
0.6117751987874662
 31
0
  0
LINE
  5
7EB
330
768
100
AcDbEntity
  8
Muebles
100
AcDbLine
 10
40.94932525886652
 20
0.5323109900341798
 30
0
 11
41.16785360148182
 21
0.5717282936194543
 31
0
  0
LINE
  5
7EC
330
768
100
AcDbEntity
  8
Muebles
100
AcDbLine
 10
40.26379524787694
 20
-1.61247985792038
 30
0
 11
41.36504623203446
 21
-1.612479857920381
 31
0
  0
LINE
  5
7ED
330
768
100
AcDbEntity
  8
Muebles
100
AcDbLine
 10
40.26379524787694
 20
0.06869785152663255
 30
0
 11
40.69257514825565
 21
0.06869785152663255
 31
0
  0
LINE
  5
7EE
330
768
100
AcDbEntity
  8
Muebles
100
AcDbLine
 10
40.69257514825565
 20
-3.293657567367393
 30
0
 11
41.36504623203445
 21
-3.293657567367393
 31
0
  0
LINE
  5
7EF
330
768
100
AcDbEntity
  8
Muebles
100
AcDbLine
 10
41.36504623203444
 20
-2.873366677093204
 30
0
 11
41.36504623203445
 21
-3.293657567367393
 31
0
  0
LINE
  5
7F0
330
768
100
AcDbEntity
  8
Muebles
100
AcDbLine
 10
40.69257514825564
 20
-2.873366677093204
 30
0
 11
41.36504623203444
 21
-2.873366677093204
 31
0
  0
LINE
  5
7F1
330
768
100
AcDbEntity
  8
Muebles
100
AcDbLine
 10
40.69257514825566
 20
1.749875560973631
 30
0
 11
41.36504623203446
 21
1.749875560973631
 31
0
  0
LINE
  5
7F2
330
768
100
AcDbEntity
  8
Muebles
100
AcDbLine
 10
41.36504623203444
 20
-1.192181893471083
 30
0
 11
41.36504623203445
 21
-1.612472783745272
 31
0
  0
LINE
  5
7F3
330
768
100
AcDbEntity
  8
Muebles
100
AcDbLine
 10
39.79594467849222
 20
-3.293657567367393
 30
0
 11
40.26379524787694
 21
-3.293657567367393
 31
0
  0
LINE
  5
7F4
330
768
100
AcDbEntity
  8
Muebles
100
AcDbLine
 10
40.26379524787694
 20
-3.293657567367393
 30
0
 11
40.69257514825565
 21
-3.293657567367393
 31
0
  0
LINE
  5
7F5
330
768
100
AcDbEntity
  8
Muebles
100
AcDbLine
 10
39.79594467849222
 20
1.749875560973631
 30
0
 11
40.26379524787694
 21
1.749875560973631
 31
0
  0
LINE
  5
7F6
330
768
100
AcDbEntity
  8
Muebles
100
AcDbLine
 10
40.26379524787694
 20
1.749875560973631
 30
0
 11
40.69257514825565
 21
1.749875560973631
 31
0
  0
LINE
  5
7F7
330
768
100
AcDbEntity
  8
Muebles
100
AcDbLine
 10
39.79594467849222
 20
1.749875560973631
 30
0
 11
39.79594467849222
 21
-3.293657567367393
 31
0
  0
ENDBLK
  5
7F8
330
768
100
AcDbEntity
  8
0
100
AcDbBlockEnd
  0
ENDSEC
  0
SECTION
  2
ENTITIES
  0
LINE
  5
4B
330
2
100
AcDbEntity
  8
0
100
AcDbLine
 10
53.53684533381599
 20
-8.385042987376067
 30
0
 11
53.53684533381599
 21
-8.322233693852823
 31
0
1001
ACAD
1010
0
1020
0
1030
0
  0
LINE
  5
4C
330
2
100
AcDbEntity
  8
0
100
AcDbLine
 10
53.53684533381599
 20
-8.228483693852823
 30
0
 11
53.53684533381599
 21
-8.042453104522934
 31
0
1001
ACAD
1010
0
1020
0
1030
0
  0
LINE
  5
4D
330
2
100
AcDbEntity
  8
0
100
AcDbLine
 10
53.53684533381599
 20
-7.349547238220069
 30
0
 11
53.53684533381599
 21
-7.290983693852823
 31
0
1001
ACAD
1010
0
1020
0
1030
0
  0
LINE
  5
4E
330
2
100
AcDbEntity
  8
0
100
AcDbLine
 10
53.53684533381599
 20
-7.197233693852823
 30
0
 11
53.53684533381599
 21
-6.985042987376062
 31
0
1001
ACAD
1010
0
1020
0
1030
0
  0
LINE
  5
4F
330
2
100
AcDbEntity
  8
0
100
AcDbLine
 10
53.88059533381599
 20
-8.385042987376067
 30
0
 11
53.88059533381599
 21
-8.359063276416911
 31
0
1001
ACAD
1010
0
1020
0
1030
0
  0
LINE
  5
50
330
2
100
AcDbEntity
  8
0
100
AcDbLine
 10
53.88059533381599
 20
-7.759063276417095
 30
0
 11
53.88059533381599
 21
-7.634733693852823
 31
0
1001
ACAD
1010
0
1020
0
1030
0
  0
LINE
  5
51
330
2
100
AcDbEntity
  8
0
100
AcDbLine
 10
53.88059533381599
 20
-7.540983693852823
 30
0
 11
53.88059533381599
 21
-7.290983693852823
 31
0
1001
ACAD
1010
0
1020
0
1030
0
  0
LINE
  5
52
330
2
100
AcDbEntity
  8
0
100
AcDbLine
 10
53.88059533381599
 20
-7.197233693852823
 30
0
 11
53.88059533381599
 21
-6.985042987376062
 31
0
1001
ACAD
1010
0
1020
0
1030
0
  0
LINE
  5
53
330
2
100
AcDbEntity
  8
0
100
AcDbLine
 10
54.22434533381599
 20
-8.385042987376067
 30
0
 11
54.22434533381599
 21
-8.322233693852823
 31
0
1001
ACAD
1010
0
1020
0
1030
0
  0
LINE
  5
54
330
2
100
AcDbEntity
  8
0
100
AcDbLine
 10
54.22434533381599
 20
-8.228483693852823
 30
0
 11
54.22434533381599
 21
-7.978483693852823
 31
0
1001
ACAD
1010
0
1020
0
1030
0
  0
LINE
  5
55
330
2
100
AcDbEntity
  8
0
100
AcDbLine
 10
54.22434533381599
 20
-7.884733693852823
 30
0
 11
54.22434533381599
 21
-7.634733693852823
 31
0
1001
ACAD
1010
0
1020
0
1030
0
  0
LINE
  5
56
330
2
100
AcDbEntity
  8
0
100
AcDbLine
 10
54.22434533381599
 20
-7.540983693852823
 30
0
 11
54.22434533381599
 21
-7.290983693852823
 31
0
1001
ACAD
1010
0
1020
0
1030
0
  0
LINE
  5
57
330
2
100
AcDbEntity
  8
0
100
AcDbLine
 10
54.22434533381599
 20
-7.197233693852823
 30
0
 11
54.22434533381599
 21
-6.985042987376062
 31
0
1001
ACAD
1010
0
1020
0
1030
0
  0
LINE
  5
58
330
2
100
AcDbEntity
  8
0
100
AcDbLine
 10
54.56809533381599
 20
-8.385042987376067
 30
0
 11
54.56809533381599
 21
-8.375009213225411
 31
0
1001
ACAD
1010
0
1020
0
1030
0
  0
LINE
  5
59
330
2
100
AcDbEntity
  8
0
100
AcDbLine
 10
54.56809533381599
 20
-7.464823678398531
 30
0
 11
54.56809533381599
 21
-7.290983693852823
 31
0
1001
ACAD
1010
0
1020
0
1030
0
  0
LINE
  5
5A
330
2
100
AcDbEntity
  8
0
100
AcDbLine
 10
54.56809533381599
 20
-7.197233693852823
 30
0
 11
54.56809533381599
 21
-6.947233693852823
 31
0
1001
ACAD
1010
0
1020
0
1030
0
  0
LINE
  5
5B
330
2
100
AcDbEntity
  8
0
100
AcDbLine
 10
54.56809533381599
 20
-6.853483693852823
 30
0
 11
54.56809533381599
 21
-6.785042987376066
 31
0
1001
ACAD
1010
0
1020
0
1030
0
  0
LINE
  5
5C
330
2
100
AcDbEntity
  8
0
100
AcDbLine
 10
54.56809533381599
 20
-7.884733693852823
 30
0
 11
54.56809533381599
 21
-7.634733693852823
 31
0
1001
ACAD
1010
0
1020
0
1030
0
  0
LINE
  5
5D
330
2
100
AcDbEntity
  8
0
100
AcDbLine
 10
54.56809533381599
 20
-7.540983693852823
 30
0
 11
54.56809533381599
 21
-7.464823678398531
 31
0
1001
ACAD
1010
0
1020
0
1030
0
  0
LINE
  5
5E
330
2
100
AcDbEntity
  8
0
100
AcDbLine
 10
54.91184533381599
 20
-8.385042987376067
 30
0
 11
54.91184533381599
 21
-8.375009213225411
 31
0
1001
ACAD
1010
0
1020
0
1030
0
  0
LINE
  5
5F
330
2
100
AcDbEntity
  8
0
100
AcDbLine
 10
54.91184533381599
 20
-7.651138256143042
 30
0
 11
54.91184533381599
 21
-7.634733693852823
 31
0
1001
ACAD
1010
0
1020
0
1030
0
  0
LINE
  5
60
330
2
100
AcDbEntity
  8
0
100
AcDbLine
 10
54.91184533381599
 20
-7.540983693852823
 30
0
 11
54.91184533381599
 21
-7.290983693852823
 31
0
1001
ACAD
1010
0
1020
0
1030
0
  0
LINE
  5
61
330
2
100
AcDbEntity
  8
0
100
AcDbLine
 10
54.91184533381599
 20
-7.197233693852823
 30
0
 11
54.91184533381599
 21
-6.947233693852823
 31
0
1001
ACAD
1010
0
1020
0
1030
0
  0
LINE
  5
62
330
2
100
AcDbEntity
  8
0
100
AcDbLine
 10
54.91184533381599
 20
-6.853483693852823
 30
0
 11
54.91184533381599
 21
-6.785042987376066
 31
0
1001
ACAD
1010
0
1020
0
1030
0
  0
LINE
  5
63
330
2
100
AcDbEntity
  8
0
100
AcDbLine
 10
54.91184533381599
 20
-7.884733693852823
 30
0
 11
54.91184533381599
 21
-7.651138256143042
 31
0
1001
ACAD
1010
0
1020
0
1030
0
  0
LINE
  5
64
330
2
100
AcDbEntity
  8
0
100
AcDbLine
 10
55.13010943651442
 20
-8.228483693852823
 30
0
 11
55.00559533381599
 21
-8.228483693852823
 31
0
1001
ACAD
1010
0
1020
0
1030
0
  0
LINE
  5
65
330
2
100
AcDbEntity
  8
0
100
AcDbLine
 10
53.73175980184868
 20
-8.228483693852823
 30
0
 11
53.63059533381599
 21
-8.228483693852823
 31
0
1001
ACAD
1010
0
1020
0
1030
0
  0
LINE
  5
66
330
2
100
AcDbEntity
  8
0
100
AcDbLine
 10
53.53684533381599
 20
-8.228483693852823
 30
0
 11
53.28690516059194
 21
-8.228483693852823
 31
0
1001
ACAD
1010
0
1020
0
1030
0
  0
LINE
  5
67
330
2
100
AcDbEntity
  8
0
100
AcDbLine
 10
54.38393974518926
 20
-8.228483693852823
 30
0
 11
54.31809533381599
 21
-8.228483693852823
 31
0
1001
ACAD
1010
0
1020
0
1030
0
  0
LINE
  5
68
330
2
100
AcDbEntity
  8
0
100
AcDbLine
 10
54.22434533381599
 20
-8.228483693852823
 30
0
 11
54.08175980184873
 21
-8.228483693852823
 31
0
1001
ACAD
1010
0
1020
0
1030
0
  0
LINE
  5
69
330
2
100
AcDbEntity
  8
0
100
AcDbLine
 10
55.13010943651442
 20
-7.884733693852823
 30
0
 11
55.00559533381599
 21
-7.884733693852823
 31
0
1001
ACAD
1010
0
1020
0
1030
0
  0
LINE
  5
6A
330
2
100
AcDbEntity
  8
0
100
AcDbLine
 10
54.91184533381599
 20
-7.884733693852823
 30
0
 11
54.66184533381599
 21
-7.884733693852823
 31
0
1001
ACAD
1010
0
1020
0
1030
0
  0
LINE
  5
6B
330
2
100
AcDbEntity
  8
0
100
AcDbLine
 10
54.56809533381599
 20
-7.884733693852823
 30
0
 11
54.31809533381599
 21
-7.884733693852823
 31
0
1001
ACAD
1010
0
1020
0
1030
0
  0
LINE
  5
6C
330
2
100
AcDbEntity
  8
0
100
AcDbLine
 10
54.22434533381599
 20
-7.884733693852823
 30
0
 11
54.08175980184873
 21
-7.884733693852823
 31
0
1001
ACAD
1010
0
1020
0
1030
0
  0
LINE
  5
6D
330
2
100
AcDbEntity
  8
0
100
AcDbLine
 10
53.42576467454261
 20
-7.884733693852823
 30
0
 11
53.28690516059194
 21
-7.884733693852823
 31
0
1001
ACAD
1010
0
1020
0
1030
0
  0
LINE
  5
6E
330
2
100
AcDbEntity
  8
0
100
AcDbLine
 10
53.73175980184868
 20
-7.884733693852823
 30
0
 11
53.72903889009513
 21
-7.884733693852823
 31
0
1001
ACAD
1010
0
1020
0
1030
0
  0
LINE
  5
6F
330
2
100
AcDbEntity
  8
0
100
AcDbLine
 10
55.13010943651442
 20
-7.540983693852823
 30
0
 11
55.09052822336866
 21
-7.540983693852823
 31
0
1001
ACAD
1010
0
1020
0
1030
0
  0
LINE
  5
70
330
2
100
AcDbEntity
  8
0
100
AcDbLine
 10
53.42576467454261
 20
-7.540983693852823
 30
0
 11
53.28690516059194
 21
-7.540983693852823
 31
0
1001
ACAD
1010
0
1020
0
1030
0
  0
LINE
  5
71
330
2
100
AcDbEntity
  8
0
100
AcDbLine
 10
55.05050618195527
 20
-7.540983693852823
 30
0
 11
55.00559533381599
 21
-7.540983693852823
 31
0
1001
ACAD
1010
0
1020
0
1030
0
  0
LINE
  5
72
330
2
100
AcDbEntity
  8
0
100
AcDbLine
 10
54.91184533381599
 20
-7.540983693852823
 30
0
 11
54.66184533381599
 21
-7.540983693852823
 31
0
1001
ACAD
1010
0
1020
0
1030
0
  0
LINE
  5
73
330
2
100
AcDbEntity
  8
0
100
AcDbLine
 10
54.56809533381599
 20
-7.540983693852823
 30
0
 11
54.31809533381599
 21
-7.540983693852823
 31
0
1001
ACAD
1010
0
1020
0
1030
0
  0
LINE
  5
74
330
2
100
AcDbEntity
  8
0
100
AcDbLine
 10
54.22434533381599
 20
-7.540983693852823
 30
0
 11
53.97434533381599
 21
-7.540983693852823
 31
0
1001
ACAD
1010
0
1020
0
1030
0
  0
LINE
  5
75
330
2
100
AcDbEntity
  8
0
100
AcDbLine
 10
53.88059533381599
 20
-7.540983693852823
 30
0
 11
53.72903889009513
 21
-7.540983693852823
 31
0
1001
ACAD
1010
0
1020
0
1030
0
  0
LINE
  5
76
330
2
100
AcDbEntity
  8
0
100
AcDbLine
 10
55.13010943651442
 20
-7.197233693852823
 30
0
 11
55.09052822336866
 21
-7.197233693852823
 31
0
1001
ACAD
1010
0
1020
0
1030
0
  0
LINE
  5
77
330
2
100
AcDbEntity
  8
0
100
AcDbLine
 10
54.40406605173025
 20
-7.197233693852823
 30
0
 11
54.31809533381599
 21
-7.197233693852823
 31
0
1001
ACAD
1010
0
1020
0
1030
0
  0
LINE
  5
78
330
2
100
AcDbEntity
  8
0
100
AcDbLine
 10
54.22434533381599
 20
-7.197233693852823
 30
0
 11
53.97434533381599
 21
-7.197233693852823
 31
0
1001
ACAD
1010
0
1020
0
1030
0
  0
LINE
  5
79
330
2
100
AcDbEntity
  8
0
100
AcDbLine
 10
53.88059533381599
 20
-7.197233693852823
 30
0
 11
53.63059533381599
 21
-7.197233693852823
 31
0
1001
ACAD
1010
0
1020
0
1030
0
  0
LINE
  5
7A
330
2
100
AcDbEntity
  8
0
100
AcDbLine
 10
53.53684533381599
 20
-7.197233693852823
 30
0
 11
53.28690516059194
 21
-7.197233693852823
 31
0
1001
ACAD
1010
0
1020
0
1030
0
  0
LINE
  5
7B
330
2
100
AcDbEntity
  8
0
100
AcDbLine
 10
55.05050618195527
 20
-7.197233693852823
 30
0
 11
55.00559533381599
 21
-7.197233693852823
 31
0
1001
ACAD
1010
0
1020
0
1030
0
  0
LINE
  5
7C
330
2
100
AcDbEntity
  8
0
100
AcDbLine
 10
54.91184533381599
 20
-7.197233693852823
 30
0
 11
54.66184533381599
 21
-7.197233693852823
 31
0
1001
ACAD
1010
0
1020
0
1030
0
  0
LINE
  5
7D
330
2
100
AcDbEntity
  8
0
100
AcDbLine
 10
54.56809533381599
 20
-7.197233693852823
 30
0
 11
54.40406605173025
 21
-7.197233693852823
 31
0
1001
ACAD
1010
0
1020
0
1030
0
  0
LINE
  5
7E
330
2
100
AcDbEntity
  8
0
100
AcDbLine
 10
55.13010943651442
 20
-6.853483693852823
 30
0
 11
55.00559533381599
 21
-6.853483693852823
 31
0
1001
ACAD
1010
0
1020
0
1030
0
  0
LINE
  5
7F
330
2
100
AcDbEntity
  8
0
100
AcDbLine
 10
54.91184533381599
 20
-6.853483693852823
 30
0
 11
54.66184533381599
 21
-6.853483693852823
 31
0
1001
ACAD
1010
0
1020
0
1030
0
  0
LINE
  5
80
330
2
100
AcDbEntity
  8
0
100
AcDbLine
 10
54.56809533381599
 20
-6.853483693852823
 30
0
 11
54.33010943651442
 21
-6.853483693852823
 31
0
1001
ACAD
1010
0
1020
0
1030
0
  0
HATCH
  5
81
330
2
100
AcDbEntity
  8
0
100
AcDbHatch
 10
0
 20
0
 30
0
210
0
220
0
230
1
  2
SOLID
 70
     1
 71
     1
 91
        2
 92
        7
 72
     0
 73
     1
 93
       10
 10
41.58469088552433
 20
-1.285042987376073
 10
41.58469088552433
 20
-0.4650429873760731
 10
40.84469088552433
 20
-0.4650429873760658
 10
40.84469088552433
 20
0.1249570126239306
 10
40.64469088552433
 20
0.1249570126239308
 10
40.64469088552433
 20
-0.6650429873760686
 10
41.38469088552433
 20
-0.6650429873760686
 10
41.38469088552434
 20
-1.485042987376069
 10
43.33186503662078
 20
-1.485042987376069
 10
43.33186503662078
 20
-1.285042987376073
 97
       10
330
88
330
86
330
82
330
11C
330
84
330
87
330
89
330
CD
330
104
330
CB
 92
        7
 72
     0
 73
     1
 93
        9
 10
40.74469088552434
 20
2.114957012623933
 10
39.04469088552433
 20
2.114957012623933
 10
39.04469088552433
 20
1.914957012623929
 10
40.64469088552433
 20
1.914957012623929
 10
40.64469088552433
 20
1.324957012623934
 10
40.84469088552433
 20
1.324957012623926
 10
40.84469088552433
 20
1.91495701262393
 10
43.21470209994474
 20
1.91495701262393
 10
43.21470209994474
 20
2.114957012623933
 97
        9
330
9D
330
A3
330
9F
330
85
330
11D
330
83
330
FB
330
11E
330
F4
 75
     0
 76
     1
 47
0.01562301572065847
 98
        2
 10
41.77820912406022
 20
-1.371975271979395
 10
41.10641946237211
 20
2.037169232409838
1001
ACAD
1010
0
1020
0
1030
0
  0
LINE
  5
82
102
{ACAD_REACTORS
330
81
102
}
330
2
100
AcDbEntity
  8
0
100
AcDbLine
 10
40.84469088552433
 20
-0.4650429873760658
 30
0
 11
40.84469088552433
 21
0.1249570126239306
 31
0
  0
LINE
  5
83
102
{ACAD_REACTORS
330
81
102
}
330
2
100
AcDbEntity
  8
0
100
AcDbLine
 10
40.84469088552433
 20
1.324957012623933
 30
0
 11
40.84469088552433
 21
1.91495701262393
 31
0
  0
LINE
  5
84
102
{ACAD_REACTORS
330
81
102
}
330
2
100
AcDbEntity
  8
0
100
AcDbLine
 10
40.64469088552433
 20
-0.6650429873760686
 30
0
 11
40.64469088552433
 21
0.1249570126239306
 31
0
  0
LINE
  5
85
102
{ACAD_REACTORS
330
81
102
}
330
2
100
AcDbEntity
  8
0
100
AcDbLine
 10
40.64469088552433
 20
1.324957012623926
 30
0
 11
40.64469088552433
 21
1.91495701262393
 31
0
  0
LINE
  5
86
102
{ACAD_REACTORS
330
81
102
}
330
2
100
AcDbEntity
  8
0
100
AcDbLine
 10
40.84469088552433
 20
-0.4650429873760658
 30
0
 11
41.58469088552433
 21
-0.4650429873760729
 31
0
  0
LINE
  5
87
102
{ACAD_REACTORS
330
81
102
}
330
2
100
AcDbEntity
  8
0
100
AcDbLine
 10
40.64469088552433
 20
-0.6650429873760686
 30
0
 11
41.38469088552433
 21
-0.6650429873760686
 31
0
  0
LINE
  5
88
102
{ACAD_REACTORS
330
81
102
}
330
2
100
AcDbEntity
  8
0
100
AcDbLine
 10
41.58469088552433
 20
-0.4650429873760729
 30
0
 11
41.58469088552433
 21
-1.285042987376073
 31
0
  0
LINE
  5
89
102
{ACAD_REACTORS
330
81
102
}
330
2
100
AcDbEntity
  8
0
100
AcDbLine
 10
41.38469088552433
 20
-0.6650429873760686
 30
0
 11
41.38469088552434
 21
-1.485042987376069
 31
0
  0
HATCH
  5
8A
330
2
100
AcDbEntity
  8
0
100
AcDbHatch
 10
0
 20
0
 30
0
210
0
220
0
230
1
  2
SOLID
 70
     1
 71
     1
 91
        2
 92
       23
 72
     0
 73
     1
 93
        4
 10
42.59182147236672
 20
-8.385042987376067
 10
42.59182147236672
 20
-8.58504298737607
 10
44.02764622149617
 20
-8.58504298737607
 10
44.02764622149617
 20
-8.385042987376067
 97
        4
330
762
330
98
330
760
330
95
 92
        7
 72
     0
 73
     1
 93
       12
 10
41.58469088552433
 20
-5.08504298737607
 10
44.32469088552433
 20
-5.08504298737607
 10
44.32469088552433
 20
-4.885042987376059
 10
41.58469088552433
 20
-4.885042987376067
 10
41.58469088552433
 20
-3.924396173120201
 10
41.38469088552433
 20
-3.924396173120201
 10
41.38469088552433
 20
-5.08504298737607
 10
41.38469088552433
 20
-8.385042987376067
 10
41.38469088552433
 20
-8.58504298737607
 10
41.99836868027535
 20
-8.58504298737607
 10
41.99836868027535
 20
-8.385042987376067
 10
41.58469088552433
 20
-8.385042987376067
 97
       12
330
106
330
8C
330
223
330
222
330
12C
330
763
330
12D
330
224
330
9C
330
94
330
9A
330
8B
 75
     0
 76
     1
 47
0.01185138622559516
 98
        2
 10
43.29688225569113
 20
-8.482519300461689
 10
41.51576690358293
 20
-7.721210195942632
1001
ACAD
1010
0
1020
0
1030
0
  0
LINE
  5
8B
102
{ACAD_REACTORS
330
8A
102
}
330
2
100
AcDbEntity
  8
0
100
AcDbLine
 10
41.58469088552433
 20
-3.924396173120201
 30
0
 11
41.58469088552433
 21
-4.885042987376067
 31
0
  0
LINE
  5
8C
102
{ACAD_REACTORS
330
8A
102
}
330
2
100
AcDbEntity
  8
0
100
AcDbLine
 10
41.38469088552433
 20
-3.924396173120201
 30
0
 11
41.38469088552433
 21
-5.08504298737607
 31
0
  0
HATCH
  5
8D
330
2
100
AcDbEntity
  8
0
100
AcDbHatch
 10
0
 20
0
 30
0
210
0
220
0
230
1
  2
SOLID
 70
     1
 71
     0
 91
        2
 92
        7
 72
     0
 73
     1
 93
        6
 10
53.10917615118858
 20
-4.285042987376073
 10
53.10917615118858
 20
-4.485042987376069
 10
55.30917615118858
 20
-4.485042987376069
 10
55.30917615118858
 20
-2.08504298737607
 10
55.10917615118858
 20
-2.08504298737607
 10
55.10917615118858
 20
-4.285042987376073
 97
        0
 92
        7
 72
     0
 73
     1
 93
       26
 10
51.50917615118858
 20
-4.285042987376073
 10
51.50917615118858
 20
-4.885042987376067
 10
50.85917615118858
 20
-4.885042987376067
 10
50.85917615118858
 20
-5.08504298737607
 10
51.70917615118858
 20
-5.08504298737607
 10
51.70917615118858
 20
-4.485042987376069
 10
52.30873532292095
 20
-4.485042987376069
 10
52.30873532292095
 20
-4.425009925255956
 10
52.30917615118858
 20
-4.425009925255956
 10
52.30917615118858
 20
-2.386165240515936
 10
52.2416483496198
 20
-2.386165240515936
 10
52.2416483496198
 20
-2.385042987376067
 10
52.10917615118858
 20
-2.385042987376067
 10
52.10917615118858
 20
-2.79228126437053
 10
51.70917615118858
 20
-2.79228126437053
 10
51.70917615118858
 20
-2.385042987376067
 10
46.10917615118858
 20
-2.385042987376067
 10
46.10917615118858
 20
-5.08504298737607
 10
49.95917615118859
 20
-5.08504298737607
 10
49.95917615118858
 20
-4.885042987376067
 10
46.30917615118858
 20
-4.885042987376067
 10
46.30917615118858
 20
-2.58504298737607
 10
51.50917615118858
 20
-2.58504298737607
 10
51.50917615118858
 20
-2.992281264370533
 10
52.10917615118858
 20
-2.992281264370533
 10
52.10917615118858
 20
-4.285042987376073
 97
        0
 75
     0
 76
     1
 47
0.02266637089599061
 98
        2
 10
53.90219917322125
 20
-4.408939764244309
 10
51.77674988600818
 20
-4.394756194572167
1001
ACAD
1010
0
1020
0
1030
0
  0
LINE
  5
8E
330
2
100
AcDbEntity
  8
0
100
AcDbLine
 10
46.30917615118858
 20
-4.885042987376067
 30
0
 11
46.30917615118858
 21
-2.58504298737607
 31
0
  0
LINE
  5
8F
330
2
100
AcDbEntity
  8
0
100
AcDbLine
 10
46.10917615118858
 20
-5.08504298737607
 30
0
 11
46.10917615118858
 21
-2.385042987376067
 31
0
  0
HATCH
  5
90
330
2
100
AcDbEntity
  8
0
100
AcDbHatch
 10
0
 20
0
 30
0
210
0
220
0
230
1
  2
SOLID
 70
     1
 71
     0
 91
        1
 92
        7
 72
     0
 73
     1
 93
        4
 10
45.32469088552433
 20
-5.985042987376069
 10
45.32469088552433
 20
-6.08504298737607
 10
51.40917615118858
 20
-6.085042987376077
 10
51.40917615118858
 20
-5.985042987376069
 97
        0
 75
     0
 76
     1
 47
0.02141815003018512
 98
        1
 10
48.06995194734134
 20
-6.049488609359031
1001
ACAD
1010
0
1020
0
1030
0
  0
HATCH
  5
91
330
2
100
AcDbEntity
  8
0
100
AcDbHatch
 10
0
 20
0
 30
0
210
0
220
0
230
1
  2
SOLID
 70
     1
 71
     1
 91
        1
 92
        7
 72
     0
 73
     1
 93
       16
 10
50.35022083822015
 20
-8.58504298737607
 10
51.55022083822014
 20
-8.58504298737607
 10
51.55022083822014
 20
-8.385042987376067
 10
50.35022083822015
 20
-8.385042987376067
 10
47.50738769951344
 20
-8.385042987376067
 10
46.30738769951344
 20
-8.385042987376067
 10
45.32469088552433
 20
-8.385042987376067
 10
45.32469088552433
 20
-5.085042987376063
 10
45.32469088552433
 20
-4.885042987376067
 10
45.12469088552433
 20
-4.885042987376061
 10
45.12469088552433
 20
-8.385042987376067
 10
44.62109901358755
 20
-8.385042987376067
 10
44.62109901358755
 20
-8.58504298737607
 10
45.22469088552433
 20
-8.58504298737607
 10
46.30738769951344
 20
-8.58504298737607
 10
47.50738769951344
 20
-8.58504298737607
 97
       16
330
130
330
B0
330
92
330
105
330
9B
330
93
330
95
330
75F
330
98
330
B4
330
12F
330
B5
330
131
330
11A
330
132
330
B1
 75
     0
 76
     1
 47
0.02141815003018512
 98
        1
 10
47.66300708414165
 20
-8.514982003526967
1001
ACAD
1010
0
1020
0
1030
0
  0
LINE
  5
92
102
{ACAD_REACTORS
330
91
102
}
330
2
100
AcDbEntity
  8
0
100
AcDbLine
 10
45.32469088552433
 20
-8.385042987376067
 30
0
 11
45.32469088552433
 21
-5.085042987376063
 31
0
  0
LINE
  5
93
102
{ACAD_REACTORS
330
91
102
}
330
2
100
AcDbEntity
  8
0
100
AcDbLine
 10
45.12469088552433
 20
-8.385042987376067
 30
0
 11
45.12469088552433
 21
-4.885042987376067
 31
0
  0
LINE
  5
94
102
{ACAD_REACTORS
330
8A
102
}
330
2
100
AcDbEntity
  8
0
100
AcDbLine
 10
44.32469088552433
 20
-5.08504298737607
 30
0
 11
44.32469088552433
 21
-4.885042987376067
 31
0
  0
LINE
  5
95
102
{ACAD_REACTORS
330
91
330
8A
102
}
330
2
100
AcDbEntity
  8
0
100
AcDbLine
 10
45.12469088552433
 20
-8.385042987376067
 30
0
 11
42.14469088552433
 21
-8.385042987376067
 31
0
  0
HATCH
  5
96
330
2
100
AcDbEntity
  8
0
100
AcDbHatch
 10
0
 20
0
 30
0
210
0
220
0
230
1
  2
SOLID
 70
     1
 71
     1
 91
        2
 92
        7
 72
     0
 73
     1
 93
        4
 10
39.04469088552433
 20
-4.560691028195485
 10
39.04469088552433
 20
-4.760691028195481
 10
39.24469088552433
 20
-4.760691028195481
 10
39.24469088552433
 20
-4.560691028195478
 97
        4
330
A4
330
12B
330
A2
330
12A
 92
        7
 72
     0
 73
     1
 93
        4
 10
39.04469088552433
 20
-8.58504298737607
 10
39.24469088552433
 20
-8.58504298737607
 10
39.24469088552433
 20
-8.385042987376067
 10
39.04469088552433
 20
-8.385042987376067
 97
        4
330
A4
330
99
330
A2
330
97
 75
     0
 76
     1
 47
0.01333205950695708
 98
        2
 10
39.13788538822394
 20
-4.637048587391945
 10
39.13788538822394
 20
-8.480432561063196
1001
ACAD
1010
0
1020
0
1030
0
  0
LINE
  5
97
102
{ACAD_REACTORS
330
96
102
}
330
2
100
AcDbEntity
  8
0
100
AcDbLine
 10
39.24469088552433
 20
-8.385042987376067
 30
0
 11
39.04469088552433
 21
-8.385042987376067
 31
0
  0
LINE
  5
98
102
{ACAD_REACTORS
330
91
330
8A
102
}
330
2
100
AcDbEntity
  8
0
100
AcDbLine
 10
45.22469088552433
 20
-8.58504298737607
 30
0
 11
42.14469088552433
 21
-8.58504298737607
 31
0
  0
LINE
  5
99
102
{ACAD_REACTORS
330
96
102
}
330
2
100
AcDbEntity
  8
0
100
AcDbLine
 10
39.24469088552433
 20
-8.58504298737607
 30
0
 11
39.04469088552433
 21
-8.58504298737607
 31
0
  0
LINE
  5
9A
102
{ACAD_REACTORS
330
8A
102
}
330
2
100
AcDbEntity
  8
0
100
AcDbLine
 10
41.58469088552433
 20
-4.885042987376067
 30
0
 11
44.32469088552433
 21
-4.88504298737606
 31
0
  0
LINE
  5
9B
102
{ACAD_REACTORS
330
91
102
}
330
2
100
AcDbEntity
  8
0
100
AcDbLine
 10
45.12469088552433
 20
-4.88504298737606
 30
0
 11
45.32469088552433
 21
-4.885042987376067
 31
0
  0
LINE
  5
9C
102
{ACAD_REACTORS
330
8A
102
}
330
2
100
AcDbEntity
  8
0
100
AcDbLine
 10
41.58469088552433
 20
-5.08504298737607
 30
0
 11
44.32469088552433
 21
-5.08504298737607
 31
0
  0
LINE
  5
9D
102
{ACAD_REACTORS
330
81
102
}
330
2
100
AcDbEntity
  8
0
100
AcDbLine
 10
40.74469088552434
 20
2.114957012623933
 30
0
 11
39.04469088552433
 21
2.114957012623933
 31
0
  0
HATCH
  5
9E
330
2
100
AcDbEntity
  8
0
 62
    54
100
AcDbHatch
 10
0
 20
0
 30
0
210
0
220
0
230
1
  2
GRASS
 70
     0
 71
     1
 91
        1
 92
        7
 72
     0
 73
     1
 93
        4
 10
38.74469088552433
 20
-3.460691028195484
 10
39.04469088552433
 20
-3.460691028195484
 10
39.04469088552433
 20
1.914957012623929
 10
38.74469088552434
 20
1.914957012623929
 97
        4
330
126
330
128
330
A3
330
9F
 75
     0
 76
     1
 52
90
 41
0.1
 77
     0
 78
     3
 53
180
 43
44.94309533381599
 44
-14.41598369385282
 45
-0.07071067809999999
 46
-0.07071067809999999
 79
     2
 49
0.01875
 49
-0.1226713563
 53
135
 43
44.94309533381599
 44
-14.41598369385282
 45
-0.07071067811865477
 46
-0.07071067811865475
 79
     2
 49
0.01875
 49
-0.08125
 53
225
 43
44.94309533381599
 44
-14.41598369385282
 45
0.07071067811865475
 46
-0.07071067811865477
 79
     2
 49
0.01875
 49
-0.08125
 47
0.008132499509239282
 98
        1
 10
38.88213897546691
 20
-1.315577731579026
1001
ACAD
1010
0
1020
0
1030
0
  0
LINE
  5
9F
102
{ACAD_REACTORS
330
81
330
9E
102
}
330
2
100
AcDbEntity
  8
0
100
AcDbLine
 10
40.64469088552433
 20
1.91495701262393
 30
0
 11
38.74469088552434
 21
1.91495701262393
 31
0
  0
LINE
  5
A0
330
2
100
AcDbEntity
  8
0
100
AcDbLine
 10
39.24469088552434
 20
1.91495701262393
 30
0
 11
39.24469088552433
 21
-3.66069102819548
 31
0
  0
HATCH
  5
A1
330
2
100
AcDbEntity
  8
0
100
AcDbHatch
 10
0
 20
0
 30
0
210
0
220
0
230
1
  2
SOLID
 70
     1
 71
     1
 91
        2
 92
        7
 72
     0
 73
     1
 93
        4
 10
40.80762582745287
 20
-8.385042987376062
 10
40.80762582745287
 20
-8.58504298737607
 10
41.38469088552433
 20
-8.58504298737607
 10
41.38469088552433
 20
-8.38504298737606
 97
        4
330
766
330
12C
330
222
330
12E
 92
        7
 72
     0
 73
     1
 93
        4
 10
39.24469088552433
 20
-8.385042987376067
 10
39.24469088552433
 20
-8.58504298737607
 10
39.61441795924537
 20
-8.58504298737607
 10
39.61441795924537
 20
-8.385042987376066
 97
        4
330
A2
330
12C
330
765
330
12E
 75
     0
 76
     1
 47
0.01895796245559992
 98
        2
 10
41.04448679548199
 20
-8.435640835144113
 10
39.45201789463398
 20
-8.416664392462195
1001
ACAD
1010
0
1020
0
1030
0
  0
LINE
  5
A2
102
{ACAD_REACTORS
330
96
330
A1
102
}
330
2
100
AcDbEntity
  8
0
100
AcDbLine
 10
39.24469088552433
 20
-4.560691028195478
 30
0
 11
39.24469088552433
 21
-8.58504298737607
 31
0
  0
LINE
  5
A3
102
{ACAD_REACTORS
330
81
330
9E
102
}
330
2
100
AcDbEntity
  8
0
100
AcDbLine
 10
39.04469088552433
 20
2.114957012623933
 30
0
 11
39.04469088552433
 21
-3.660691028195487
 31
0
  0
LINE
  5
A4
102
{ACAD_REACTORS
330
96
102
}
330
2
100
AcDbEntity
  8
0
100
AcDbLine
 10
39.04469088552433
 20
-4.560691028195485
 30
0
 11
39.04469088552433
 21
-8.58504298737607
 31
0
  0
LINE
  5
A5
330
2
100
AcDbEntity
  8
0
100
AcDbLine
 10
46.30917615118858
 20
-4.885042987376067
 30
0
 11
49.95917615118858
 21
-4.885042987376067
 31
0
  0
LINE
  5
A6
330
2
100
AcDbEntity
  8
0
100
AcDbLine
 10
46.10917615118858
 20
-5.08504298737607
 30
0
 11
49.95917615118858
 21
-5.08504298737607
 31
0
  0
LINE
  5
A7
330
2
100
AcDbEntity
  8
0
100
AcDbLine
 10
45.32469088552433
 20
-6.08504298737607
 30
0
 11
51.40917615118858
 21
-6.08504298737607
 31
0
  0
LINE
  5
A8
330
2
100
AcDbEntity
  8
0
100
AcDbLine
 10
45.32469088552433
 20
-5.985042987376069
 30
0
 11
51.40917615118858
 21
-5.985042987376076
 31
0
  0
LINE
  5
A9
330
2
100
AcDbEntity
  8
0
100
AcDbLine
 10
50.85917615118858
 20
-4.885042987376067
 30
0
 11
51.50917615118858
 21
-4.885042987376067
 31
0
  0
LINE
  5
AA
330
2
100
AcDbEntity
  8
0
100
AcDbLine
 10
50.85917615118858
 20
-5.08504298737607
 30
0
 11
51.70917615118859
 21
-5.08504298737607
 31
0
  0
LINE
  5
AB
330
2
100
AcDbEntity
  8
0
100
AcDbLine
 10
51.70917615118859
 20
-5.08504298737607
 30
0
 11
51.70917615118858
 21
-4.485042987376069
 31
0
  0
LINE
  5
AC
330
2
100
AcDbEntity
  8
0
100
AcDbLine
 10
51.50917615118858
 20
-4.885042987376067
 30
0
 11
51.50917615118858
 21
-4.385042987376067
 31
0
  0
LINE
  5
AD
330
2
100
AcDbEntity
  8
0
100
AcDbLine
 10
51.50917615118858
 20
-4.885042987376067
 30
0
 11
51.50917615118858
 21
-4.285042987376073
 31
0
  0
LINE
  5
AE
330
2
100
AcDbEntity
  8
0
100
AcDbLine
 10
51.50917615118858
 20
-4.285042987376073
 30
0
 11
52.10917615118858
 21
-4.285042987376073
 31
0
  0
LINE
  5
AF
330
2
100
AcDbEntity
  8
0
100
AcDbLine
 10
51.70917615118858
 20
-4.485042987376069
 30
0
 11
52.30917615118858
 21
-4.485042987376069
 31
0
  0
LINE
  5
B0
102
{ACAD_REACTORS
330
91
102
}
330
2
100
AcDbEntity
  8
0
100
AcDbLine
 10
45.32469088552433
 20
-8.385042987376067
 30
0
 11
46.30738769951344
 21
-8.385042987376067
 31
0
  0
LINE
  5
B1
102
{ACAD_REACTORS
330
91
102
}
330
2
100
AcDbEntity
  8
0
100
AcDbLine
 10
47.50738769951344
 20
-8.385042987376067
 30
0
 11
50.35022083822015
 21
-8.385042987376067
 31
0
  0
HATCH
  5
B2
330
2
100
AcDbEntity
  8
0
100
AcDbHatch
 10
0
 20
0
 30
0
210
0
220
0
230
1
  2
SOLID
 70
     1
 71
     0
 91
        1
 92
        7
 72
     0
 73
     1
 93
       16
 10
52.50917615118858
 20
-8.385042987376067
 10
52.50917615118858
 20
-6.985042987376062
 10
54.33010943651442
 20
-6.985042987376069
 10
54.33010943651442
 20
-6.925009925255956
 10
54.33010943651442
 20
-6.785042987376066
 10
52.50917615118858
 20
-6.785042987376066
 10
52.50917615118858
 20
-5.585042987376063
 10
53.90917615118858
 20
-5.585042987376063
 10
53.90917615118858
 20
-5.385042987376067
 10
52.30917615118858
 20
-5.385042987376067
 10
52.30917615118858
 20
-8.385042987376067
 10
51.55022083822014
 20
-8.385042987376067
 10
51.55022083822014
 20
-8.58504298737607
 10
52.20917615118858
 20
-8.58504298737607
 10
53.33080521536237
 20
-8.58504298737607
 10
53.33080521536237
 20
-8.385042987376067
 97
        0
 75
     0
 76
     1
 47
0.01293134299128899
 98
        1
 10
52.57555305827292
 20
-8.493763339679973
1001
ACAD
1010
0
1020
0
1030
0
  0
LINE
  5
B3
330
2
100
AcDbEntity
  8
0
100
AcDbLine
 10
51.55022083822014
 20
-8.385042987376067
 30
0
 11
52.30917615118858
 21
-8.385042987376067
 31
0
  0
LINE
  5
B4
102
{ACAD_REACTORS
330
91
102
}
330
2
100
AcDbEntity
  8
0
100
AcDbLine
 10
45.22469088552433
 20
-8.58504298737607
 30
0
 11
46.30738769951344
 21
-8.58504298737607
 31
0
  0
LINE
  5
B5
102
{ACAD_REACTORS
330
91
102
}
330
2
100
AcDbEntity
  8
0
100
AcDbLine
 10
47.50738769951344
 20
-8.58504298737607
 30
0
 11
50.35022083822015
 21
-8.58504298737607
 31
0
  0
LINE
  5
B6
330
2
100
AcDbEntity
  8
0
100
AcDbLine
 10
51.55022083822014
 20
-8.58504298737607
 30
0
 11
52.20917615118858
 21
-8.58504298737607
 31
0
  0
LINE
  5
B7
330
2
100
AcDbEntity
  8
0
100
AcDbLine
 10
52.50917615118858
 20
-8.385042987376067
 30
0
 11
52.50917615118858
 21
-6.985042987376062
 31
0
  0
LINE
  5
B8
330
2
100
AcDbEntity
  8
0
100
AcDbLine
 10
52.50917615118858
 20
-6.785042987376066
 30
0
 11
52.50917615118858
 21
-5.585042987376063
 31
0
  0
LINE
  5
B9
330
2
100
AcDbEntity
  8
0
100
AcDbLine
 10
52.30917615118858
 20
-8.385042987376067
 30
0
 11
52.30917615118858
 21
-5.385042987376067
 31
0
  0
HATCH
  5
BA
330
2
100
AcDbEntity
  8
0
100
AcDbHatch
 10
0
 20
0
 30
0
210
0
220
0
230
1
  2
SOLID
 70
     1
 71
     1
 91
        1
 92
        7
 72
     0
 73
     1
 93
        4
 10
51.50917615118858
 20
-6.08504298737607
 10
51.50917615118858
 20
-5.985042987376076
 10
51.40917615118858
 20
-5.985042987376076
 10
51.40917615118858
 20
-6.08504298737607
 97
        4
330
7FC
330
7FB
330
BB
330
7FA
 75
     0
 76
     1
 47
0.002382442049885393
 98
        1
 10
51.4759432147799
 20
-6.065930712299689
1001
ACAD
1010
0
1020
0
1030
0
  0
LINE
  5
BB
102
{ACAD_REACTORS
330
BA
102
}
330
2
100
AcDbEntity
  8
0
100
AcDbLine
 10
51.50917615118858
 20
-6.08504298737607
 30
0
 11
51.50917615118858
 21
-5.985042987376076
 31
0
  0
LINE
  5
BC
330
2
100
AcDbEntity
  8
0
100
AcDbLine
 10
52.30917615118858
 20
-4.485042987376069
 30
0
 11
52.30917615118858
 21
-2.385042987376067
 31
0
  0
LINE
  5
BD
330
2
100
AcDbEntity
  8
0
100
AcDbLine
 10
52.10917615118858
 20
-4.285042987376073
 30
0
 11
52.10917615118858
 21
-2.992281264370533
 31
0
  0
LINE
  5
BE
330
2
100
AcDbEntity
  8
0
100
AcDbLine
 10
52.10917615118858
 20
-2.79228126437053
 30
0
 11
52.10917615118858
 21
-2.385042987376067
 31
0
  0
LINE
  5
BF
330
2
100
AcDbEntity
  8
0
100
AcDbLine
 10
53.10917615118858
 20
-4.285042987376073
 30
0
 11
55.10917615118858
 21
-4.285042987376073
 31
0
  0
LINE
  5
C0
330
2
100
AcDbEntity
  8
0
100
AcDbLine
 10
53.10917615118858
 20
-4.485042987376069
 30
0
 11
55.30917615118858
 21
-4.485042987376069
 31
0
  0
LINE
  5
C1
330
2
100
AcDbEntity
  8
0
100
AcDbLine
 10
55.30917615118858
 20
-4.485042987376069
 30
0
 11
55.30917615118858
 21
-2.08504298737607
 31
0
  0
LINE
  5
C2
330
2
100
AcDbEntity
  8
0
100
AcDbLine
 10
55.10917615118858
 20
-4.285042987376073
 30
0
 11
55.10917615118858
 21
-2.08504298737607
 31
0
  0
HATCH
  5
C3
330
2
100
AcDbEntity
  8
0
100
AcDbHatch
 10
0
 20
0
 30
0
210
0
220
0
230
1
  2
SOLID
 70
     1
 71
     0
 91
        1
 92
        7
 72
     0
 73
     1
 93
       10
 10
50.88666919954699
 20
-1.285042987376073
 10
50.886669199547
 20
-1.485042987376069
 10
56.60917615118858
 20
-1.485042987376069
 10
56.60917615118858
 20
-0.07832121400723224
 10
56.40917615118858
 20
-0.07832121400723224
 10
56.40917615118858
 20
-1.285042987376073
 10
55.2693025332053
 20
-1.285042987376073
 10
55.2693025332053
 20
-1.286728080931766
 10
55.20917615118863
 20
-1.286728080931766
 10
55.20917615118859
 20
-1.285042987376073
 97
        0
 75
     0
 76
     1
 47
0.0140835862775535
 98
        1
 10
54.10859680632436
 20
-1.358864089435272
1001
ACAD
1010
0
1020
0
1030
0
  0
LINE
  5
C4
330
2
100
AcDbEntity
  8
0
100
AcDbLine
 10
55.20917615118859
 20
-1.285042987376073
 30
0
 11
50.886669199547
 21
-1.285042987376073
 31
0
  0
LINE
  5
C5
330
2
100
AcDbEntity
  8
0
100
AcDbLine
 10
56.60917615118858
 20
-1.485042987376069
 30
0
 11
50.886669199547
 21
-1.485042987376069
 31
0
  0
LINE
  5
C6
330
2
100
AcDbEntity
  8
0
100
AcDbLine
 10
55.30917615118858
 20
-2.08504298737607
 30
0
 11
55.10917615118858
 21
-2.08504298737607
 31
0
  0
HATCH
  5
C7
330
2
100
AcDbEntity
  8
0
100
AcDbHatch
 10
0
 20
0
 30
0
210
0
220
0
230
1
  2
SOLID
 70
     1
 71
     0
 91
        2
 92
        7
 72
     0
 73
     1
 93
       12
 10
46.98499982427268
 20
2.114957012623933
 10
46.98499982427268
 20
1.91495701262393
 10
49.886669199547
 20
1.914957012623937
 10
49.886669199547
 20
-1.424916605359357
 10
49.88835429310269
 20
-1.424916605359357
 10
49.88835429310269
 20
-1.485042987376069
 10
50.0849841059913
 20
-1.485042987376069
 10
50.0849841059913
 20
-1.424916605359357
 10
50.086669199547
 20
-1.424916605359357
 10
50.086669199547
 20
1.91495701262393
 10
52.5444391990421
 20
1.91495701262393
 10
52.5444391990421
 20
2.114957012623933
 97
        0
 92
        7
 72
     0
 73
     1
 93
       13
 10
45.49737081123288
 20
-1.285042987376073
 10
45.49737081123288
 20
1.91495701262393
 10
46.38499982427268
 20
1.91495701262393
 10
46.38499982427268
 20
2.114957012623933
 10
43.81470209994475
 20
2.114957012623933
 10
43.81470209994475
 20
1.91495701262393
 10
45.29737081123289
 20
1.91495701262393
 10
45.29737081123289
 20
-1.285042987376073
 10
44.13186503662077
 20
-1.285042987376073
 10
44.13186503662077
 20
-1.485042987376069
 10
49.086669199547
 20
-1.485042987376069
 10
49.086669199547
 20
-1.424916605359357
 10
49.086669199547
 20
-1.285042987376073
 97
        0
 75
     0
 76
     1
 47
0.02514395601215478
 98
        2
 10
49.02321094286981
 20
2.024980920299157
 10
45.55334500390315
 20
-1.37276911923702
1001
ACAD
1010
0
1020
0
1030
0
  0
LINE
  5
C8
330
2
100
AcDbEntity
  8
0
100
AcDbLine
 10
49.086669199547
 20
-1.285042987376073
 30
0
 11
45.49737081123288
 21
-1.285042987376073
 31
0
  0
LINE
  5
C9
330
2
100
AcDbEntity
  8
0
100
AcDbLine
 10
45.29737081123289
 20
-1.285042987376073
 30
0
 11
44.13186503662077
 21
-1.285042987376073
 31
0
  0
LINE
  5
CA
330
2
100
AcDbEntity
  8
0
100
AcDbLine
 10
49.086669199547
 20
-1.485042987376069
 30
0
 11
44.13186503662077
 21
-1.485042987376069
 31
0
  0
LINE
  5
CB
102
{ACAD_REACTORS
330
81
102
}
330
2
100
AcDbEntity
  8
0
100
AcDbLine
 10
43.33186503662078
 20
-1.285042987376073
 30
0
 11
41.58469088552433
 21
-1.285042987376073
 31
0
  0
HATCH
  5
CC
330
2
100
AcDbEntity
  8
0
100
AcDbHatch
 10
0
 20
0
 30
0
210
0
220
0
230
1
  2
SOLID
 70
     1
 71
     1
 91
        1
 92
        7
 72
     0
 73
     1
 93
        4
 10
41.38469088552434
 20
-2.08504298737607
 10
41.58469088552433
 20
-2.08504298737607
 10
41.58469088552433
 20
-1.485042987376069
 10
41.38469088552434
 20
-1.485042987376069
 97
        4
330
145
330
147
330
148
330
CD
 75
     0
 76
     1
 47
0.0114448463927633
 98
        1
 10
41.46513197049303
 20
-1.780439275974175
1001
ACAD
1010
0
1020
0
1030
0
  0
LINE
  5
CD
102
{ACAD_REACTORS
330
81
330
CC
102
}
330
2
100
AcDbEntity
  8
0
100
AcDbLine
 10
43.33186503662078
 20
-1.485042987376069
 30
0
 11
41.38469088552434
 21
-1.485042987376069
 31
0
  0
LINE
  5
CE
330
2
100
AcDbEntity
  8
0
100
AcDbLine
 10
52.30917615118858
 20
-5.385042987376067
 30
0
 11
53.90917615118858
 21
-5.385042987376067
 31
0
  0
LINE
  5
CF
330
2
100
AcDbEntity
  8
0
100
AcDbLine
 10
52.50917615118858
 20
-5.585042987376063
 30
0
 11
53.90917615118858
 21
-5.585042987376063
 31
0
  0
LINE
  5
D0
330
2
100
AcDbEntity
  8
0
100
AcDbLine
 10
52.50917615118858
 20
-6.785042987376066
 30
0
 11
54.33010943651442
 21
-6.785042987376066
 31
0
  0
LINE
  5
D1
330
2
100
AcDbEntity
  8
0
100
AcDbLine
 10
52.50917615118858
 20
-6.985042987376062
 30
0
 11
54.33010943651442
 21
-6.985042987376062
 31
0
  0
HATCH
  5
D2
330
2
100
AcDbEntity
  8
0
100
AcDbHatch
 10
0
 20
0
 30
0
210
0
220
0
230
1
  2
SOLID
 70
     1
 71
     0
 91
        3
 92
        7
 72
     0
 73
     1
 93
        6
 10
56.27942611209045
 20
-8.385042987376067
 10
56.27942611209045
 20
-8.58504298737607
 10
57.60917615118858
 20
-8.58504298737607
 10
57.60917615118858
 20
-7.462094656376472
 10
57.40917615118858
 20
-7.462094656376472
 10
57.40917615118858
 20
-8.385042987376067
 97
        0
 92
        7
 72
     0
 73
     1
 93
       12
 10
54.66463413784181
 20
-8.385042987376067
 10
54.66463413784181
 20
-8.58504298737607
 10
55.67942611209045
 20
-8.585042987376063
 10
55.67942611209045
 20
-8.385042987376067
 10
55.33010943651442
 20
-8.385042987376067
 10
55.33010943651442
 20
-6.385042987376067
 10
55.13010943651442
 20
-6.385042987376067
 10
55.13010943651442
 20
-6.925009925255999
 10
55.13055026478206
 20
-6.925009925255999
 10
55.13055026478206
 20
-6.985042987376062
 10
55.13010943651442
 20
-6.985042987376062
 10
55.13010943651442
 20
-8.385042987376067
 97
        0
 92
        7
 72
     0
 73
     1
 93
        6
 10
54.90917615118858
 20
-5.385042987376067
 10
54.90917615118858
 20
-5.585042987376063
 10
57.40917615118858
 20
-5.585042987376063
 10
57.40917615118858
 20
-6.86209465637647
 10
57.60917615118858
 20
-6.86209465637647
 10
57.60917615118858
 20
-5.385042987376067
 97
        0
 75
     0
 76
     1
 47
0.0180858977326946
 98
        3
 10
57.15578123406254
 20
-8.522617338396842
 10
55.03973117733632
 20
-8.504513844183236
 10
56.48660302887183
 20
-5.49932192435152
1001
ACAD
1010
0
1020
0
1030
0
  0
LINE
  5
D3
330
2
100
AcDbEntity
  8
0
100
AcDbLine
 10
54.90917615118858
 20
-5.385042987376067
 30
0
 11
57.60917615118858
 21
-5.385042987376067
 31
0
  0
LINE
  5
D4
330
2
100
AcDbEntity
  8
0
100
AcDbLine
 10
54.90917615118858
 20
-5.585042987376063
 30
0
 11
57.40917615118858
 21
-5.585042987376063
 31
0
  0
LINE
  5
D5
330
2
100
AcDbEntity
  8
0
100
AcDbLine
 10
57.60917615118858
 20
-5.385042987376067
 30
0
 11
57.60917615118858
 21
-6.86209465637647
 31
0
  0
LINE
  5
D6
330
2
100
AcDbEntity
  8
0
100
AcDbLine
 10
57.60917615118858
 20
-7.462094656376472
 30
0
 11
57.60917615118858
 21
-8.585042987376063
 31
0
  0
LINE
  5
D7
330
2
100
AcDbEntity
  8
0
100
AcDbLine
 10
57.40917615118858
 20
-5.585042987376063
 30
0
 11
57.40917615118858
 21
-6.86209465637647
 31
0
  0
LINE
  5
D8
330
2
100
AcDbEntity
  8
0
100
AcDbLine
 10
57.40917615118858
 20
-7.462094656376472
 30
0
 11
57.40917615118858
 21
-8.385042987376067
 31
0
  0
LINE
  5
D9
330
2
100
AcDbEntity
  8
0
100
AcDbLine
 10
57.40917615118858
 20
-8.385042987376067
 30
0
 11
56.27942611209045
 21
-8.385042987376067
 31
0
  0
HATCH
  5
DA
330
2
100
AcDbEntity
  8
0
100
AcDbHatch
 10
0
 20
0
 30
0
210
0
220
0
230
1
  2
SOLID
 70
     1
 71
     0
 91
        1
 92
        7
 72
     0
 73
     1
 93
       20
 10
54.06463413784181
 20
-8.385042987376067
 10
53.93080521536237
 20
-8.385042987376067
 10
53.93080521536238
 20
-8.525697708166973
 10
53.93358888359494
 20
-8.525697708166973
 10
53.93358888359494
 20
-8.555370347771657
 10
53.93080521536238
 20
-8.555370347771657
 10
53.93080521536238
 20
-8.58504298737607
 10
54.06463413784181
 20
-8.58504298737607
 10
54.66463413784181
 20
-8.58504298737607
 10
55.67942611209045
 20
-8.58504298737607
 10
55.67942611209045
 20
-8.385042987376067
 10
55.33010943651442
 20
-8.385042987376067
 10
55.33010943651442
 20
-6.385042987376067
 10
55.13010943651442
 20
-6.385042987376067
 10
55.13010943651442
 20
-6.925009925255999
 10
55.13055026478206
 20
-6.925009925255999
 10
55.13055026478206
 20
-6.985042987376062
 10
55.13010943651442
 20
-6.985042987376062
 10
55.13010943651442
 20
-8.385042987376067
 10
54.66463413784181
 20
-8.385042987376067
 97
        0
 75
     0
 76
     1
 47
0.005058686618059818
 98
        1
 10
54.27995543037738
 20
-8.555137915594457
1001
ACAD
1010
0
1020
0
1030
0
  0
LINE
  5
DB
330
2
100
AcDbEntity
  8
0
100
AcDbLine
 10
55.67942611209045
 20
-8.385042987376067
 30
0
 11
55.33010943651442
 21
-8.385042987376067
 31
0
  0
LINE
  5
DC
330
2
100
AcDbEntity
  8
0
100
AcDbLine
 10
55.13010943651442
 20
-8.385042987376067
 30
0
 11
54.66463413784181
 21
-8.385042987376067
 31
0
  0
LINE
  5
DD
330
2
100
AcDbEntity
  8
0
100
AcDbLine
 10
54.06463413784181
 20
-8.385042987376067
 30
0
 11
52.50917615118858
 21
-8.385042987376067
 31
0
  0
LINE
  5
DE
330
2
100
AcDbEntity
  8
0
100
AcDbLine
 10
57.60917615118858
 20
-8.58504298737607
 30
0
 11
56.27942611209045
 21
-8.58504298737607
 31
0
  0
LINE
  5
DF
330
2
100
AcDbEntity
  8
0
100
AcDbLine
 10
55.67942611209045
 20
-8.58504298737607
 30
0
 11
54.66463413784181
 21
-8.58504298737607
 31
0
  0
LINE
  5
E0
330
2
100
AcDbEntity
  8
0
100
AcDbLine
 10
54.06463413784181
 20
-8.58504298737607
 30
0
 11
52.20917615118858
 21
-8.58504298737607
 31
0
  0
LINE
  5
E1
330
2
100
AcDbEntity
  8
0
100
AcDbLine
 10
55.33010943651442
 20
-6.385042987376067
 30
0
 11
55.33010943651442
 21
-8.385042987376067
 31
0
  0
LINE
  5
E2
330
2
100
AcDbEntity
  8
0
100
AcDbLine
 10
55.13010943651442
 20
-6.385042987376067
 30
0
 11
55.13010943651442
 21
-8.385042987376067
 31
0
  0
LINE
  5
E3
330
2
100
AcDbEntity
  8
0
100
AcDbLine
 10
46.10917615118858
 20
-2.385042987376067
 30
0
 11
51.70917615118858
 21
-2.385042987376067
 31
0
  0
LINE
  5
E4
330
2
100
AcDbEntity
  8
0
100
AcDbLine
 10
46.30917615118858
 20
-2.58504298737607
 30
0
 11
51.50917615118858
 21
-2.58504298737607
 31
0
  0
LINE
  5
E5
330
2
100
AcDbEntity
  8
0
100
AcDbLine
 10
51.70917615118858
 20
-2.385042987376067
 30
0
 11
51.70917615118858
 21
-2.79228126437053
 31
0
  0
LINE
  5
E6
330
2
100
AcDbEntity
  8
0
100
AcDbLine
 10
51.50917615118858
 20
-2.58504298737607
 30
0
 11
51.50917615118858
 21
-2.992281264370533
 31
0
  0
LINE
  5
E7
330
2
100
AcDbEntity
  8
0
100
AcDbLine
 10
51.70917615118858
 20
-2.79228126437053
 30
0
 11
52.10917615118858
 21
-2.79228126437053
 31
0
  0
LINE
  5
E8
330
2
100
AcDbEntity
  8
0
100
AcDbLine
 10
51.50917615118858
 20
-2.992281264370533
 30
0
 11
52.10917615118858
 21
-2.992281264370533
 31
0
  0
HATCH
  5
E9
330
2
100
AcDbEntity
  8
0
100
AcDbHatch
 10
0
 20
0
 30
0
210
0
220
0
230
1
  2
ANGLE
 70
     0
 71
     0
 91
        2
 92
        7
 72
     1
 73
     1
 93
       12
 10
55.30917615118858
 20
1.914957012623923
 42
0
 10
55.30917615118858
 20
-0.485042987376076
 42
0
 10
55.2693025332053
 20
-0.485042987376076
 42
0
 10
55.2693025332053
 20
-0.5251272420538626
 42
-0.4142135623730958
 10
55.95073486272761
 20
-1.206559571576179
 42
0
 10
55.95073486272761
 20
-1.246643826253973
 42
0
 10
55.2693025332053
 20
-1.246643826253973
 42
0
 10
55.2693025332053
 20
-1.285042987376073
 42
0
 10
56.40917615118858
 20
-1.285042987376066
 42
0
 10
56.40917615118858
 20
-0.07832121400723224
 42
0
 10
56.40917615118858
 20
0.7216787859927649
 42
0
 10
56.40917615118858
 20
1.91495701262393
 42
0
 97
        0
 92
       24
 93
        4
 72
     1
 10
55.61953174790599
 20
-0.1075367602901736
 11
55.61953174790599
 21
0.585369106012692
 72
     1
 10
55.61953174790599
 20
0.585369106012692
 11
55.92280596345852
 21
0.585369106012692
 72
     1
 10
55.92280596345852
 20
0.585369106012692
 11
55.92280596345852
 21
-0.1075367602901736
 72
     1
 10
55.92280596345852
 20
-0.1075367602901736
 11
55.619531747906
 21
-0.1075367602901735
 97
        0
 75
     0
 76
     1
 52
90
 41
1.25
 77
     0
 78
     2
 53
90
 43
44.94309533381599
 44
-14.41598369385282
 45
-0.34375
 46
2.104861686034513E-17
 79
     2
 49
0.25
 49
-0.09375
 53
180
 43
44.94309533381599
 44
-14.41598369385282
 45
-4.209723372069027E-17
 46
-0.34375
 79
     2
 49
0.25
 49
-0.09375
 47
0.01933578437460586
 98
        1
 10
55.55603159475244
 20
1.152108216682791
1001
ACAD
1010
0
1020
0
1030
0
  0
LINE
  5
EA
330
2
100
AcDbEntity
  8
0
100
AcDbLine
 10
55.20917615118859
 20
-1.285042987376073
 30
0
 11
56.40917615118858
 21
-1.285042987376073
 31
0
  0
HATCH
  5
EB
330
2
100
AcDbEntity
  8
0
100
AcDbHatch
 10
0
 20
0
 30
0
210
0
220
0
230
1
  2
SOLID
 70
     1
 71
     1
 91
        1
 92
        7
 72
     0
 73
     1
 93
       10
 10
53.7444391990421
 20
2.114957012623933
 10
53.7444391990421
 20
1.91495701262393
 10
55.10917615118858
 20
1.91495701262393
 10
55.10917615118858
 20
-0.4850429873760689
 10
55.30917615118858
 20
-0.4850429873760764
 10
55.30917615118858
 20
1.91495701262393
 10
56.40917615118858
 20
1.91495701262393
 10
56.40917615118858
 20
0.7216787859927649
 10
56.60917615118858
 20
0.7216787859927649
 10
56.60917615118858
 20
2.114957012623933
 97
       10
330
124
330
F6
330
110
330
EC
330
10F
330
F5
330
F0
330
113
330
EE
330
F1
 75
     0
 76
     1
 47
0.01994093267226583
 98
        1
 10
55.20766889382465
 20
2.011419123498982
1001
ACAD
1010
0
1020
0
1030
0
  0
LINE
  5
EC
102
{ACAD_REACTORS
330
EB
102
}
330
2
100
AcDbEntity
  8
0
100
AcDbLine
 10
55.10917615118858
 20
-0.4850429873760689
 30
0
 11
55.30917615118858
 21
-0.485042987376076
 31
0
  0
LINE
  5
ED
330
2
100
AcDbEntity
  8
0
100
AcDbLine
 10
56.60917615118858
 20
-1.485042987376069
 30
0
 11
56.60917615118858
 21
-0.07832121400723224
 31
0
  0
LINE
  5
EE
102
{ACAD_REACTORS
330
EB
102
}
330
2
100
AcDbEntity
  8
0
100
AcDbLine
 10
56.60917615118858
 20
0.7216787859927649
 30
0
 11
56.60917615118858
 21
2.114957012623933
 31
0
  0
LINE
  5
EF
330
2
100
AcDbEntity
  8
0
100
AcDbLine
 10
56.40917615118858
 20
-1.285042987376073
 30
0
 11
56.40917615118858
 21
-0.07832121400723224
 31
0
  0
LINE
  5
F0
102
{ACAD_REACTORS
330
EB
102
}
330
2
100
AcDbEntity
  8
0
100
AcDbLine
 10
56.40917615118858
 20
0.7216787859927649
 30
0
 11
56.40917615118858
 21
1.91495701262393
 31
0
  0
LINE
  5
F1
102
{ACAD_REACTORS
330
EB
102
}
330
2
100
AcDbEntity
  8
0
100
AcDbLine
 10
56.60917615118858
 20
2.114957012623933
 30
0
 11
53.7444391990421
 21
2.114957012623933
 31
0
  0
LINE
  5
F2
330
2
100
AcDbEntity
  8
0
100
AcDbLine
 10
52.5444391990421
 20
2.114957012623933
 30
0
 11
46.98499982427268
 21
2.114957012623933
 31
0
  0
LINE
  5
F3
330
2
100
AcDbEntity
  8
0
100
AcDbLine
 10
46.38499982427269
 20
2.114957012623933
 30
0
 11
43.81470209994475
 21
2.114957012623933
 31
0
  0
LINE
  5
F4
102
{ACAD_REACTORS
330
81
102
}
330
2
100
AcDbEntity
  8
0
100
AcDbLine
 10
43.21470209994474
 20
2.114957012623933
 30
0
 11
40.74469088552434
 21
2.114957012623933
 31
0
  0
LINE
  5
F5
102
{ACAD_REACTORS
330
EB
102
}
330
2
100
AcDbEntity
  8
0
100
AcDbLine
 10
56.40917615118858
 20
1.91495701262393
 30
0
 11
55.30917615118858
 21
1.91495701262393
 31
0
  0
LINE
  5
F6
102
{ACAD_REACTORS
330
EB
102
}
330
2
100
AcDbEntity
  8
0
100
AcDbLine
 10
55.10917615118858
 20
1.91495701262393
 30
0
 11
53.7444391990421
 21
1.91495701262393
 31
0
  0
LINE
  5
F7
330
2
100
AcDbEntity
  8
0
100
AcDbLine
 10
52.5444391990421
 20
1.91495701262393
 30
0
 11
50.086669199547
 21
1.91495701262393
 31
0
  0
LINE
  5
F8
330
2
100
AcDbEntity
  8
0
100
AcDbLine
 10
49.88666919954699
 20
1.91495701262393
 30
0
 11
46.98499982427268
 21
1.91495701262393
 31
0
  0
LINE
  5
F9
330
2
100
AcDbEntity
  8
0
100
AcDbLine
 10
46.38499982427268
 20
1.91495701262393
 30
0
 11
45.49737081123288
 21
1.91495701262393
 31
0
  0
LINE
  5
FA
330
2
100
AcDbEntity
  8
0
100
AcDbLine
 10
45.29737081123289
 20
1.91495701262393
 30
0
 11
43.81470209994475
 21
1.91495701262393
 31
0
  0
LINE
  5
FB
102
{ACAD_REACTORS
330
81
102
}
330
2
100
AcDbEntity
  8
0
100
AcDbLine
 10
43.21470209994474
 20
1.91495701262393
 30
0
 11
40.84469088552433
 21
1.91495701262393
 31
0
  0
LINE
  5
FC
330
2
100
AcDbEntity
  8
0
100
AcDbLine
 10
50.086669199547
 20
-1.485042987376069
 30
0
 11
50.086669199547
 21
1.91495701262393
 31
0
  0
LINE
  5
FD
330
2
100
AcDbEntity
  8
0
100
AcDbLine
 10
49.88666919954699
 20
-1.485042987376069
 30
0
 11
49.886669199547
 21
1.91495701262393
 31
0
  0
LINE
  5
FE
330
2
100
AcDbEntity
  8
0
100
AcDbLine
 10
45.49737081123288
 20
-1.285042987376073
 30
0
 11
45.49737081123288
 21
1.91495701262393
 31
0
  0
LINE
  5
FF
330
2
100
AcDbEntity
  8
0
100
AcDbLine
 10
45.29737081123289
 20
-1.285042987376073
 30
0
 11
45.29737081123289
 21
1.91495701262393
 31
0
  0
LINE
  5
100
330
2
100
AcDbEntity
  8
0
100
AcDbLine
 10
50.886669199547
 20
-1.485042987376069
 30
0
 11
50.886669199547
 21
-1.285042987376073
 31
0
  0
LINE
  5
101
330
2
100
AcDbEntity
  8
0
100
AcDbLine
 10
50.086669199547
 20
-1.485042987376069
 30
0
 11
49.88666919954699
 21
-1.485042987376069
 31
0
  0
LINE
  5
102
330
2
100
AcDbEntity
  8
0
100
AcDbLine
 10
49.086669199547
 20
-1.485042987376069
 30
0
 11
49.086669199547
 21
-1.285042987376073
 31
0
  0
LINE
  5
103
330
2
100
AcDbEntity
  8
0
100
AcDbLine
 10
44.13186503662077
 20
-1.485042987376069
 30
0
 11
44.13186503662077
 21
-1.285042987376073
 31
0
  0
LINE
  5
104
102
{ACAD_REACTORS
330
81
102
}
330
2
100
AcDbEntity
  8
0
100
AcDbLine
 10
43.33186503662078
 20
-1.485042987376069
 30
0
 11
43.33186503662078
 21
-1.285042987376073
 31
0
  0
LINE
  5
105
102
{ACAD_REACTORS
330
91
102
}
330
2
100
AcDbEntity
  8
0
100
AcDbLine
 10
45.32469088552433
 20
-5.08504298737607
 30
0
 11
45.32469088552433
 21
-4.885042987376067
 31
0
  0
LINE
  5
106
102
{ACAD_REACTORS
330
8A
102
}
330
2
100
AcDbEntity
  8
0
100
AcDbLine
 10
41.58469088552433
 20
-3.924396173120201
 30
0
 11
41.38469088552433
 21
-3.924396173120201
 31
0
  0
LINE
  5
107
330
2
100
AcDbEntity
  8
0
100
AcDbLine
 10
49.95917615118858
 20
-5.08504298737607
 30
0
 11
49.95917615118858
 21
-4.885042987376067
 31
0
  0
LINE
  5
108
330
2
100
AcDbEntity
  8
0
100
AcDbLine
 10
50.85917615118858
 20
-5.08504298737607
 30
0
 11
50.85917615118858
 21
-4.885042987376067
 31
0
  0
LINE
  5
109
330
2
100
AcDbEntity
  8
0
100
AcDbLine
 10
52.10917615118858
 20
-2.385042987376067
 30
0
 11
52.30917615118858
 21
-2.385042987376067
 31
0
  0
LINE
  5
10A
330
2
100
AcDbEntity
  8
0
100
AcDbLine
 10
53.10917615118858
 20
-4.485042987376069
 30
0
 11
53.10917615118858
 21
-4.285042987376073
 31
0
  0
LINE
  5
10B
330
2
100
AcDbEntity
  8
0
100
AcDbLine
 10
54.90917615118858
 20
-5.585042987376063
 30
0
 11
54.90917615118858
 21
-5.385042987376067
 31
0
  0
LINE
  5
10C
330
2
100
AcDbEntity
  8
0
100
AcDbLine
 10
55.33010943651442
 20
-6.385042987376067
 30
0
 11
55.13010943651442
 21
-6.385042987376067
 31
0
  0
LINE
  5
10D
330
2
100
AcDbEntity
  8
0
100
AcDbLine
 10
54.33010943651442
 20
-6.985042987376062
 30
0
 11
54.33010943651442
 21
-6.785042987376066
 31
0
  0
LINE
  5
10E
330
2
100
AcDbEntity
  8
0
100
AcDbLine
 10
53.90917615118858
 20
-5.585042987376063
 30
0
 11
53.90917615118858
 21
-5.385042987376067
 31
0
  0
LINE
  5
10F
102
{ACAD_REACTORS
330
EB
102
}
330
2
100
AcDbEntity
  8
0
100
AcDbLine
 10
55.30917615118858
 20
-0.485042987376076
 30
0
 11
55.30917615118858
 21
1.91495701262393
 31
0
  0
LINE
  5
110
102
{ACAD_REACTORS
330
EB
102
}
330
2
100
AcDbEntity
  8
0
100
AcDbLine
 10
55.10917615118858
 20
-0.485042987376076
 30
0
 11
55.10917615118858
 21
1.91495701262393
 31
0
  0
HATCH
  5
111
330
2
100
AcDbEntity
  8
0
100
AcDbHatch
 10
0
 20
0
 30
0
210
0
220
0
230
1
  2
ANGLE
 70
     0
 71
     0
 91
        1
 92
        7
 72
     1
 73
     1
 93
       10
 10
55.26930253320567
 20
-0.5251272420538626
 42
0
 10
55.2292182785275
 20
-0.5251272420538413
 42
0
 10
55.2292182785275
 20
-0.5451693693927382
 42
0
 10
55.20917615118859
 20
-0.5451693693927098
 42
0
 10
55.20917615118863
 20
-1.226601698915076
 42
0
 10
55.2292182785275
 20
-1.226601698915076
 42
0
 10
55.2292182785275
 20
-1.246643826253973
 42
0
 10
55.2693025332053
 20
-1.246643826253973
 42
0
 10
55.2693025332053
 20
-1.206559571576179
 42
0
 10
55.95073486272761
 20
-1.206559571576179
 42
0.4142135623729316
 97
        0
 75
     0
 76
     1
 52
90
 41
1.25
 77
     0
 78
     2
 53
90
 43
44.94309533381599
 44
-14.41598369385282
 45
-0.34375
 46
2.104861686034513E-17
 79
     2
 49
0.25
 49
-0.09375
 53
180
 43
44.94309533381599
 44
-14.41598369385282
 45
-4.209723372069027E-17
 46
-0.34375
 79
     2
 49
0.25
 49
-0.09375
 47
0.01324641671520592
 98
        1
 10
55.49871821647615
 20
-0.7612843786440635
1001
ACAD
1010
0
1020
0
1030
0
  0
LINE
  5
112
330
2
100
AcDbEntity
  8
0
100
AcDbLine
 10
56.40917615118858
 20
-0.07832121400723224
 30
0
 11
56.60917615118858
 21
-0.07832121400723224
 31
0
  0
LINE
  5
113
102
{ACAD_REACTORS
330
EB
102
}
330
2
100
AcDbEntity
  8
0
100
AcDbLine
 10
56.40917615118859
 20
0.7216787859927649
 30
0
 11
56.60917615118858
 21
0.7216787859927649
 31
0
  0
LINE
  5
114
330
2
100
AcDbEntity
  8
0
100
AcDbLine
 10
55.67942611209045
 20
-8.385042987376067
 30
0
 11
55.67942611209045
 21
-8.58504298737607
 31
0
  0
LINE
  5
115
330
2
100
AcDbEntity
  8
0
100
AcDbLine
 10
56.27942611209045
 20
-8.385042987376067
 30
0
 11
56.27942611209045
 21
-8.58504298737607
 31
0
  0
LINE
  5
116
330
2
100
AcDbEntity
  8
0
100
AcDbLine
 10
57.60917615118858
 20
-6.86209465637647
 30
0
 11
57.40917615118858
 21
-6.86209465637647
 31
0
  0
LINE
  5
117
330
2
100
AcDbEntity
  8
0
100
AcDbLine
 10
57.60917615118858
 20
-7.462094656376472
 30
0
 11
57.40917615118858
 21
-7.462094656376472
 31
0
  0
LINE
  5
118
330
2
100
AcDbEntity
  8
0
100
AcDbLine
 10
53.93080521536237
 20
-8.385042987376067
 30
0
 11
53.93080521536238
 21
-8.58504298737607
 31
0
  0
LINE
  5
119
330
2
100
AcDbEntity
  8
0
100
AcDbLine
 10
53.33080521536237
 20
-8.385042987376067
 30
0
 11
53.33080521536237
 21
-8.58504298737607
 31
0
  0
LINE
  5
11A
102
{ACAD_REACTORS
330
91
102
}
330
2
100
AcDbEntity
  8
0
100
AcDbLine
 10
51.55022083822014
 20
-8.385042987376067
 30
0
 11
51.55022083822014
 21
-8.58504298737607
 31
0
  0
HATCH
  5
11B
330
2
100
AcDbEntity
  8
0
100
AcDbHatch
 10
0
 20
0
 30
0
210
0
220
0
230
1
  2
SOLID
 70
     1
 71
     1
 91
        1
 92
        7
 72
     0
 73
     1
 93
        4
 10
40.84469088552434
 20
1.324957012623926
 10
40.64469088552433
 20
1.324957012623933
 10
40.64469088552433
 20
0.1249570126239306
 10
40.84469088552433
 20
0.1249570126239306
 97
        4
330
144
330
11C
330
143
330
11D
 75
     0
 76
     1
 47
0.01394205291870515
 98
        1
 10
40.75907404638366
 20
0.7256664318070989
1001
ACAD
1010
0
1020
0
1030
0
  0
LINE
  5
11C
102
{ACAD_REACTORS
330
81
330
11B
102
}
330
2
100
AcDbEntity
  8
0
100
AcDbLine
 10
40.84469088552433
 20
0.1249570126239306
 30
0
 11
40.64469088552433
 21
0.1249570126239306
 31
0
  0
LINE
  5
11D
102
{ACAD_REACTORS
330
81
330
11B
102
}
330
2
100
AcDbEntity
  8
0
100
AcDbLine
 10
40.84469088552433
 20
1.324957012623926
 30
0
 11
40.64469088552433
 21
1.324957012623933
 31
0
  0
LINE
  5
11E
102
{ACAD_REACTORS
330
81
102
}
330
2
100
AcDbEntity
  8
0
100
AcDbLine
 10
43.21470209994474
 20
2.114957012623933
 30
0
 11
43.21470209994474
 21
1.91495701262393
 31
0
  0
LINE
  5
11F
330
2
100
AcDbEntity
  8
0
100
AcDbLine
 10
43.81470209994475
 20
2.114957012623933
 30
0
 11
43.81470209994475
 21
1.91495701262393
 31
0
  0
LINE
  5
120
330
2
100
AcDbEntity
  8
0
100
AcDbLine
 10
46.38499982427268
 20
2.114957012623933
 30
0
 11
46.38499982427268
 21
1.91495701262393
 31
0
  0
LINE
  5
121
330
2
100
AcDbEntity
  8
0
100
AcDbLine
 10
46.98499982427268
 20
2.114957012623933
 30
0
 11
46.98499982427268
 21
1.91495701262393
 31
0
  0
LINE
  5
122
330
2
100
AcDbEntity
  8
0
100
AcDbLine
 10
52.5444391990421
 20
2.114957012623933
 30
0
 11
52.5444391990421
 21
1.91495701262393
 31
0
  0
LINE
  5
123
330
2
100
AcDbEntity
  8
0
100
AcDbLine
 10
53.7444391990421
 20
2.114957012623933
 30
0
 11
53.7444391990421
 21
1.91495701262393
 31
0
  0
LINE
  5
124
102
{ACAD_REACTORS
330
EB
102
}
330
2
100
AcDbEntity
  8
0
100
AcDbLine
 10
53.7444391990421
 20
2.114957012623933
 30
0
 11
53.7444391990421
 21
1.91495701262393
 31
0
  0
LINE
  5
125
330
2
100
AcDbEntity
  8
0
100
AcDbLine
 10
39.04469088552433
 20
2.114957012623933
 30
0
 11
38.54469088552433
 21
2.114957012623933
 31
0
  0
LINE
  5
126
102
{ACAD_REACTORS
330
9E
102
}
330
2
100
AcDbEntity
  8
0
100
AcDbLine
 10
38.74469088552434
 20
1.91495701262393
 30
0
 11
38.74469088552433
 21
-3.460691028195484
 31
0
  0
LINE
  5
127
330
2
100
AcDbEntity
  8
0
100
AcDbLine
 10
38.54469088552433
 20
2.114957012623933
 30
0
 11
38.54469088552433
 21
-3.660691028195487
 31
0
  0
LINE
  5
128
102
{ACAD_REACTORS
330
9E
102
}
330
2
100
AcDbEntity
  8
0
100
AcDbLine
 10
38.74469088552433
 20
-3.460691028195484
 30
0
 11
39.04469088552433
 21
-3.460691028195484
 31
0
  0
LINE
  5
129
330
2
100
AcDbEntity
  8
0
100
AcDbLine
 10
38.54469088552433
 20
-3.660691028195487
 30
0
 11
39.24469088552433
 21
-3.66069102819548
 31
0
  0
LINE
  5
12A
102
{ACAD_REACTORS
330
96
102
}
330
2
100
AcDbEntity
  8
0
100
AcDbLine
 10
39.04469088552433
 20
-4.560691028195485
 30
0
 11
39.24469088552434
 21
-4.560691028195478
 31
0
  0
LINE
  5
12B
102
{ACAD_REACTORS
330
96
102
}
330
2
100
AcDbEntity
  8
0
100
AcDbLine
 10
39.04469088552433
 20
-4.760691028195481
 30
0
 11
39.24469088552434
 21
-4.760691028195481
 31
0
  0
LINE
  5
12C
102
{ACAD_REACTORS
330
8A
330
A1
102
}
330
2
100
AcDbEntity
  8
0
100
AcDbLine
 10
42.14469088552433
 20
-8.58504298737607
 30
0
 11
39.24469088552433
 21
-8.58504298737607
 31
0
  0
LINE
  5
12D
102
{ACAD_REACTORS
330
8A
102
}
330
2
100
AcDbEntity
  8
0
100
AcDbLine
 10
42.14469088552433
 20
-8.385042987376067
 30
0
 11
41.58469088552433
 21
-8.385042987376067
 31
0
  0
LINE
  5
12E
102
{ACAD_REACTORS
330
A1
102
}
330
2
100
AcDbEntity
  8
0
100
AcDbLine
 10
41.38469088552433
 20
-8.38504298737606
 30
0
 11
39.24469088552433
 21
-8.385042987376067
 31
0
  0
LINE
  5
12F
102
{ACAD_REACTORS
330
91
102
}
330
2
100
AcDbEntity
  8
0
100
AcDbLine
 10
47.50738769951344
 20
-8.58504298737607
 30
0
 11
46.30738769951344
 21
-8.58504298737607
 31
0
  0
LINE
  5
130
102
{ACAD_REACTORS
330
91
102
}
330
2
100
AcDbEntity
  8
0
100
AcDbLine
 10
47.50738769951344
 20
-8.385042987376067
 30
0
 11
46.30738769951344
 21
-8.385042987376067
 31
0
  0
LINE
  5
131
102
{ACAD_REACTORS
330
91
102
}
330
2
100
AcDbEntity
  8
0
100
AcDbLine
 10
51.55022083822014
 20
-8.58504298737607
 30
0
 11
50.35022083822015
 21
-8.58504298737607
 31
0
  0
LINE
  5
132
102
{ACAD_REACTORS
330
91
102
}
330
2
100
AcDbEntity
  8
0
100
AcDbLine
 10
51.55022083822014
 20
-8.385042987376067
 30
0
 11
50.35022083822015
 21
-8.385042987376067
 31
0
  0
LINE
  5
133
330
2
100
AcDbEntity
  8
0
100
AcDbLine
 10
54.66463413784181
 20
-8.58504298737607
 30
0
 11
54.06463413784181
 21
-8.58504298737607
 31
0
  0
LINE
  5
134
330
2
100
AcDbEntity
  8
0
100
AcDbLine
 10
54.66463413784181
 20
-8.385042987376067
 30
0
 11
54.06463413784181
 21
-8.385042987376067
 31
0
  0
LINE
  5
135
330
2
100
AcDbEntity
  8
0
100
AcDbLine
 10
56.27942611209045
 20
-8.58504298737607
 30
0
 11
55.67942611209045
 21
-8.58504298737607
 31
0
  0
LINE
  5
136
330
2
100
AcDbEntity
  8
0
100
AcDbLine
 10
56.27942611209045
 20
-8.385042987376067
 30
0
 11
55.67942611209045
 21
-8.385042987376067
 31
0
  0
LINE
  5
137
330
2
100
AcDbEntity
  8
0
100
AcDbLine
 10
57.60917615118858
 20
-7.462094656376472
 30
0
 11
57.60917615118858
 21
-6.86209465637647
 31
0
  0
LINE
  5
138
330
2
100
AcDbEntity
  8
0
100
AcDbLine
 10
57.40917615118858
 20
-7.462094656376472
 30
0
 11
57.40917615118858
 21
-6.86209465637647
 31
0
  0
LINE
  5
139
330
2
100
AcDbEntity
  8
0
100
AcDbLine
 10
55.30917615118858
 20
-2.08504298737607
 30
0
 11
55.30917615118858
 21
-1.485042987376069
 31
0
  0
LINE
  5
13A
330
2
100
AcDbEntity
  8
0
100
AcDbLine
 10
55.10917615118858
 20
-2.08504298737607
 30
0
 11
55.10917615118858
 21
-1.485042987376069
 31
0
  0
LINE
  5
13B
330
2
100
AcDbEntity
  8
0
100
AcDbLine
 10
56.60917615118858
 20
-0.07832121400723224
 30
0
 11
56.60917615118858
 21
0.7216787859927649
 31
0
  0
LINE
  5
13C
330
2
100
AcDbEntity
  8
0
100
AcDbLine
 10
56.40917615118858
 20
-0.07832121400723224
 30
0
 11
56.40917615118858
 21
0.7216787859927649
 31
0
  0
LINE
  5
13D
330
2
100
AcDbEntity
  8
0
100
AcDbLine
 10
53.7444391990421
 20
1.91495701262393
 30
0
 11
52.5444391990421
 21
1.91495701262393
 31
0
  0
LINE
  5
13E
330
2
100
AcDbEntity
  8
0
100
AcDbLine
 10
53.7444391990421
 20
2.114957012623933
 30
0
 11
52.5444391990421
 21
2.114957012623933
 31
0
  0
LINE
  5
13F
330
2
100
AcDbEntity
  8
0
100
AcDbLine
 10
46.98499982427268
 20
1.91495701262393
 30
0
 11
46.38499982427268
 21
1.91495701262393
 31
0
  0
LINE
  5
140
330
2
100
AcDbEntity
  8
0
100
AcDbLine
 10
46.98499982427268
 20
2.114957012623933
 30
0
 11
46.38499982427268
 21
2.114957012623933
 31
0
  0
LINE
  5
141
330
2
100
AcDbEntity
  8
0
100
AcDbLine
 10
43.81470209994475
 20
1.91495701262393
 30
0
 11
43.21470209994474
 21
1.91495701262393
 31
0
  0
LINE
  5
142
330
2
100
AcDbEntity
  8
0
100
AcDbLine
 10
43.81470209994475
 20
2.114957012623933
 30
0
 11
43.21470209994474
 21
2.114957012623933
 31
0
  0
LINE
  5
143
102
{ACAD_REACTORS
330
11B
102
}
330
2
100
AcDbEntity
  8
0
100
AcDbLine
 10
40.84469088552433
 20
0.1249570126239306
 30
0
 11
40.84469088552434
 21
1.324957012623926
 31
0
  0
LINE
  5
144
102
{ACAD_REACTORS
330
11B
102
}
330
2
100
AcDbEntity
  8
0
100
AcDbLine
 10
40.64469088552433
 20
0.1249570126239306
 30
0
 11
40.64469088552433
 21
1.324957012623926
 31
0
  0
LINE
  5
145
102
{ACAD_REACTORS
330
CC
102
}
330
2
100
AcDbEntity
  8
0
100
AcDbLine
 10
41.38469088552434
 20
-1.485042987376069
 30
0
 11
41.38469088552434
 21
-2.08504298737607
 31
0
  0
HATCH
  5
146
330
2
100
AcDbEntity
  8
0
100
AcDbHatch
 10
0
 20
0
 30
0
210
0
220
0
230
1
  2
SOLID
 70
     1
 71
     1
 91
        1
 92
        7
 72
     0
 73
     1
 93
        4
 10
41.58469088552433
 20
-2.208787068571382
 10
41.58469088552433
 20
-2.08504298737607
 10
41.38469088552434
 20
-2.08504298737607
 10
41.38469088552434
 20
-2.208787068571382
 97
        4
330
759
330
75A
330
75B
330
147
 75
     0
 76
     1
 47
0.001630186798928618
 98
        1
 10
41.49515582062199
 20
-2.149567030765326
1001
ACAD
1010
0
1020
0
1030
0
  0
LINE
  5
147
102
{ACAD_REACTORS
330
CC
330
146
102
}
330
2
100
AcDbEntity
  8
0
100
AcDbLine
 10
41.38469088552434
 20
-2.08504298737607
 30
0
 11
41.58469088552433
 21
-2.08504298737607
 31
0
  0
LINE
  5
148
102
{ACAD_REACTORS
330
CC
102
}
330
2
100
AcDbEntity
  8
0
100
AcDbLine
 10
41.58469088552433
 20
-2.08504298737607
 30
0
 11
41.58469088552433
 21
-1.485042987376069
 31
0
  0
INSERT
  5
149
330
2
100
AcDbEntity
  8
VENTANAS
100
AcDbBlockReference
  2
ventana1
 10
53.7444391990421
 20
2.014957012623931
 30
0
 41
1.193207868207502
 42
1.193207868207502
 43
1.193207868207502
  0
INSERT
  5
154
330
2
100
AcDbEntity
  8
VENTANAS
100
AcDbBlockReference
  2
ventana1
 10
53.93358888359494
 20
-8.540534027969315
 30
0
 41
0.5934527920914359
 42
0.5934527920914359
 43
0.5934527920914359
  0
INSERT
  5
155
330
2
100
AcDbEntity
  8
VENTANAS
100
AcDbBlockReference
  2
ventana1
 10
56.27615250813616
 20
-8.540534027969315
 30
0
 41
0.5934527920914361
 42
0.5934527920914361
 43
0.5934527920914361
  0
INSERT
  5
156
330
2
100
AcDbEntity
  8
VENTANAS
100
AcDbBlockReference
  2
ventana1
 10
46.98172622031841
 20
2.070448053216914
 30
0
 41
0.5934527920914361
 42
0.5934527920914361
 43
0.5934527920914361
  0
INSERT
  5
157
330
2
100
AcDbEntity
  8
VENTANAS
100
AcDbBlockReference
  2
ventana1
 10
43.81142849599047
 20
2.070448053216914
 30
0
 41
0.5934527920914352
 42
0.5934527920914352
 43
0.5934527920914352
  0
INSERT
  5
158
330
2
100
AcDbEntity
  8
VENTANAS
100
AcDbBlockReference
  2
ventana1
 10
55.26466719178156
 20
-2.081769383421786
 30
0
 41
0.5934527920914405
 42
0.5934527920914405
 43
0.5934527920914405
 50
270
  0
INSERT
  5
159
330
2
100
AcDbEntity
  8
VENTANAS
100
AcDbBlockReference
  2
ventana1
 10
56.5507530587639
 20
-0.06970774762262977
 30
0
 41
0.7789745656596594
 42
0.7789745656596594
 43
0.7789745656596594
 50
270
  0
INSERT
  5
15A
330
2
100
AcDbEntity
  8
VENTANAS
100
AcDbBlockReference
  2
ventana1
 10
57.56267320325356
 20
-7.472108248803309
 30
0
 41
0.6200393057980591
 42
0.6200393057980591
 43
0.6200393057980591
 50
270
  0
MTEXT
  5
15B
330
2
100
AcDbEntity
  8
0
100
AcDbMText
 10
55.33749668633742
 20
0.5165921097386672
 30
0
210
0
220
0
230
1
 11
1
 21
-2.449293598294706E-16
 31
0
 40
0.2
 41
1.128527356371251
 46
0
 71
     1
 72
     5
  1
{\fArial|b0|i0|c0|p34;bathroom}
  7
Standard
 73
     1
 44
1
101
Embedded Object
 70
     1
 10
55.33749668633742
 20
0.5165921097386672
 30
0
 11
1
 21
-2.449293598294706E-16
 31
0
 40
1.128527356371251
 41
0
 42
0.2032742155525239
 43
1.144065484311051
 71
     0
  0
MTEXT
  5
15C
330
2
100
AcDbEntity
  8
0
100
AcDbMText
 10
55.97427596786937
 20
-6.955422768306235
 30
0
210
0
220
0
230
1
 11
0.9999880178086246
 21
0.004895328301382662
 31
0
 40
0.2
 41
1.128527356371251
 46
0
 71
     1
 72
     5
  1
{\fArial|b0|i0|c0|p34;store}
  7
Standard
 73
     1
 44
1
101
Embedded Object
 70
     1
 10
55.97427596786937
 20
-6.955422768306235
 30
0
 11
0.9999880178086246
 21
0.004895328301382662
 31
0
 40
1.128527356371251
 41
0
 42
0.2032742155525239
 43
0.6009549795361527
 71
     0
  0
MTEXT
  5
15E
330
2
100
AcDbEntity
  8
0
100
AcDbMText
 10
48.29906385685913
 20
-3.764044795624599
 30
0
210
0
220
0
230
1
 11
1
 21
-2.449293598294706E-16
 31
0
 40
0.2
 41
1.128527356371251
 46
0
 71
     1
 72
     5
  1
{\fArial|b0|i0|c0|p34;Kitchen}
  7
Standard
 73
     1
 44
1
101
Embedded Object
 70
     1
 10
48.29906385685913
 20
-3.764044795624599
 30
0
 11
1
 21
-2.449293598294706E-16
 31
0
 40
1.128527356371251
 41
0
 42
0.2032742155525239
 43
0.8922237380627559
 71
     0
  0
LINE
  5
15F
330
2
100
AcDbEntity
  8
MURO-NO SEC
100
AcDbLine
 10
51.56782124336918
 20
-2.99026771752132
 30
0
 11
51.5678212433701
 21
-4.289455469342428
 31
0
  0
INSERT
  5
163
330
2
100
AcDbEntity
  8
CERR
100
AcDbBlockReference
  2
PC40
 10
-51.5678212433701
 20
-4.289455469342428
 30
0
 41
-1.623984689776364
 42
1.623984689776364
 43
-1.623984689776364
 50
270
210
0
220
0
230
-1
  0
INSERT
  5
170
330
2
100
AcDbEntity
  8
CERR
100
AcDbBlockReference
  2
PC40
 10
51.5678212433701
 20
-2.99026771752132
 30
0
 41
-1.623984689776364
 42
1.623984689776364
 43
1.623984689776364
 50
90
  0
LINE
  5
171
330
2
100
AcDbEntity
  8
MURO-NO SEC
100
AcDbLine
 10
53.15733124372572
 20
-6.783490344866479
 30
0
 11
53.15733124372487
 21
-5.585042987376063
 31
0
  0
INSERT
  5
172
330
2
100
AcDbEntity
  8
CERR
100
AcDbBlockReference
  2
PC40
 10
-53.15733124372487
 20
-5.585042987376063
 30
0
 41
-1.498059196862997
 42
1.498059196862993
 43
-1.498059196862997
 50
90
210
0
220
0
230
-1
  0
INSERT
  5
173
330
2
100
AcDbEntity
  8
CERR
100
AcDbBlockReference
  2
PC40
 10
53.15733124372487
 20
-6.783490344866479
 30
0
 41
-1.498059196862997
 42
1.498059196862993
 43
1.498059196862993
 50
270
  0
INSERT
  5
174
330
2
100
AcDbEntity
  8
CERR
100
AcDbBlockReference
  2
PC40
 10
-51.70769824348894
 20
-2.468560167552241
 30
0
 41
-0.5018473846245408
 42
0.5018473846245416
 43
-0.5018473846245408
210
0
220
0
230
-1
  0
INSERT
  5
175
330
2
100
AcDbEntity
  8
CERR
100
AcDbBlockReference
  2
PC40
 10
52.10917615118858
 20
-2.468560167552241
 30
0
 41
-0.5018473846245409
 42
0.5018473846245416
 43
0.5018473846245417
  0
INSERT
  5
176
330
2
100
AcDbEntity
  8
MOB-FIJO
100
AcDbBlockReference
  2
b-01
 10
53.9067598018487
 20
-8.379063276416893
 30
0
 41
-0.009999999999990905
 42
0.009999999999990905
 43
0.01
 50
180
  0
INSERT
  5
199
330
2
100
AcDbEntity
  8
MOB-FIJO
100
AcDbBlockReference
  2
b-04
 10
54.68393974518916
 20
-8.395009213225393
 30
0
 41
0.009999999999990905
 42
0.009999999999990905
 43
0.009999999999990905
 50
180
  0
LINE
  5
1AD
330
2
100
AcDbEntity
  8
MURO-NO SEC
100
AcDbLine
 10
53.28690516059194
 20
-8.385042920538261
 30
0
 11
53.28690516059194
 21
-6.985042987376062
 31
0
  0
CIRCLE
  5
1AE
330
2
100
AcDbEntity
  8
MOB-FIJO
100
AcDbCircle
 10
52.93690516059203
 20
-7.724422834672524
 30
0
 40
0.02271860975342932
  0
LINE
  5
1AF
330
2
100
AcDbEntity
  8
MOB-FIJO
100
AcDbLine
 10
52.96939026486333
 20
-7.775470855670406
 30
0
 11
53.16385242226252
 21
-8.081054245869282
 31
0
  0
LINE
  5
1B0
330
2
100
AcDbEntity
  8
MOB-FIJO
100
AcDbLine
 10
52.70995789892137
 20
-8.081054245869169
 30
0
 11
52.90442005632055
 21
-7.775470855670406
 31
0
  0
LINE
  5
1B1
330
2
100
AcDbEntity
  8
MOB-FIJO
100
AcDbLine
 10
52.90442005632044
 20
-7.67245195245529
 30
0
 11
52.70995789892137
 21
-7.366868562256073
 31
0
  0
LINE
  5
1B2
330
2
100
AcDbEntity
  8
MOB-FIJO
100
AcDbLine
 10
52.9693902648631
 20
-7.672451952455177
 30
0
 11
53.16385242226252
 21
-7.366868562256528
 31
0
  0
LINE
  5
1B3
330
2
100
AcDbEntity
  8
MOB-FIJO
100
AcDbLine
 10
47.59108557933126
 20
-3.185042987375901
 30
0
 11
50.10725796944189
 21
-3.185042987375766
 31
0
  0
INSERT
  5
1B4
330
2
100
AcDbEntity
  8
MOB-FIJO
100
AcDbBlockReference
  2
k-04
 10
-48.74108557933069
 20
-2.58504298737607
 30
0
 41
-0.009999999999990905
 42
0.009999999999990905
 43
-0.009999999999990905
210
0
220
0
230
-1
  0
LINE
  5
1CE
330
2
100
AcDbEntity
  8
MOB-FIJO
100
AcDbLine
 10
50.10725796944189
 20
-3.185042987375766
 30
0
 11
50.10725796944189
 21
-2.58504298737607
 31
0
  0
LINE
  5
1CF
330
2
100
AcDbEntity
  8
MOB-FIJO
100
AcDbLine
 10
47.59108557933126
 20
-3.185042987375901
 30
0
 11
47.59108557933126
 21
-2.585042987376063
 31
0
  0
INSERT
  5
1D0
330
2
100
AcDbEntity
  8
0
100
AcDbBlockReference
  2
p
 10
44.5158301182498
 20
-12.95353267063827
 30
0
 41
0.8712785964984748
 42
0.8712785964984748
 43
0.8712785964984748
 50
90
  0
INSERT
  5
1EE
330
2
100
AcDbEntity
  8
0
100
AcDbBlockReference
  2
pp
 10
38.12631170547938
 20
-3.848693824145812
 30
0
 41
0.8687819480001633
 42
0.8687819480001633
 43
0.8687819480001633
  0
INSERT
  5
1F8
330
2
100
AcDbEntity
  8
0
100
AcDbBlockReference
  2
pp
 10
36.14900059091157
 20
-0.2565890604444263
 30
0
 41
0.8687819480001633
 42
0.8687819480001633
 43
0.8687819480001633
  0
INSERT
  5
1F9
330
2
100
AcDbEntity
  8
0
100
AcDbBlockReference
  2
pp
 10
41.90380475383779
 20
-0.2565890604444263
 30
0
 41
0.8687819480001631
 42
0.8687819480001631
 43
0.8687819480001631
  0
INSERT
  5
1FA
330
2
100
AcDbEntity
  8
0
100
AcDbBlockReference
  2
pp
 10
58.22495211166441
 20
-0.2331624612535137
 30
0
 41
-0.8853496075874776
 42
0.8853496075874776
 43
0.8853496075874786
  0
INSERT
  5
1FB
330
2
100
AcDbEntity
  8
0
100
AcDbBlockReference
  2
pp
 10
60.447459063306
 20
-3.233162461253514
 30
0
 41
-0.8853496075874776
 42
0.8853496075874776
 43
0.8853496075874786
  0
INSERT
  5
1FC
330
2
100
AcDbEntity
  8
0
100
AcDbBlockReference
  2
pp
 10
56.43772248225765
 20
-13.72332589949349
 30
0
 41
-0.8853496075874787
 42
0.8853496075874787
 43
0.8853496075874786
 50
270
  0
INSERT
  5
1FD
330
2
100
AcDbEntity
  8
0
100
AcDbBlockReference
  2
pp
 10
46.99501187756819
 20
-8.036923513498621
 30
0
 41
-0.8853496075874787
 42
0.8853496075874787
 43
0.8853496075874786
 50
180
  0
INSERT
  5
1FE
330
2
100
AcDbEntity
  8
0
100
AcDbBlockReference
  2
pp
 10
56.58737939696902
 20
3.730499980306085
 30
0
 41
0.991189332663204
 42
0.991189332663204
 43
0.991189332663204
 50
269.9999999999999
  0
INSERT
  5
1FF
330
2
100
AcDbEntity
  8
0
100
AcDbBlockReference
  2
pp
 10
40.55023400169771
 20
-12.83144672419459
 30
0
 41
-0.997850641301028
 42
0.9978506413010247
 43
0.9978506413010245
 50
270
  0
LINE
  5
200
330
2
100
AcDbEntity
  8
MURO-PROY
100
AcDbLine
 10
50.85917615118858
 20
-4.885042987376067
 30
0
 11
49.95917615118858
 21
-4.885042987376067
 31
0
  0
LINE
  5
204
330
2
100
AcDbEntity
  8
MURO-PROY
100
AcDbLine
 10
50.85917615118858
 20
-4.885042987376067
 30
0
 11
49.95917615118858
 21
-4.885042987376067
 31
0
  0
LINE
  5
205
330
2
100
AcDbEntity
  8
MURO-PROY
100
AcDbLine
 10
50.85917615118858
 20
-5.085042987375999
 30
0
 11
49.95917615118858
 21
-5.085042987375999
 31
0
  0
LINE
  5
206
330
2
100
AcDbEntity
  8
MURO-PROY
100
AcDbLine
 10
54.90917615118858
 20
-5.385042987376139
 30
0
 11
54.00917615118858
 21
-5.385042987376139
 31
0
  0
LINE
  5
207
330
2
100
AcDbEntity
  8
MURO-PROY
100
AcDbLine
 10
54.90917615118858
 20
-5.385042987376139
 30
0
 11
53.90917615118858
 21
-5.385042987376067
 31
0
  0
LINE
  5
208
330
2
100
AcDbEntity
  8
MURO-PROY
100
AcDbLine
 10
54.90917615118858
 20
-5.585042987376063
 30
0
 11
53.90917615118858
 21
-5.585042987376063
 31
0
  0
LINE
  5
209
330
2
100
AcDbEntity
  8
MURO-PROY
100
AcDbLine
 10
55.13010943651442
 20
-6.785042987376137
 30
0
 11
54.43010943651442
 21
-6.785042987376137
 31
0
  0
LINE
  5
20A
330
2
100
AcDbEntity
  8
MURO-PROY
100
AcDbLine
 10
55.13010943651442
 20
-6.785042987376137
 30
0
 11
54.33010943651442
 21
-6.785042987376066
 31
0
  0
LINE
  5
20B
330
2
100
AcDbEntity
  8
MURO-PROY
100
AcDbLine
 10
55.13010943651442
 20
-6.985042987376062
 30
0
 11
54.33010943651442
 21
-6.985042987376062
 31
0
  0
LINE
  5
20C
330
2
100
AcDbEntity
  8
MURO-PROY
100
AcDbLine
 10
39.04469088552433
 20
-3.662625451024468
 30
0
 11
39.04469088552433
 21
-4.560691028195485
 31
0
  0
LINE
  5
20D
330
2
100
AcDbEntity
  8
MURO-PROY
100
AcDbLine
 10
39.23906256331385
 20
-3.662625451024468
 30
0
 11
39.23906256331385
 21
-4.560691028195478
 31
0
  0
LINE
  5
20E
330
2
100
AcDbEntity
  8
MURO-PROY
100
AcDbLine
 10
52.10917615118858
 20
-1.485042987376069
 30
0
 11
52.10917615118858
 21
-2.385042987376067
 31
0
  0
LINE
  5
20F
330
2
100
AcDbEntity
  8
MURO-PROY
100
AcDbLine
 10
52.30917615118851
 20
-1.485042987376069
 30
0
 11
52.30917615118851
 21
-2.385042987376067
 31
0
  0
LINE
  5
210
330
2
100
AcDbEntity
  8
MURO-PROY
100
AcDbLine
 10
55.10917615118865
 20
-4.485042987376069
 30
0
 11
55.10917615118865
 21
-5.385042987376067
 31
0
  0
LINE
  5
211
330
2
100
AcDbEntity
  8
MURO-PROY
100
AcDbLine
 10
55.30917615118858
 20
-4.485042987376069
 30
0
 11
55.30917615118858
 21
-5.385042987376067
 31
0
  0
LINE
  5
212
330
2
100
AcDbEntity
  8
MURO-PROY
100
AcDbLine
 10
46.10917615118858
 20
-1.485042987376069
 30
0
 11
46.10917615118858
 21
-2.385042987376067
 31
0
  0
LINE
  5
213
330
2
100
AcDbEntity
  8
MURO-PROY
100
AcDbLine
 10
46.30917615118852
 20
-1.485042987376069
 30
0
 11
46.30917615118852
 21
-2.385042987376067
 31
0
  0
LINE
  5
214
330
2
100
AcDbEntity
  8
MURO-PROY
100
AcDbLine
 10
46.10917615118858
 20
-4.885042987376067
 30
0
 11
45.32469088552433
 21
-4.885042987376067
 31
0
  0
LINE
  5
215
330
2
100
AcDbEntity
  8
MURO-PROY
100
AcDbLine
 10
46.10917615118858
 20
-5.085042987375999
 30
0
 11
45.32469088552426
 21
-5.085042987375999
 31
0
  0
LINE
  5
216
330
2
100
AcDbEntity
  8
MURO-PROY
100
AcDbLine
 10
44.13186503662077
 20
-1.285042987376073
 30
0
 11
43.33186503662078
 21
-1.285042987376073
 31
0
  0
LINE
  5
217
330
2
100
AcDbEntity
  8
MURO-PROY
100
AcDbLine
 10
44.13186503662077
 20
-1.485042987375998
 30
0
 11
43.33186503662078
 21
-1.485042987376005
 31
0
  0
LINE
  5
218
330
2
100
AcDbEntity
  8
MURO-PROY
100
AcDbLine
 10
49.88666919954699
 20
-1.285042987376073
 30
0
 11
49.086669199547
 21
-1.285042987376073
 31
0
  0
LINE
  5
219
330
2
100
AcDbEntity
  8
MURO-PROY
100
AcDbLine
 10
49.88666919954699
 20
-1.485042987375998
 30
0
 11
49.086669199547
 21
-1.485042987376069
 31
0
  0
LINE
  5
21A
330
2
100
AcDbEntity
  8
MURO-PROY
100
AcDbLine
 10
50.88666919954699
 20
-1.285042987376073
 30
0
 11
50.086669199547
 21
-1.285042987376073
 31
0
  0
LINE
  5
21B
330
2
100
AcDbEntity
  8
MURO-PROY
100
AcDbLine
 10
50.88666919954699
 20
-1.485042987375998
 30
0
 11
50.086669199547
 21
-1.485042987376069
 31
0
  0
LINE
  5
21C
330
2
100
AcDbEntity
  8
MURO-PROY
100
AcDbLine
 10
53.10917615118858
 20
-4.285042987376073
 30
0
 11
52.30917615118858
 21
-4.285042987376073
 31
0
  0
LINE
  5
21D
330
2
100
AcDbEntity
  8
MURO-PROY
100
AcDbLine
 10
53.10917615118858
 20
-4.485042987375998
 30
0
 11
52.30917615118858
 21
-4.485042987376069
 31
0
  0
LINE
  5
21E
330
2
100
AcDbEntity
  8
MURO-PROY
100
AcDbLine
 10
55.10917615118865
 20
-0.485042987376076
 30
0
 11
55.10917615118865
 21
-1.285042987376073
 31
0
  0
LINE
  5
21F
330
2
100
AcDbEntity
  8
MURO-PROY
100
AcDbLine
 10
55.30917615118858
 20
-0.485042987376076
 30
0
 11
55.30917615118858
 21
-1.285042987376073
 31
0
  0
LINE
  5
220
330
2
100
AcDbEntity
  8
MURO-PROY
100
AcDbLine
 10
55.13010943651442
 20
-5.585042987376063
 30
0
 11
55.13010943651442
 21
-6.385042987376067
 31
0
  0
LINE
  5
221
330
2
100
AcDbEntity
  8
MURO-PROY
100
AcDbLine
 10
55.33010943651435
 20
-5.585042987376063
 30
0
 11
55.33010943651436
 21
-6.385042987376067
 31
0
  0
LINE
  5
222
102
{ACAD_REACTORS
330
8A
330
A1
102
}
330
2
100
AcDbEntity
  8
0
100
AcDbLine
 10
41.38469088552433
 20
-8.385042987376067
 30
0
 11
41.38469088552433
 21
-8.58504298737607
 31
0
  0
LINE
  5
223
102
{ACAD_REACTORS
330
8A
102
}
330
2
100
AcDbEntity
  8
0
100
AcDbLine
 10
41.38469088552433
 20
-8.385042987376067
 30
0
 11
41.38469088552433
 21
-5.085042987376077
 31
0
  0
LINE
  5
224
102
{ACAD_REACTORS
330
8A
102
}
330
2
100
AcDbEntity
  8
0
100
AcDbLine
 10
41.58469088552433
 20
-8.385042987376067
 30
0
 11
41.58469088552433
 21
-5.085042987376077
 31
0
  0
LWPOLYLINE
  5
225
330
2
100
AcDbEntity
  8
Muebles
370
    25
100
AcDbPolyline
 90
        4
 70
     1
 43
0
 10
54.38584967089806
 20
-1.939449146894461
 10
54.38584967089806
 20
-2.217128217972252
 10
54.00097396752045
 20
-2.217128217972252
 10
54.00097396752045
 20
-1.939449146894461
  0
INSERT
  5
227
330
2
100
AcDbEntity
  8
Muebles
100
AcDbBlockReference
  2
18360154
 10
54.89715056531534
 20
-3.063803298601243
 30
0
 41
-0.9720129227578109
 42
0.9720129227578157
 43
0.9720129227578158
 50
270.0000002640165
  0
INSERT
  5
239
330
2
100
AcDbEntity
  8
Muebles
100
AcDbBlockReference
  2
18140101
 10
53.41742286227836
 20
-3.056004766764197
 30
0
 41
1.206662631332554
 42
1.206662631332554
 43
1.206662631332554
 50
90.00000026401629
  0
INSERT
  5
24C
330
2
100
AcDbEntity
  8
Muebles
100
AcDbBlockReference
  2
33550102
 10
54.42843430126244
 20
-3.868912394964482
 30
0
 41
-1.521849628364117
 42
1.521849628364117
 43
1.521849628364117
 50
90.00000026401634
  0
INSERT
  5
251
330
2
100
AcDbEntity
  8
Muebles
100
AcDbBlockReference
  2
18140101
 10
53.41742286211141
 20
-3.019789382865852
 30
0
 41
-1.206662631332554
 42
1.206662631332554
 43
1.206662631332554
 50
90.00000026401626
  0
LWPOLYLINE
  5
252
330
2
100
AcDbEntity
  8
Muebles
370
    25
100
AcDbPolyline
 90
        4
 70
     1
 43
0
 10
42.21831474922916
 20
-0.6139317802413302
 10
42.21831474922916
 20
-0.3362527091635386
 10
42.60319045260677
 20
-0.3362527091635386
 10
42.60319045260677
 20
-0.6139317802413302
  0
INSERT
  5
253
330
2
100
AcDbEntity
  8
Muebles
100
AcDbBlockReference
  2
18360154
 10
41.70701385481188
 20
0.4447938606051167
 30
0
 41
-0.9720129227578127
 42
0.9720129227578163
 43
0.9720129227578158
 50
90.00000026401648
  0
INSERT
  5
254
330
2
100
AcDbEntity
  8
Muebles
100
AcDbBlockReference
  2
18140101
 10
43.18674155784885
 20
0.5026238396284057
 30
0
 41
1.206662631332549
 42
1.206662631332549
 43
1.206662631332549
 50
270.0000002640163
  0
INSERT
  5
255
330
2
100
AcDbEntity
  8
Muebles
100
AcDbBlockReference
  2
33550102
 10
42.17573011886478
 20
1.315531467828691
 30
0
 41
-1.521849628364123
 42
1.521849628364116
 43
1.521849628364117
 50
270.0000002640162
  0
INSERT
  5
256
330
2
100
AcDbEntity
  8
Muebles
100
AcDbBlockReference
  2
18140101
 10
43.18674155801582
 20
0.4664084557300612
 30
0
 41
-1.206662631332549
 42
1.206662631332554
 43
1.206662631332554
 50
270.0000002640162
  0
LWPOLYLINE
  5
257
330
2
100
AcDbEntity
  8
Muebles
370
    25
100
AcDbPolyline
 90
        4
 70
     1
 43
0
 10
46.67360093113628
 20
-0.6139317597115763
 10
46.67360093113628
 20
-0.3362526886337847
 10
47.05847663451389
 20
-0.3362526886337847
 10
47.05847663451389
 20
-0.6139317597115763
  0
INSERT
  5
258
330
2
100
AcDbEntity
  8
Muebles
100
AcDbBlockReference
  2
18360154
 10
46.162300036719
 20
0.4447938811348706
 30
0
 41
-0.9720129227578127
 42
0.9720129227578163
 43
0.9720129227578158
 50
90.00000026401648
  0
INSERT
  5
259
330
2
100
AcDbEntity
  8
Muebles
100
AcDbBlockReference
  2
18140101
 10
47.64202773975598
 20
0.5026238601581596
 30
0
 41
1.206662631332549
 42
1.206662631332549
 43
1.206662631332549
 50
270.0000002640163
  0
INSERT
  5
25A
330
2
100
AcDbEntity
  8
Muebles
100
AcDbBlockReference
  2
33550102
 10
46.6310163007719
 20
1.315531488358445
 30
0
 41
-1.521849628364123
 42
1.521849628364116
 43
1.521849628364117
 50
270.0000002640162
  0
INSERT
  5
25B
330
2
100
AcDbEntity
  8
Muebles
100
AcDbBlockReference
  2
18140101
 10
47.64202773992294
 20
0.4664084762598151
 30
0
 41
-1.206662631332549
 42
1.206662631332554
 43
1.206662631332554
 50
270.0000002640162
  0
INSERT
  5
25C
330
2
100
AcDbEntity
  8
0
100
AcDbBlockReference
  2
mesareunion
 10
45.49596365200586
 20
-61.41465046526728
 30
0
 41
1.222341763588901
 42
1.222341763588901
 43
1.222341763588901
 50
90
  0
INSERT
  5
28C
330
2
100
AcDbEntity
  8
0
100
AcDbBlockReference
  2
pp
 10
36.98412774467577
 20
-6.237764591985744
 30
0
 41
-0.8859444315287293
 42
0.8859444315287293
 43
0.885944431528729
 50
180
  0
INSERT
  5
28D
330
2
100
AcDbEntity
  8
0
100
AcDbBlockReference
  2
pp
 10
53.57061043936161
 20
-10.66290419954687
 30
0
 41
-0.9987079080526133
 42
0.9987079080526211
 43
0.9987079080526211
 50
270.0000000000001
  0
INSERT
  5
28E
330
2
100
AcDbEntity
  8
0
100
AcDbBlockReference
  2
chair
 10
44.20834001869636
 20
-48.49673081539279
 30
0
 50
90
  0
INSERT
  5
59E
330
2
100
AcDbEntity
  8
0
100
AcDbBlockReference
  2
chair
 10
44.19834392481809
 20
-47.86291699947716
 30
0
 50
90
  0
INSERT
  5
59F
330
2
100
AcDbEntity
  8
0
100
AcDbBlockReference
  2
chair
 10
44.18459443656386
 20
-47.22890883724907
 30
0
 50
90
  0
INSERT
  5
5A0
330
2
100
AcDbEntity
  8
0
100
AcDbBlockReference
  2
chair
 10
44.20834001869636
 20
-46.59467159181693
 30
0
 50
90
  0
INSERT
  5
5A1
330
2
100
AcDbEntity
  8
0
100
AcDbBlockReference
  2
chair
 10
44.20834001869636
 20
-45.96031414105809
 30
0
 50
90
  0
INSERT
  5
5A2
330
2
100
AcDbEntity
  8
LSTREEDC
100
AcDbBlockReference
  2
A3E24C
 10
39.77570413098087
 20
1.244233492298157
 30
-0.4931723083151375
 41
1.028058585539341
 42
1.028058585539341
 43
1.28507323192418
 50
90
  0
CIRCLE
  5
642
330
2
100
AcDbEntity
  8
0
100
AcDbCircle
 10
39.77615555302821
 20
1.247286789227189
 30
-0.3497648216384817
 40
0.2201599605135698
  0
CIRCLE
  5
643
330
2
100
AcDbEntity
  8
0
100
AcDbCircle
 10
39.77615555302821
 20
1.247286789227189
 30
-0.3497648216384817
 40
0.2101599605135698
  0
LINE
  5
644
330
2
100
AcDbEntity
  8
Muebles
100
AcDbLine
 10
52.71119523103258
 20
0.5082289998556462
 30
0
 11
52.71119523103258
 21
0.4806538653661789
 31
0
  0
LINE
  5
645
330
2
100
AcDbEntity
  8
Muebles
100
AcDbLine
 10
52.53710685631438
 20
0.4806538653661789
 30
0
 11
52.53710685631438
 21
0.4254965222121285
 31
0
  0
LINE
  5
646
330
2
100
AcDbEntity
  8
Muebles
100
AcDbLine
 10
52.94044094890484
 20
0.4806538653661789
 30
0
 11
52.94044094890484
 21
0.4254965222121285
 31
0
  0
LINE
  5
647
330
2
100
AcDbEntity
  8
Muebles
100
AcDbLine
 10
52.76635257418661
 20
0.5082289998556462
 30
0
 11
52.76635257418661
 21
0.4806538653661789
 31
0
  0
LINE
  5
648
330
2
100
AcDbEntity
  8
Muebles
100
AcDbLine
 10
50.79088210694156
 20
0.9414373338388984
 30
0
 11
50.79088210694156
 21
0.8667481932694017
 31
0
  0
LINE
  5
649
330
2
100
AcDbEntity
  8
Muebles
100
AcDbLine
 10
50.82450566113052
 20
0.5082289998556462
 30
0
 11
50.82450566113052
 21
0.4806538653661789
 31
0
  0
LINE
  5
64A
330
2
100
AcDbEntity
  8
Muebles
100
AcDbLine
 10
50.99859403584871
 20
0.4806538653661789
 30
0
 11
50.99859403584871
 21
0.4254965222121285
 31
0
  0
LINE
  5
64B
330
2
100
AcDbEntity
  8
Muebles
100
AcDbLine
 10
50.59525994325826
 20
0.4806538653661789
 30
0
 11
50.59525994325826
 21
0.4254965222121285
 31
0
  0
LINE
  5
64C
330
2
100
AcDbEntity
  8
Muebles
100
AcDbLine
 10
50.76934124380139
 20
0.5082289998556462
 30
0
 11
50.76934124380139
 21
0.4806538653661789
 31
0
  0
LINE
  5
64D
330
2
100
AcDbEntity
  8
Muebles
100
AcDbLine
 10
54.1532375258356
 20
0.9414373338388984
 30
0
 11
54.1532375258356
 21
0.8667481932694017
 31
0
  0
LINE
  5
64E
330
2
100
AcDbEntity
  8
Muebles
100
AcDbLine
 10
54.16532729105943
 20
0.9414373338388984
 30
0
 11
54.16532729105943
 21
0.8667481932694017
 31
0
  0
LINE
  5
64F
330
2
100
AcDbEntity
  8
Muebles
100
AcDbLine
 10
54.18685400584945
 20
0.5082289998556462
 30
0
 11
54.18685400584945
 21
0.4806538653661789
 31
0
  0
LINE
  5
650
330
2
100
AcDbEntity
  8
Muebles
100
AcDbLine
 10
54.36094238056764
 20
0.4806538653661789
 30
0
 11
54.36094238056764
 21
0.4254965222121285
 31
0
  0
LINE
  5
651
330
2
100
AcDbEntity
  8
Muebles
100
AcDbLine
 10
53.95760828797721
 20
0.4806538653661789
 30
0
 11
53.95760828797721
 21
0.4254965222121285
 31
0
  0
LINE
  5
652
330
2
100
AcDbEntity
  8
Muebles
100
AcDbLine
 10
54.1316966626954
 20
0.5082289998556462
 30
0
 11
54.1316966626954
 21
0.4806538653661789
 31
0
  0
LINE
  5
653
330
2
100
AcDbEntity
  8
Muebles
100
AcDbLine
 10
51.3475560187198
 20
1.018326542860471
 30
0
 11
51.3475560187198
 21
0.3458554590816689
 31
0
  0
LINE
  5
654
330
2
100
AcDbEntity
  8
Muebles
100
AcDbLine
 10
51.767846908994
 20
1.914957012623915
 30
0
 11
51.767846908994
 21
1.447106443239193
 31
0
  0
LINE
  5
655
330
2
100
AcDbEntity
  8
Muebles
100
AcDbLine
 10
53.44902461844102
 20
1.914957012623915
 30
0
 11
53.44902461844102
 21
1.447106443239193
 31
0
  0
LINE
  5
656
330
2
100
AcDbEntity
  8
Muebles
100
AcDbLine
 10
54.70991143761383
 20
1.018326542860471
 30
0
 11
54.70991143761383
 21
0.3458554590816689
 31
0
  0
LINE
  5
657
330
2
100
AcDbEntity
  8
0
100
AcDbLine
 10
55.13020232788801
 20
1.914957012623915
 30
0
 11
55.13020232788801
 21
1.447106443239193
 31
0
  0
LINE
  5
658
330
2
100
AcDbEntity
  8
Muebles
100
AcDbLine
 10
52.1881448734433
 20
1.018326542860471
 30
0
 11
52.1881448734433
 21
0.3458554590816689
 31
0
  0
LINE
  5
659
330
2
100
AcDbEntity
  8
Muebles
100
AcDbLine
 10
52.74481171104644
 20
0.8667481932693875
 30
0
 11
52.73272901999768
 21
0.8667481932693875
 31
0
  0
LINE
  5
65A
330
2
100
AcDbEntity
  8
Muebles
100
AcDbLine
 10
52.59276646589962
 20
0.5082289998556462
 30
0
 11
52.57750747023675
 21
0.5082289998556462
 31
0
  0
LINE
  5
65B
330
2
100
AcDbEntity
  8
Muebles
100
AcDbLine
 10
52.76635257418661
 20
0.5082289998556462
 30
0
 11
52.71119523103258
 21
0.5082289998556462
 31
0
  0
LINE
  5
65C
330
2
100
AcDbEntity
  8
Muebles
100
AcDbLine
 10
52.76635257418661
 20
0.4806538653661789
 30
0
 11
52.71119523103258
 21
0.4806538653661789
 31
0
  0
LINE
  5
65D
330
2
100
AcDbEntity
  8
Muebles
100
AcDbLine
 10
52.91339637754689
 20
0.8667481932693875
 30
0
 11
52.74481171104644
 21
0.8667481932693875
 31
0
  0
LINE
  5
65E
330
2
100
AcDbEntity
  8
Muebles
100
AcDbLine
 10
52.74481878522153
 20
0.9414373338388984
 30
0
 11
52.73272194582259
 21
0.9414373338388984
 31
0
  0
LINE
  5
65F
330
2
100
AcDbEntity
  8
Muebles
100
AcDbLine
 10
52.73272901999768
 20
0.8667481932693875
 30
0
 11
52.56415142767234
 21
0.8667481932693875
 31
0
  0
LINE
  5
660
330
2
100
AcDbEntity
  8
Muebles
100
AcDbLine
 10
52.71119523103258
 20
0.5082289998556462
 30
0
 11
52.59276646589962
 21
0.5082289998556462
 31
0
  0
LINE
  5
661
330
2
100
AcDbEntity
  8
Muebles
100
AcDbLine
 10
52.71119523103258
 20
0.4806538653661789
 30
0
 11
52.53710685631438
 21
0.4806538653661789
 31
0
  0
LINE
  5
662
330
2
100
AcDbEntity
  8
Muebles
100
AcDbLine
 10
52.94044094890484
 20
0.4254965222121285
 30
0
 11
52.53710685631438
 21
0.4254965222121285
 31
0
  0
LINE
  5
663
330
2
100
AcDbEntity
  8
Muebles
100
AcDbLine
 10
52.94044094890484
 20
0.4806538653661789
 30
0
 11
52.76635257418661
 21
0.4806538653661789
 31
0
  0
LINE
  5
664
330
2
100
AcDbEntity
  8
Muebles
100
AcDbLine
 10
52.88475304261927
 20
0.5082289998556462
 30
0
 11
52.76635257418661
 21
0.5082289998556462
 31
0
  0
LINE
  5
665
330
2
100
AcDbEntity
  8
Muebles
100
AcDbLine
 10
50.80297187216541
 20
0.8667481932693875
 30
0
 11
50.79088210694156
 21
0.8667481932694017
 31
0
  0
LINE
  5
666
330
2
100
AcDbEntity
  8
Muebles
100
AcDbLine
 10
50.95819342192634
 20
0.5082289998556462
 30
0
 11
50.94292735208839
 21
0.5082289998556462
 31
0
  0
LINE
  5
667
330
2
100
AcDbEntity
  8
Muebles
100
AcDbLine
 10
50.82450566113052
 20
0.5082289998556462
 30
0
 11
50.76934124380139
 21
0.5082289998556462
 31
0
  0
LINE
  5
668
330
2
100
AcDbEntity
  8
Muebles
100
AcDbLine
 10
50.82450566113052
 20
0.4806538653661789
 30
0
 11
50.76934124380139
 21
0.4806538653661789
 31
0
  0
LINE
  5
669
330
2
100
AcDbEntity
  8
Muebles
100
AcDbLine
 10
50.79088210694156
 20
0.8667481932694017
 30
0
 11
50.62229744044112
 21
0.8667481932693875
 31
0
  0
LINE
  5
66A
330
2
100
AcDbEntity
  8
Muebles
100
AcDbLine
 10
50.8029789463405
 20
0.9414373338388984
 30
0
 11
50.79088210694156
 21
0.9414373338388984
 31
0
  0
LINE
  5
66B
330
2
100
AcDbEntity
  8
Muebles
100
AcDbLine
 10
50.97154946449077
 20
0.8667481932693875
 30
0
 11
50.80297187216541
 21
0.8667481932693875
 31
0
  0
LINE
  5
66C
330
2
100
AcDbEntity
  8
Muebles
100
AcDbLine
 10
50.94292735208839
 20
0.5082289998556462
 30
0
 11
50.82450566113052
 21
0.5082289998556462
 31
0
  0
LINE
  5
66D
330
2
100
AcDbEntity
  8
Muebles
100
AcDbLine
 10
50.99859403584871
 20
0.4806538653661789
 30
0
 11
50.82450566113052
 21
0.4806538653661789
 31
0
  0
LINE
  5
66E
330
2
100
AcDbEntity
  8
Muebles
100
AcDbLine
 10
50.99859403584871
 20
0.4254965222121285
 30
0
 11
50.59525994325826
 21
0.4254965222121285
 31
0
  0
LINE
  5
66F
330
2
100
AcDbEntity
  8
Muebles
100
AcDbLine
 10
50.76934124380139
 20
0.4806538653661789
 30
0
 11
50.59525994325826
 21
0.4806538653661789
 31
0
  0
LINE
  5
670
330
2
100
AcDbEntity
  8
Muebles
100
AcDbLine
 10
50.76934124380139
 20
0.5082289998556462
 30
0
 11
50.65094784954385
 21
0.5082289998556462
 31
0
  0
LINE
  5
671
330
2
100
AcDbEntity
  8
Muebles
100
AcDbLine
 10
54.16532729105943
 20
0.8667481932694017
 30
0
 11
54.1532375258356
 21
0.8667481932694017
 31
0
  0
LINE
  5
672
330
2
100
AcDbEntity
  8
Muebles
100
AcDbLine
 10
54.32054884082036
 20
0.5082289998556462
 30
0
 11
54.30528277098243
 21
0.5082289998556462
 31
0
  0
LINE
  5
673
330
2
100
AcDbEntity
  8
Muebles
100
AcDbLine
 10
54.18685400584945
 20
0.5082289998556462
 30
0
 11
54.1316966626954
 21
0.5082289998556462
 31
0
  0
LINE
  5
674
330
2
100
AcDbEntity
  8
Muebles
100
AcDbLine
 10
54.18685400584945
 20
0.4806538653661789
 30
0
 11
54.1316966626954
 21
0.4806538653661789
 31
0
  0
LINE
  5
675
330
2
100
AcDbEntity
  8
Muebles
100
AcDbLine
 10
54.1532375258356
 20
0.8667481932694017
 30
0
 11
53.98465285933516
 21
0.8667481932693875
 31
0
  0
LINE
  5
676
330
2
100
AcDbEntity
  8
Muebles
100
AcDbLine
 10
54.16532729105943
 20
0.9414373338388984
 30
0
 11
54.1532375258356
 21
0.9414373338388984
 31
0
  0
LINE
  5
677
330
2
100
AcDbEntity
  8
Muebles
100
AcDbLine
 10
54.33390488338479
 20
0.8667481932693875
 30
0
 11
54.16532729105943
 21
0.8667481932694017
 31
0
  0
LINE
  5
678
330
2
100
AcDbEntity
  8
Muebles
100
AcDbLine
 10
54.30528277098243
 20
0.5082289998556462
 30
0
 11
54.18685400584945
 21
0.5082289998556462
 31
0
  0
LINE
  5
679
330
2
100
AcDbEntity
  8
Muebles
100
AcDbLine
 10
54.36094238056764
 20
0.4806538653661789
 30
0
 11
54.18685400584945
 21
0.4806538653661789
 31
0
  0
LINE
  5
67A
330
2
100
AcDbEntity
  8
Muebles
100
AcDbLine
 10
54.36094238056764
 20
0.4254965222121285
 30
0
 11
53.95760828797721
 21
0.4254965222121285
 31
0
  0
LINE
  5
67B
330
2
100
AcDbEntity
  8
Muebles
100
AcDbLine
 10
54.1316966626954
 20
0.4806538653661789
 30
0
 11
53.95760828797721
 21
0.4806538653661789
 31
0
  0
LINE
  5
67C
330
2
100
AcDbEntity
  8
Muebles
100
AcDbLine
 10
54.1316966626954
 20
0.5082289998556462
 30
0
 11
54.01329619426279
 21
0.5082289998556462
 31
0
  0
LINE
  5
67D
330
2
100
AcDbEntity
  8
Muebles
100
AcDbLine
 10
51.767846908994
 20
1.018326542860471
 30
0
 11
51.3475560187198
 21
1.018326542860471
 31
0
  0
LINE
  5
67E
330
2
100
AcDbEntity
  8
Muebles
100
AcDbLine
 10
51.3475560187198
 20
1.018326542860471
 30
0
 11
50.08666919954699
 21
1.018326542860486
 31
0
  0
LINE
  5
67F
330
2
100
AcDbEntity
  8
Muebles
100
AcDbLine
 10
51.767846908994
 20
0.345855459081676
 30
0
 11
51.3475560187198
 21
0.3458554590816689
 31
0
  0
LINE
  5
680
330
2
100
AcDbEntity
  8
Muebles
100
AcDbLine
 10
55.13020232788801
 20
1.018326542860471
 30
0
 11
54.70991143761383
 21
1.018326542860471
 31
0
  0
LINE
  5
681
330
2
100
AcDbEntity
  8
Muebles
100
AcDbLine
 10
54.70991143761383
 20
1.018326542860471
 30
0
 11
53.44902461844102
 21
1.018326542860486
 31
0
  0
LINE
  5
682
330
2
100
AcDbEntity
  8
Muebles
100
AcDbLine
 10
55.13020232788801
 20
0.345855459081676
 30
0
 11
54.70991143761383
 21
0.3458554590816689
 31
0
  0
LINE
  5
683
330
2
100
AcDbEntity
  8
Muebles
100
AcDbLine
 10
52.1881448734433
 20
1.018326542860471
 30
0
 11
51.767846908994
 21
1.018326542860471
 31
0
  0
LINE
  5
684
330
2
100
AcDbEntity
  8
Muebles
100
AcDbLine
 10
53.44902461844102
 20
1.018326542860486
 30
0
 11
52.1881448734433
 21
1.018326542860471
 31
0
  0
LINE
  5
685
330
2
100
AcDbEntity
  8
Muebles
100
AcDbLine
 10
52.1881448734433
 20
0.3458554590816689
 30
0
 11
51.767846908994
 21
0.345855459081676
 31
0
  0
LINE
  5
686
330
2
100
AcDbEntity
  8
Muebles
100
AcDbLine
 10
52.89982810972985
 20
0.508066293828648
 30
0
 11
52.88475304261927
 21
0.5082289998556462
 31
0
  0
LINE
  5
687
330
2
100
AcDbEntity
  8
Muebles
100
AcDbLine
 10
52.99951031088204
 20
0.7769486147138664
 30
0
 11
52.98756910333501
 21
0.7734964172713674
 31
0
  0
LINE
  5
688
330
2
100
AcDbEntity
  8
Muebles
100
AcDbLine
 10
52.48997870188418
 20
0.773503491446462
 30
0
 11
52.478023345987
 21
0.7769486147138736
 31
0
  0
LINE
  5
689
330
2
100
AcDbEntity
  8
Muebles
100
AcDbLine
 10
52.49212925111066
 20
0.761576432249619
 30
0
 11
52.47428818154101
 21
0.7667264317130247
 31
0
  0
LINE
  5
68A
330
2
100
AcDbEntity
  8
Muebles
100
AcDbLine
 10
52.57750747023675
 20
0.5082289998556462
 30
0
 11
52.53155362887102
 21
0.5430480896343113
 31
0
  0
LINE
  5
68B
330
2
100
AcDbEntity
  8
Muebles
100
AcDbLine
 10
52.58134874730904
 20
0.4942645782337394
 30
0
 11
52.57156516316358
 21
0.5005818165865108
 31
0
  0
LINE
  5
68C
330
2
100
AcDbEntity
  8
Muebles
100
AcDbLine
 10
52.90595434535526
 20
0.5005747424114233
 30
0
 11
52.89617076120981
 21
0.4942575040586519
 31
0
  0
LINE
  5
68D
330
2
100
AcDbEntity
  8
Muebles
100
AcDbLine
 10
52.9459941763482
 20
0.5430480896343113
 30
0
 11
52.89982810972985
 21
0.508066293828648
 31
0
  0
LINE
  5
68E
330
2
100
AcDbEntity
  8
Muebles
100
AcDbLine
 10
53.00324547532801
 20
0.7667193575379372
 30
0
 11
52.98541855410854
 21
0.761576432249619
 31
0
  0
LINE
  5
68F
330
2
100
AcDbEntity
  8
Muebles
100
AcDbLine
 10
50.65094784954385
 20
0.5082289998556462
 30
0
 11
50.63586570825816
 21
0.508066293828648
 31
0
  0
LINE
  5
690
330
2
100
AcDbEntity
  8
Muebles
100
AcDbLine
 10
51.05767754617609
 20
0.7769486147138664
 30
0
 11
51.04571511610383
 21
0.7735034914464478
 31
0
  0
LINE
  5
691
330
2
100
AcDbEntity
  8
Muebles
100
AcDbLine
 10
51.06141271062208
 20
0.7667264317130247
 30
0
 11
51.04356456687734
 21
0.761576432249619
 31
0
  0
LINE
  5
692
330
2
100
AcDbEntity
  8
Muebles
100
AcDbLine
 10
51.004140189117
 20
0.5430480896343113
 30
0
 11
50.95819342192634
 21
0.5082289998556462
 31
0
  0
LINE
  5
693
330
2
100
AcDbEntity
  8
Muebles
100
AcDbLine
 10
50.9641357289995
 20
0.5005818165865108
 30
0
 11
50.95435214485405
 21
0.4942645782337394
 31
0
  0
LINE
  5
694
330
2
100
AcDbEntity
  8
Muebles
100
AcDbLine
 10
50.63952305677819
 20
0.4942575040586519
 30
0
 11
50.62974654680782
 21
0.5005747424114233
 31
0
  0
LINE
  5
695
330
2
100
AcDbEntity
  8
Muebles
100
AcDbLine
 10
50.63586570825816
 20
0.508066293828648
 30
0
 11
50.58970671581488
 21
0.5430480896343113
 31
0
  0
LINE
  5
696
330
2
100
AcDbEntity
  8
Muebles
100
AcDbLine
 10
54.01329619426279
 20
0.5082289998556462
 30
0
 11
53.99822112715218
 21
0.508066293828648
 31
0
  0
LINE
  5
697
330
2
100
AcDbEntity
  8
Muebles
100
AcDbLine
 10
53.91048720772208
 20
0.7734964172713745
 30
0
 11
53.89853892599999
 21
0.7769486147138736
 31
0
  0
LINE
  5
698
330
2
100
AcDbEntity
  8
Muebles
100
AcDbLine
 10
54.42003296507012
 20
0.7769486147138664
 30
0
 11
54.40807053499785
 21
0.7735034914464478
 31
0
  0
LINE
  5
699
330
2
100
AcDbEntity
  8
Muebles
100
AcDbLine
 10
54.42376812951611
 20
0.7667264317130247
 30
0
 11
54.40591998577138
 21
0.761576432249619
 31
0
  0
LINE
  5
69A
330
2
100
AcDbEntity
  8
Muebles
100
AcDbLine
 10
54.36649560801101
 20
0.5430480896343113
 30
0
 11
54.32054884082036
 21
0.5082289998556462
 31
0
  0
LINE
  5
69B
330
2
100
AcDbEntity
  8
Muebles
100
AcDbLine
 10
54.32648407371843
 20
0.5005818165865108
 30
0
 11
54.31670756374808
 21
0.4942645782337394
 31
0
  0
LINE
  5
69C
330
2
100
AcDbEntity
  8
Muebles
100
AcDbLine
 10
54.00187847567221
 20
0.4942575040586519
 30
0
 11
53.99210196570185
 21
0.5005747424114233
 31
0
  0
LINE
  5
69D
330
2
100
AcDbEntity
  8
Muebles
100
AcDbLine
 10
53.99822112715218
 20
0.508066293828648
 30
0
 11
53.95205506053384
 21
0.5430480896343113
 31
0
  0
LINE
  5
69E
330
2
100
AcDbEntity
  8
Muebles
100
AcDbLine
 10
53.91263775694856
 20
0.761576432249619
 30
0
 11
53.894803761554
 21
0.7667193575379301
 31
0
  0
LINE
  5
69F
330
2
100
AcDbEntity
  8
Muebles
100
AcDbLine
 10
52.98756910333501
 20
0.7734964172713674
 30
0
 11
52.98541855410854
 21
0.761576432249619
 31
0
  0
LINE
  5
6A0
330
2
100
AcDbEntity
  8
Muebles
100
AcDbLine
 10
52.48997870188418
 20
0.773503491446462
 30
0
 11
52.49212925111066
 21
0.761576432249619
 31
0
  0
LINE
  5
6A1
330
2
100
AcDbEntity
  8
Muebles
100
AcDbLine
 10
52.99951031088204
 20
0.7769486147138664
 30
0
 11
53.00324547532801
 21
0.7667193575379372
 31
0
  0
LINE
  5
6A2
330
2
100
AcDbEntity
  8
Muebles
100
AcDbLine
 10
52.98998139703973
 20
0.7868878307112297
 30
0
 11
52.98756910333501
 21
0.7734964172713674
 31
0
  0
LINE
  5
6A3
330
2
100
AcDbEntity
  8
Muebles
100
AcDbLine
 10
52.91339637754689
 20
0.8667481932693875
 30
0
 11
52.98998139703973
 21
0.7868878307112297
 31
0
  0
LINE
  5
6A4
330
2
100
AcDbEntity
  8
Muebles
100
AcDbLine
 10
52.74481878522153
 20
0.9414373338388984
 30
0
 11
52.74481171104644
 21
0.8667481932693875
 31
0
  0
LINE
  5
6A5
330
2
100
AcDbEntity
  8
Muebles
100
AcDbLine
 10
52.73272194582259
 20
0.9414373338388984
 30
0
 11
52.73272901999768
 21
0.8667481932693875
 31
0
  0
LINE
  5
6A6
330
2
100
AcDbEntity
  8
Muebles
100
AcDbLine
 10
52.56415142767234
 20
0.8667481932693875
 30
0
 11
52.48756640817948
 21
0.7868878307112226
 31
0
  0
LINE
  5
6A7
330
2
100
AcDbEntity
  8
Muebles
100
AcDbLine
 10
52.48756640817948
 20
0.7868878307112226
 30
0
 11
52.48997870188418
 21
0.773503491446462
 31
0
  0
LINE
  5
6A8
330
2
100
AcDbEntity
  8
Muebles
100
AcDbLine
 10
52.478023345987
 20
0.7769486147138736
 30
0
 11
52.47428818154101
 21
0.7667264317130247
 31
0
  0
LINE
  5
6A9
330
2
100
AcDbEntity
  8
Muebles
100
AcDbLine
 10
52.49212925111066
 20
0.761576432249619
 30
0
 11
52.53155362887102
 21
0.5430480896343113
 31
0
  0
LINE
  5
6AA
330
2
100
AcDbEntity
  8
Muebles
100
AcDbLine
 10
52.57750747023675
 20
0.5082289998556462
 30
0
 11
52.57156516316358
 21
0.5005818165865108
 31
0
  0
LINE
  5
6AB
330
2
100
AcDbEntity
  8
Muebles
100
AcDbLine
 10
52.59276646589962
 20
0.5082289998556462
 30
0
 11
52.58134874730904
 21
0.4942645782337394
 31
0
  0
LINE
  5
6AC
330
2
100
AcDbEntity
  8
Muebles
100
AcDbLine
 10
52.88475304261927
 20
0.5082289998556462
 30
0
 11
52.89617076120981
 21
0.4942575040586519
 31
0
  0
LINE
  5
6AD
330
2
100
AcDbEntity
  8
Muebles
100
AcDbLine
 10
52.89982810972985
 20
0.508066293828648
 30
0
 11
52.90595434535526
 21
0.5005747424114233
 31
0
  0
LINE
  5
6AE
330
2
100
AcDbEntity
  8
Muebles
100
AcDbLine
 10
52.98541855410854
 20
0.761576432249619
 30
0
 11
52.9459941763482
 21
0.5430480896343113
 31
0
  0
LINE
  5
6AF
330
2
100
AcDbEntity
  8
Muebles
100
AcDbLine
 10
51.04571511610383
 20
0.7735034914464478
 30
0
 11
51.04356456687734
 21
0.761576432249619
 31
0
  0
LINE
  5
6B0
330
2
100
AcDbEntity
  8
Muebles
100
AcDbLine
 10
50.62229744044112
 20
0.8667481932693875
 30
0
 11
50.54571242094828
 21
0.7868878307112368
 31
0
  0
LINE
  5
6B1
330
2
100
AcDbEntity
  8
Muebles
100
AcDbLine
 10
50.8029789463405
 20
0.9414373338388984
 30
0
 11
50.80297187216541
 21
0.8667481932693875
 31
0
  0
LINE
  5
6B2
330
2
100
AcDbEntity
  8
Muebles
100
AcDbLine
 10
50.97154946449077
 20
0.8667481932693875
 30
0
 11
51.0481344839836
 21
0.7868878307112297
 31
0
  0
LINE
  5
6B3
330
2
100
AcDbEntity
  8
Muebles
100
AcDbLine
 10
51.0481344839836
 20
0.7868878307112297
 30
0
 11
51.04571511610383
 21
0.7735034914464478
 31
0
  0
LINE
  5
6B4
330
2
100
AcDbEntity
  8
Muebles
100
AcDbLine
 10
51.05767754617609
 20
0.7769486147138664
 30
0
 11
51.06141271062208
 21
0.7667264317130247
 31
0
  0
LINE
  5
6B5
330
2
100
AcDbEntity
  8
Muebles
100
AcDbLine
 10
51.04356456687734
 20
0.761576432249619
 30
0
 11
51.004140189117
 21
0.5430480896343113
 31
0
  0
LINE
  5
6B6
330
2
100
AcDbEntity
  8
Muebles
100
AcDbLine
 10
50.95819342192634
 20
0.5082289998556462
 30
0
 11
50.9641357289995
 21
0.5005818165865108
 31
0
  0
LINE
  5
6B7
330
2
100
AcDbEntity
  8
Muebles
100
AcDbLine
 10
50.94292735208839
 20
0.5082289998556462
 30
0
 11
50.95435214485405
 21
0.4942645782337394
 31
0
  0
LINE
  5
6B8
330
2
100
AcDbEntity
  8
Muebles
100
AcDbLine
 10
50.65094784954385
 20
0.5082289998556462
 30
0
 11
50.63952305677819
 21
0.4942575040586519
 31
0
  0
LINE
  5
6B9
330
2
100
AcDbEntity
  8
Muebles
100
AcDbLine
 10
50.63586570825816
 20
0.508066293828648
 30
0
 11
50.62974654680782
 21
0.5005747424114233
 31
0
  0
LINE
  5
6BA
330
2
100
AcDbEntity
  8
Muebles
100
AcDbLine
 10
50.55028233805454
 20
0.761576432249619
 30
0
 11
50.58970671581488
 21
0.5430480896343113
 31
0
  0
LINE
  5
6BB
330
2
100
AcDbEntity
  8
Muebles
100
AcDbLine
 10
53.91048720772208
 20
0.7734964172713745
 30
0
 11
53.91263775694856
 21
0.761576432249619
 31
0
  0
LINE
  5
6BC
330
2
100
AcDbEntity
  8
Muebles
100
AcDbLine
 10
54.40807053499785
 20
0.7735034914464478
 30
0
 11
54.40591998577138
 21
0.761576432249619
 31
0
  0
LINE
  5
6BD
330
2
100
AcDbEntity
  8
Muebles
100
AcDbLine
 10
53.89853892599999
 20
0.7769486147138736
 30
0
 11
53.894803761554
 21
0.7667193575379301
 31
0
  0
LINE
  5
6BE
330
2
100
AcDbEntity
  8
Muebles
100
AcDbLine
 10
53.9080678398423
 20
0.7868878307112368
 30
0
 11
53.91048720772208
 21
0.7734964172713745
 31
0
  0
LINE
  5
6BF
330
2
100
AcDbEntity
  8
Muebles
100
AcDbLine
 10
53.98465285933516
 20
0.8667481932693875
 30
0
 11
53.9080678398423
 21
0.7868878307112368
 31
0
  0
LINE
  5
6C0
330
2
100
AcDbEntity
  8
Muebles
100
AcDbLine
 10
54.33390488338479
 20
0.8667481932693875
 30
0
 11
54.41048990287764
 21
0.7868878307112297
 31
0
  0
LINE
  5
6C1
330
2
100
AcDbEntity
  8
Muebles
100
AcDbLine
 10
54.41048990287764
 20
0.7868878307112297
 30
0
 11
54.40807053499785
 21
0.7735034914464478
 31
0
  0
LINE
  5
6C2
330
2
100
AcDbEntity
  8
Muebles
100
AcDbLine
 10
54.42003296507012
 20
0.7769486147138664
 30
0
 11
54.42376812951611
 21
0.7667264317130247
 31
0
  0
LINE
  5
6C3
330
2
100
AcDbEntity
  8
Muebles
100
AcDbLine
 10
54.40591998577138
 20
0.761576432249619
 30
0
 11
54.36649560801101
 21
0.5430480896343113
 31
0
  0
LINE
  5
6C4
330
2
100
AcDbEntity
  8
Muebles
100
AcDbLine
 10
54.32054884082036
 20
0.5082289998556462
 30
0
 11
54.32648407371843
 21
0.5005818165865108
 31
0
  0
LINE
  5
6C5
330
2
100
AcDbEntity
  8
Muebles
100
AcDbLine
 10
54.30528277098243
 20
0.5082289998556462
 30
0
 11
54.31670756374808
 21
0.4942645782337394
 31
0
  0
LINE
  5
6C6
330
2
100
AcDbEntity
  8
Muebles
100
AcDbLine
 10
54.01329619426279
 20
0.5082289998556462
 30
0
 11
54.00187847567221
 21
0.4942575040586519
 31
0
  0
LINE
  5
6C7
330
2
100
AcDbEntity
  8
Muebles
100
AcDbLine
 10
53.99822112715218
 20
0.508066293828648
 30
0
 11
53.99210196570185
 21
0.5005747424114233
 31
0
  0
LINE
  5
6C8
330
2
100
AcDbEntity
  8
Muebles
100
AcDbLine
 10
53.91263775694856
 20
0.761576432249619
 30
0
 11
53.95205506053384
 21
0.5430480896343113
 31
0
  0
LINE
  5
6C9
330
2
100
AcDbEntity
  8
Muebles
100
AcDbLine
 10
51.767846908994
 20
1.447106443239193
 30
0
 11
51.767846908994
 21
0.345855459081676
 31
0
  0
LINE
  5
6CA
330
2
100
AcDbEntity
  8
Muebles
100
AcDbLine
 10
53.44902461844102
 20
1.447106443239193
 30
0
 11
53.44902461844102
 21
1.018326542860486
 31
0
  0
LINE
  5
6CB
330
2
100
AcDbEntity
  8
0
100
AcDbLine
 10
55.13020232788801
 20
1.018326542860471
 30
0
 11
55.13020232788801
 21
0.345855459081676
 31
0
  0
LINE
  5
6CC
330
2
100
AcDbEntity
  8
0
100
AcDbLine
 10
55.13020232788801
 20
1.447106443239193
 30
0
 11
55.13020232788801
 21
1.018326542860471
 31
0
  0
LINE
  5
6CD
330
2
100
AcDbEntity
  8
0
100
AcDbLine
 10
55.13020232788801
 20
1.914957012623915
 30
0
 11
50.086669199547
 21
1.91495701262393
 31
0
  0
LINE
  5
6CE
330
2
100
AcDbEntity
  8
0
100
AcDbLine
 10
50.086669199547
 20
1.91495701262393
 30
0
 11
50.08666919954698
 21
1.018326542860486
 31
0
  0
LWPOLYLINE
  5
6CF
330
2
100
AcDbEntity
  8
Muebles
370
    25
100
AcDbPolyline
 90
        4
 70
     1
 43
0
 10
51.93802005974053
 20
-7.506902244615169
 10
51.93802005974053
 20
-8.326219872956415
 10
50.80240891240573
 20
-8.326219872956415
 10
50.80240891240573
 20
-7.506902244615169
  0
INSERT
  5
6D0
330
2
100
AcDbEntity
  8
Muebles
100
AcDbBlockReference
  2
18360154
 10
40.44811916788659
 20
-7.515651204711901
 30
0
 41
-0.9720129227578127
 42
0.9720129227578198
 43
0.9720129227578158
 50
180.0000002640163
  0
INSERT
  5
6D1
330
2
100
AcDbEntity
  8
Muebles
100
AcDbBlockReference
  2
33550102
 10
39.64301007152335
 20
-7.046934940659
 30
0
 41
-1.521849628364116
 42
1.521849628364116
 43
1.521849628364117
 50
2.640161689271281E-07
  0
INSERT
  5
6D2
330
2
100
AcDbEntity
  8
0
100
AcDbBlockReference
  2
weorkasd
 10
45.2122865974202
 20
-59.67469793179939
 30
0
 50
90
  0
INSERT
  5
717
330
2
100
AcDbEntity
  8
0
100
AcDbBlockReference
  2
asdkgfgs
 10
-3.176734792710732
 20
-2.63819781577012
 30
0
  0
LINE
  5
759
102
{ACAD_REACTORS
330
146
102
}
330
2
100
AcDbEntity
  8
0
100
AcDbLine
 10
41.38469088552434
 20
-2.08504298737607
 30
0
 11
41.38469088552434
 21
-2.208787068571382
 31
0
  0
LINE
  5
75A
102
{ACAD_REACTORS
330
146
102
}
330
2
100
AcDbEntity
  8
0
100
AcDbLine
 10
41.38469088552434
 20
-2.208787068571382
 30
0
 11
41.58469088552433
 21
-2.208787068571382
 31
0
  0
LINE
  5
75B
102
{ACAD_REACTORS
330
146
102
}
330
2
100
AcDbEntity
  8
0
100
AcDbLine
 10
41.58469088552433
 20
-2.208787068571382
 30
0
 11
41.58469088552433
 21
-2.08504298737607
 31
0
  0
INSERT
  5
75C
330
2
100
AcDbEntity
  8
0
100
AcDbBlockReference
  2
pp
 10
56.37252914340235
 20
6.819234049042578
 30
0
 41
0.881246864607121
 42
0.881246864607121
 43
0.881246864607121
 50
269.9999999999999
  0
INSERT
  5
75D
330
2
100
AcDbEntity
  8
0
100
AcDbBlockReference
  2
pp
 10
47.57128022059394
 20
-10.66290419954687
 30
0
 41
-0.9987079080526133
 42
0.9987079080526211
 43
0.9987079080526211
 50
270.0000000000001
  0
INSERT
  5
75E
330
2
100
AcDbEntity
  8
VENTANAS
100
AcDbBlockReference
  2
ventana1
 10
44.62109901358761
 20
-8.429551946783086
 30
0
 41
0.5934527920914352
 42
0.5934527920914352
 43
0.5934527920914352
  0
LINE
  5
75F
102
{ACAD_REACTORS
330
91
102
}
330
2
100
AcDbEntity
  8
0
100
AcDbLine
 10
44.62109901358755
 20
-8.385042987376067
 30
0
 11
44.62109901358755
 21
-8.58504298737607
 31
0
  0
LINE
  5
760
102
{ACAD_REACTORS
330
8A
102
}
330
2
100
AcDbEntity
  8
0
100
AcDbLine
 10
44.02764622149617
 20
-8.385042987376067
 30
0
 11
44.02764622149617
 21
-8.58504298737607
 31
0
  0
INSERT
  5
761
330
2
100
AcDbEntity
  8
VENTANAS
100
AcDbBlockReference
  2
ventana1
 10
42.59182147236679
 20
-8.429551946783086
 30
0
 41
0.5934527920914352
 42
0.5934527920914352
 43
0.5934527920914352
  0
LINE
  5
762
102
{ACAD_REACTORS
330
8A
102
}
330
2
100
AcDbEntity
  8
0
100
AcDbLine
 10
42.59182147236672
 20
-8.385042987376067
 30
0
 11
42.59182147236672
 21
-8.58504298737607
 31
0
  0
LINE
  5
763
102
{ACAD_REACTORS
330
8A
102
}
330
2
100
AcDbEntity
  8
0
100
AcDbLine
 10
41.99836868027535
 20
-8.385042987376067
 30
0
 11
41.99836868027535
 21
-8.58504298737607
 31
0
  0
INSERT
  5
764
330
2
100
AcDbEntity
  8
VENTANAS
100
AcDbBlockReference
  2
ventana1
 10
40.80762582745287
 20
-8.485042987376069
 30
0
 41
1.193207868207502
 42
1.193207868207502
 43
1.193207868207502
  0
LINE
  5
765
102
{ACAD_REACTORS
330
A1
102
}
330
2
100
AcDbEntity
  8
0
100
AcDbLine
 10
39.61441795924537
 20
-8.385042987376067
 30
0
 11
39.61441795924537
 21
-8.58504298737607
 31
0
  0
LINE
  5
766
102
{ACAD_REACTORS
330
A1
102
}
330
2
100
AcDbEntity
  8
0
100
AcDbLine
 10
40.80762582745287
 20
-8.38504298737606
 30
0
 11
40.80762582745287
 21
-8.58504298737607
 31
0
  0
INSERT
  5
767
330
2
100
AcDbEntity
  8
0
100
AcDbBlockReference
  2
central
 10
47.13258447713098
 20
-48.15587263502202
 30
0
 50
90
  0
INSERT
  5
7F9
330
2
100
AcDbEntity
  8
0
100
AcDbBlockReference
  2
pp
 10
44.16861301034001
 20
-7.287764591985756
 30
0
 41
-0.8859444315287295
 42
0.8859444315287295
 43
0.885944431528729
 50
180
  0
LINE
  5
7FA
102
{ACAD_REACTORS
330
BA
102
}
330
2
100
AcDbEntity
  8
0
100
AcDbLine
 10
51.40917615118858
 20
-5.985042987376076
 30
0
 11
51.50917615118858
 21
-5.985042987376076
 31
0
  0
LINE
  5
7FB
102
{ACAD_REACTORS
330
BA
102
}
330
2
100
AcDbEntity
  8
0
100
AcDbLine
 10
51.40917615118858
 20
-6.08504298737607
 30
0
 11
51.50917615118858
 21
-6.08504298737607
 31
0
  0
LINE
  5
7FC
102
{ACAD_REACTORS
330
BA
102
}
330
2
100
AcDbEntity
  8
0
100
AcDbLine
 10
51.40917615118858
 20
-6.08504298737607
 30
0
 11
51.40917615118858
 21
-5.985042987376076
 31
0
  0
LINE
  5
7FD
330
2
100
AcDbEntity
  8
MURO-PROY
100
AcDbLine
 10
45.10917615118858
 20
-4.88504298737606
 30
0
 11
44.32469088552433
 21
-4.88504298737606
 31
0
  0
LINE
  5
7FE
330
2
100
AcDbEntity
  8
MURO-PROY
100
AcDbLine
 10
45.10917615118858
 20
-5.085042987375992
 30
0
 11
44.32469088552426
 21
-5.085042987375992
 31
0
  0
LINE
  5
7FF
330
2
100
AcDbEntity
  8
0
100
AcDbLine
 10
39.14469088552433
 20
-8.385042987376067
 30
0
 11
39.14469088552433
 21
-4.760691028195481
 31
0
  0
LINE
  5
800
330
2
100
AcDbEntity
  8
0
100
AcDbLine
 10
39.16469088552433
 20
-8.385042987376067
 30
0
 11
39.16469088552433
 21
-4.760691028195481
 31
0
  0
LINE
  5
801
330
2
100
AcDbEntity
  8
0
100
AcDbLine
 10
39.12469088552433
 20
-8.385042987376067
 30
0
 11
39.12469088552433
 21
-4.760691028195481
 31
0
  0
LINE
  5
802
330
2
100
AcDbEntity
  8
0
100
AcDbLine
 10
39.14469088552428
 20
-3.66069102819548
 30
0
 11
39.14469088552428
 21
1.91495701262393
 31
0
  0
LINE
  5
803
330
2
100
AcDbEntity
  8
0
100
AcDbLine
 10
39.16469088552428
 20
-3.66069102819548
 30
0
 11
39.16469088552429
 21
1.91495701262393
 31
0
  0
LINE
  5
804
330
2
100
AcDbEntity
  8
0
100
AcDbLine
 10
39.12469088552428
 20
-3.66069102819548
 30
0
 11
39.12469088552429
 21
1.91495701262393
 31
0
  0
MTEXT
  5
835
330
2
100
AcDbEntity
  8
0
100
AcDbMText
 10
43.60594579273524
 20
0.5165921097386672
 30
0
210
0
220
0
230
1
 11
1
 21
-2.449293598294706E-16
 31
0
 40
0.2
 41
1.128527356371251
 46
0
 71
     1
 72
     5
  1
{\fArial|b0|i0|c0|p34;offices}
  7
Standard
 73
     1
 44
1
101
Embedded Object
 70
     1
 10
43.60594579273524
 20
0.5165921097386672
 30
0
 11
1
 21
-2.449293598294706E-16
 31
0
 40
1.128527356371251
 41
0
 42
0.2066848567530696
 43
0.7874488403819919
 71
     0
  0
MTEXT
  5
836
330
2
100
AcDbEntity
  8
0
100
AcDbMText
 10
48.29539664097297
 20
0.5165921097386672
 30
0
210
0
220
0
230
1
 11
1
 21
-2.449293598294706E-16
 31
0
 40
0.2
 41
1.128527356371251
 46
0
 71
     1
 72
     5
  1
{\fArial|b0|i0|c0|p34;offices}
  7
Standard
 73
     1
 44
1
101
Embedded Object
 70
     1
 10
48.29539664097297
 20
0.5165921097386672
 30
0
 11
1
 21
-2.449293598294706E-16
 31
0
 40
1.128527356371251
 41
0
 42
0.2066848567530696
 43
0.7874488403819919
 71
     0
  0
MTEXT
  5
837
330
2
100
AcDbEntity
  8
0
100
AcDbMText
 10
43.60594579273524
 20
-2.844919723325503
 30
0
210
0
220
0
230
1
 11
1
 21
-2.449293598294706E-16
 31
0
 40
0.2
 41
1.128527356371251
 46
0
 71
     1
 72
     5
  1
{\fArial|b0|i0|c0|p34;offices}
  7
Standard
 73
     1
 44
1
101
Embedded Object
 70
     1
 10
43.60594579273524
 20
-2.844919723325503
 30
0
 11
1
 21
-2.449293598294706E-16
 31
0
 40
1.128527356371251
 41
0
 42
0.2066848567530696
 43
0.7874488403819919
 71
     0
  0
MTEXT
  5
838
330
2
100
AcDbEntity
  8
0
100
AcDbMText
 10
48.29906385685913
 20
-6.272964343966173
 30
0
210
0
220
0
230
1
 11
1
 21
-2.449293598294706E-16
 31
0
 40
0.2
 41
1.710474984943318
 46
0
 71
     1
 72
     5
  1
{\fArial|b0|i0|c0|p34;Call center 1}
  7
Standard
 73
     1
 44
1
101
Embedded Object
 70
     1
 10
48.29906385685913
 20
-6.272964343966173
 30
0
 11
1
 21
-2.449293598294706E-16
 31
0
 40
1.710474984943318
 41
0
 42
0.2068212824010914
 43
1.503274215552524
 71
     0
  0
MTEXT
  5
839
330
2
100
AcDbEntity
  8
0
100
AcDbMText
 10
51.95229337747571
 20
0.08515489569061196
 30
0
210
0
220
0
230
1
 11
1
 21
-2.449293598294706E-16
 31
0
 40
0.2
 41
1.710474984943318
 46
0
 71
     1
 72
     5
  1
{\fArial|b0|i0|c0|p34;Call center 2}
  7
Standard
 73
     1
 44
1
101
Embedded Object
 70
     1
 10
51.95229337747571
 20
0.08515489569061196
 30
0
 11
1
 21
-2.449293598294706E-16
 31
0
 40
1.710474984943318
 41
0
 42
0.2068212824010914
 43
1.539836289222374
 71
     0
  0
MTEXT
  5
83A
330
2
100
AcDbEntity
  8
0
100
AcDbMText
 10
53.35298985080107
 20
-2.891807780452559
 30
0
210
0
220
0
230
1
 11
1
 21
-2.449293598294706E-16
 31
0
 40
0.2
 41
1.128527356371251
 46
0
 71
     1
 72
     5
  1
{\fArial|b0|i0|c0|p34;offices}
  7
Standard
 73
     1
 44
1
101
Embedded Object
 70
     1
 10
53.35298985080107
 20
-2.891807780452559
 30
0
 11
1
 21
-2.449293598294706E-16
 31
0
 40
1.128527356371251
 41
0
 42
0.2066848567530696
 43
0.7874488403819919
 71
     0
  0
MTEXT
  5
83B
330
2
100
AcDbEntity
  8
0
100
AcDbMText
 10
53.74172940049122
 20
-7.51766808959233
 30
0
210
0
220
0
230
1
 11
1
 21
-2.449293598294706E-16
 31
0
 40
0.2
 41
1.128527356371251
 46
0
 71
     1
 72
     5
  1
{\fArial|b0|i0|c0|p34;bathroom}
  7
Standard
 73
     1
 44
1
101
Embedded Object
 70
     1
 10
53.74172940049122
 20
-7.51766808959233
 30
0
 11
1
 21
-2.449293598294706E-16
 31
0
 40
1.128527356371251
 41
0
 42
0.2032742155525239
 43
1.144065484311051
 71
     0
  0
MTEXT
  5
83C
330
2
100
AcDbEntity
  8
0
100
AcDbMText
 10
42.77801315792016
 20
-6.508506416405218
 30
0
210
0
220
0
230
1
 11
1
 21
-2.449293598294706E-16
 31
0
 40
0.2
 41
1.128527356371251
 46
0
 71
     1
 72
     5
  1
{\fArial|b0|i0|c0|p34;offices}
  7
Standard
 73
     1
 44
1
101
Embedded Object
 70
     1
 10
42.77801315792016
 20
-6.508506416405218
 30
0
 11
1
 21
-2.449293598294706E-16
 31
0
 40
1.128527356371251
 41
0
 42
0.2066848567530696
 43
0.7874488403819919
 71
     0
  0
MTEXT
  5
83D
330
2
100
AcDbEntity
  8
0
100
AcDbMText
 10
39.95955103377856
 20
-6.508506416405218
 30
0
210
0
220
0
230
1
 11
1
 21
-2.449293598294706E-16
 31
0
 40
0.2
 41
1.128527356371251
 46
0
 71
     1
 72
     5
  1
{\fArial|b0|i0|c0|p34;reception}
  7
Standard
 73
     1
 44
1
101
Embedded Object
 70
     1
 10
39.95955103377856
 20
-6.508506416405218
 30
0
 11
1
 21
-2.449293598294706E-16
 31
0
 40
1.128527356371251
 41
0
 42
0.255525238744884
 43
1.112005457025921
 71
     0
  0
MTEXT
  5
83E
330
2
100
AcDbEntity
  8
0
100
AcDbMText
 10
39.95955103377856
 20
-5.659925111965276
 30
0
210
0
220
0
230
1
 11
1
 21
-2.449293598294706E-16
 31
0
 40
0.2
 41
1.128527356371251
 46
0
 71
     1
 72
     5
  1
{\fArial|b0|i0|c0|p34;reception}
  7
Standard
 73
     1
 44
1
101
Embedded Object
 70
     1
 10
39.95955103377856
 20
-5.659925111965276
 30
0
 11
1
 21
-2.449293598294706E-16
 31
0
 40
1.128527356371251
 41
0
 42
0.255525238744884
 43
1.112005457025921
 71
     0
  0
ENDSEC
  0
SECTION
  2
OBJECTS
  0
DICTIONARY
  5
3
330
2
100
AcDbDictionary
280
     1
281
     1
  3
ACAD_SORTENTS
360
805
  0
ACDBPLACEHOLDER
  5
7
102
{ACAD_REACTORS
330
8
102
}
330
8
  0
ACDBDICTIONARYWDFLT
  5
8
102
{ACAD_REACTORS
330
9
102
}
330
9
100
AcDbDictionary
281
     1
  3
Normal
350
7
100
AcDbDictionaryWithDefault
340
7
  0
DICTIONARY
  5
9
330
0
100
AcDbDictionary
281
     1
  3
ACAD_CIP_PREVIOUS_PRODUCT_INFO
350
832
  3
ACAD_COLOR
350
32
  3
ACAD_DETAILVIEWSTYLE
350
82C
  3
ACAD_GROUP
350
2D
  3
ACAD_LAYOUT
350
F
  3
ACAD_MATERIAL
350
B
  3
ACAD_MLEADERSTYLE
350
35
  3
ACAD_MLINESTYLE
350
2E
  3
ACAD_PLOTSETTINGS
350
2F
  3
ACAD_PLOTSTYLENAME
350
8
  3
ACAD_SCALELIST
350
33
  3
ACAD_SECTIONVIEWSTYLE
350
82A
  3
ACAD_TABLESTYLE
350
34
  3
ACAD_VISUALSTYLE
350
22
  3
AcDbVariableDictionary
350
808
  0
DICTIONARY
  5
B
102
{ACAD_REACTORS
330
9
102
}
330
9
100
AcDbDictionary
281
     1
  3
ByBlock
350
31
  3
ByLayer
350
30
  3
Global
350
A
  0
LAYOUT
  5
E
102
{ACAD_REACTORS
330
F
102
}
330
F
100
AcDbPlotSettings
  1

  2
none_device
  4
ANSI_A_(8.50_x_11.00_Inches)
  6

 40
6.349999904632568
 41
19.04999923706055
 42
6.350006103515625
 43
19.04998779296875
 44
215.8999938964844
 45
279.3999938964844
 46
0
 47
0
 48
0
 49
0
140
0
141
0
142
1
143
2.584895464708374
 70
 11952
 72
     0
 73
     1
 74
     0
  7
monochrome.ctb
 75
     0
147
0.3868628397755418
148
0
149
0
 76
     0
 77
     2
 78
   300
333
0
100
AcDbLayout
  1
Model
 70
     1
 71
     0
 10
0
 20
0
 11
12
 21
9
 12
0
 22
0
 32
0
 14
0
 24
0
 34
0
 15
0
 25
0
 35
0
146
0
 13
0
 23
0
 33
0
 16
1
 26
0
 36
0
 17
0
 27
1
 37
0
 76
     0
330
2
331
20
  0
DICTIONARY
  5
F
102
{ACAD_REACTORS
330
9
102
}
330
9
100
AcDbDictionary
281
     1
  3
Layout1
350
13
  3
Model
350
E
  0
LAYOUT
  5
13
102
{ACAD_REACTORS
330
F
102
}
330
F
100
AcDbPlotSettings
  1

  2
None
  4

  6

 40
0
 41
0
 42
0
 43
0
 44
0
 45
0
 46
0
 47
0
 48
0
 49
0
140
0
141
0
142
1
143
1
 70
   688
 72
     0
 73
     0
 74
     5
  7
monochrome.ctb
 75
    16
147
1
148
0
149
0
 76
     0
 77
     2
 78
   300
333
0
100
AcDbLayout
  1
Layout1
 70
     1
 71
     1
 10
0
 20
0
 11
12
 21
9
 12
0
 22
0
 32
0
 14
0
 24
0
 34
0
 15
0
 25
0
 35
0
146
0
 13
0
 23
0
 33
0
 16
1
 26
0
 36
0
 17
0
 27
1
 37
0
 76
     0
330
10
  0
DICTIONARY
  5
15
330
14
100
AcDbDictionary
280
     1
281
     1
  3
ACAD_LAYERSTATES
360
16
  0
DICTIONARY
  5
16
102
{ACAD_REACTORS
330
15
102
}
330
15
100
AcDbDictionary
281
     1
  0
VISUALSTYLE
  5
21
102
{ACAD_REACTORS
330
22
102
}
330
22
100
AcDbVisualStyle
  2
2dWireframe
 70
     4
177
     2
291
     0
 70
    58
 90
        0
176
     1
 90
        2
176
     1
 90
        1
176
     1
 90
        0
176
     1
 40
0.6
176
     1
 40
30
176
     1
 62
     7
420
-1023410177
176
     1
 90
        1
176
     1
 90
        4
176
     1
 62
     7
176
     1
 62
   257
176
     1
 90
        1
176
     1
 90
        1
176
     1
 40
1
176
     1
 90
        0
176
     1
 62
   257
176
     1
 40
1
176
     1
 90
        1
176
     1
 90
        6
176
     1
 90
        2
176
     1
 62
     7
176
     1
 90
        5
176
     1
 90
        0
176
     1
 90
        0
176
     1
290
     0
176
     1
 90
        1
176
     1
 40
0
176
     1
 90
        0
176
     1
290
     1
176
     1
290
     1
176
     1
290
     0
176
     1
290
     0
290
     0
176
     1
290
     0
290
     0
176
     1
290
     0
176
     1
290
     0
176
     1
 90
       50
176
     1
 40
0
176
     1
 40
1
176
     1
 90
        0
176
     1
 62
     0
420
-1040187392
176
     1
 90
       50
176
     1
 90
        3
176
     1
 62
     5
420
-1040187137
176
     1
290
     0
176
     1
 90
       50
176
     1
 90
       50
176
     1
 90
       50
176
     1
290
     0
176
     1
 90
       50
176
     1
 62
     0
176
     0
 40
1
176
     0
 90
        2
176
     1
  1
strokes_ogs.tif
176
     1
290
     0
176
     1
 40
1
176
     1
 40
1
176
     1
  0
DICTIONARY
  5
22
102
{ACAD_REACTORS
330
9
102
}
330
9
100
AcDbDictionary
281
     1
  3
2dWireframe
350
21
  3
3dWireframe
350
39
  3
Basic
350
817
  3
Brighten
350
81C
  3
ColorChange
350
820
  3
Conceptual
350
81A
  3
Dim
350
81B
  3
EdgeColorOff
350
828
  3
Facepattern
350
81F
  3
Flat
350
813
  3
FlatWithEdges
350
814
  3
Gouraud
350
815
  3
GouraudWithEdges
350
816
  3
Hidden
350
819
  3
JitterOff
350
826
  3
Linepattern
350
81E
  3
OverhangOff
350
827
  3
Realistic
350
38
  3
Shaded
350
825
  3
Shaded with edges
350
824
  3
Shades of Gray
350
821
  3
Sketchy
350
822
  3
Thicken
350
81D
  3
Wireframe
350
818
  3
X-Ray
350
823
  0
DICTIONARY
  5
2D
102
{ACAD_REACTORS
330
9
102
}
330
9
100
AcDbDictionary
281
     1
  0
DICTIONARY
  5
2E
102
{ACAD_REACTORS
330
9
102
}
330
9
100
AcDbDictionary
281
     1
  3
Standard
350
36
  0
DICTIONARY
  5
2F
102
{ACAD_REACTORS
330
9
102
}
330
9
100
AcDbDictionary
281
     1
  0
DICTIONARY
  5
32
102
{ACAD_REACTORS
330
9
102
}
330
9
100
AcDbDictionary
281
     1
  0
DICTIONARY
  5
33
102
{ACAD_REACTORS
330
9
102
}
330
9
100
AcDbDictionary
281
     1
  3
A0
350
3A
  3
A1
350
3B
  3
A2
350
3C
  3
A3
350
3D
  3
A4
350
3E
  3
A5
350
3F
  3
A6
350
40
  3
A7
350
41
  3
A8
350
42
  3
A9
350
43
  3
B0
350
44
  3
B1
350
45
  3
B2
350
46
  3
B3
350
47
  3
B4
350
48
  3
B5
350
49
  3
B6
350
4A
  0
DICTIONARY
  5
34
102
{ACAD_REACTORS
330
9
102
}
330
9
100
AcDbDictionary
281
     1
  3
Standard
350
37
  0
DICTIONARY
  5
35
102
{ACAD_REACTORS
330
9
102
}
330
9
100
AcDbDictionary
281
     1
  3
Standard
350
829
  0
MLINESTYLE
  5
36
102
{ACAD_REACTORS
330
2E
102
}
330
2E
100
AcDbMlineStyle
  2
STANDARD
 70
     0
  3

 62
     0
 51
90
 52
90
 71
     2
 49
0.5
 62
     0
  6
ByLayer
 49
-0.5
 62
     0
  6
ByLayer
  0
VISUALSTYLE
  5
38
102
{ACAD_REACTORS
330
22
102
}
330
22
100
AcDbVisualStyle
  2
Realistic
 70
     8
177
     2
291
     0
 70
    58
 90
        2
176
     1
 90
        2
176
     1
 90
        1
176
     1
 90
        0
176
     1
 40
0.6
176
     1
 40
30
176
     1
 62
     7
420
-1023410177
176
     1
 90
        1
176
     1
 90
        0
176
     1
 62
     7
176
     1
 62
   257
176
     1
 90
        1
176
     1
 90
        1
176
     1
 40
1
176
     1
 90
        8
176
     1
 62
   256
420
-1032292232
176
     1
 40
1
176
     1
 90
        1
176
     1
 90
        6
176
     1
 90
        2
176
     1
 62
     7
176
     1
 90
        5
176
     1
 90
        0
176
     1
 90
        0
176
     1
290
     0
176
     1
 90
       13
176
     1
 40
0
176
     1
 90
        0
176
     1
290
     0
176
     1
290
     1
176
     1
290
     1
176
     1
290
     0
290
     0
176
     1
290
     0
290
     0
176
     1
290
     0
176
     1
290
     0
176
     1
 90
       50
176
     1
 40
0
176
     1
 40
1
176
     1
 90
        0
176
     1
 62
     0
420
-1040187392
176
     1
 90
       50
176
     1
 90
        3
176
     1
 62
     5
420
-1040187137
176
     1
290
     0
176
     1
 90
       50
176
     1
 90
       50
176
     1
 90
       50
176
     1
290
     0
176
     1
 90
       50
176
     1
 62
     0
176
     0
 40
1
176
     0
 90
        2
176
     1
  1
strokes_ogs.tif
176
     1
290
     0
176
     1
 40
1
176
     1
 40
1
176
     1
  0
VISUALSTYLE
  5
39
102
{ACAD_REACTORS
330
22
102
}
330
22
100
AcDbVisualStyle
  2
3dWireframe
 70
     5
177
     2
291
     0
 70
    58
 90
        0
176
     1
 90
        2
176
     1
 90
        1
176
     1
 90
        0
176
     1
 40
0.6
176
     1
 40
30
176
     1
 62
     7
420
-1023410177
176
     1
 90
        1
176
     1
 90
        4
176
     1
 62
     7
176
     1
 62
   257
176
     1
 90
        1
176
     1
 90
        1
176
     1
 40
1
176
     1
 90
        0
176
     1
 62
   257
176
     1
 40
1
176
     1
 90
        1
176
     1
 90
        6
176
     1
 90
        2
176
     1
 62
     7
176
     1
 90
        5
176
     1
 90
        0
176
     1
 90
        0
176
     1
290
     0
176
     1
 90
        1
176
     1
 40
0
176
     1
 90
        0
176
     1
290
     0
176
     1
290
     1
176
     1
290
     1
176
     1
290
     0
290
     0
176
     1
290
     0
290
     0
176
     1
290
     0
176
     1
290
     0
176
     1
 90
       50
176
     1
 40
0
176
     1
 40
1
176
     1
 90
        0
176
     1
 62
     0
420
-1040187392
176
     1
 90
       50
176
     1
 90
        3
176
     1
 62
     5
420
-1040187137
176
     1
290
     0
176
     1
 90
       50
176
     1
 90
       50
176
     1
 90
       50
176
     1
290
     0
176
     1
 90
       50
176
     1
 62
     0
176
     0
 40
1
176
     0
 90
        2
176
     1
  1
strokes_ogs.tif
176
     1
290
     0
176
     1
 40
1
176
     1
 40
1
176
     1
  0
SCALE
  5
3A
102
{ACAD_REACTORS
330
33
102
}
330
33
100
AcDbScale
 70
     0
300
1:1
140
1
141
1
290
     1
  0
SCALE
  5
3B
102
{ACAD_REACTORS
330
33
102
}
330
33
100
AcDbScale
 70
     0
300
1/128" = 1'-0"
140
0.0078125
141
12
290
     0
  0
SCALE
  5
3C
102
{ACAD_REACTORS
330
33
102
}
330
33
100
AcDbScale
 70
     0
300
1/64" = 1'-0"
140
0.015625
141
12
290
     0
  0
SCALE
  5
3D
102
{ACAD_REACTORS
330
33
102
}
330
33
100
AcDbScale
 70
     0
300
1/32" = 1'-0"
140
0.03125
141
12
290
     0
  0
SCALE
  5
3E
102
{ACAD_REACTORS
330
33
102
}
330
33
100
AcDbScale
 70
     0
300
1/16" = 1'-0"
140
0.0625
141
12
290
     0
  0
SCALE
  5
3F
102
{ACAD_REACTORS
330
33
102
}
330
33
100
AcDbScale
 70
     0
300
3/32" = 1'-0"
140
0.09375
141
12
290
     0
  0
SCALE
  5
40
102
{ACAD_REACTORS
330
33
102
}
330
33
100
AcDbScale
 70
     0
300
1/8" = 1'-0"
140
0.125
141
12
290
     0
  0
SCALE
  5
41
102
{ACAD_REACTORS
330
33
102
}
330
33
100
AcDbScale
 70
     0
300
3/16" = 1'-0"
140
0.1875
141
12
290
     0
  0
SCALE
  5
42
102
{ACAD_REACTORS
330
33
102
}
330
33
100
AcDbScale
 70
     0
300
1/4" = 1'-0"
140
0.25
141
12
290
     0
  0
SCALE
  5
43
102
{ACAD_REACTORS
330
33
102
}
330
33
100
AcDbScale
 70
     0
300
3/8" = 1'-0"
140
0.375
141
12
290
     0
  0
SCALE
  5
44
102
{ACAD_REACTORS
330
33
102
}
330
33
100
AcDbScale
 70
     0
300
1/2" = 1'-0"
140
0.5
141
12
290
     0
  0
SCALE
  5
45
102
{ACAD_REACTORS
330
33
102
}
330
33
100
AcDbScale
 70
     0
300
3/4" = 1'-0"
140
0.75
141
12
290
     0
  0
SCALE
  5
46
102
{ACAD_REACTORS
330
33
102
}
330
33
100
AcDbScale
 70
     0
300
1" = 1'-0"
140
1
141
12
290
     0
  0
SCALE
  5
47
102
{ACAD_REACTORS
330
33
102
}
330
33
100
AcDbScale
 70
     0
300
1-1/2" = 1'-0"
140
1.5
141
12
290
     0
  0
SCALE
  5
48
102
{ACAD_REACTORS
330
33
102
}
330
33
100
AcDbScale
 70
     0
300
3" = 1'-0"
140
3
141
12
290
     0
  0
SCALE
  5
49
102
{ACAD_REACTORS
330
33
102
}
330
33
100
AcDbScale
 70
     0
300
6" = 1'-0"
140
6
141
12
290
     0
  0
SCALE
  5
4A
102
{ACAD_REACTORS
330
33
102
}
330
33
100
AcDbScale
 70
     0
300
1'-0" = 1'-0"
140
12
141
12
290
     0
  0
DICTIONARY
  5
161
330
160
100
AcDbDictionary
280
     1
281
     1
  3
ADSK_XREC_LAYER_RECONCILED
360
162
  0
XRECORD
  5
162
102
{ACAD_REACTORS
330
161
102
}
330
161
100
AcDbXrecord
280
     1
290
     1
  0
DICTIONARY
  5
165
330
164
100
AcDbDictionary
280
     1
281
     1
  3
ADSK_XREC_LAYER_RECONCILED
360
166
  0
XRECORD
  5
166
102
{ACAD_REACTORS
330
165
102
}
330
165
100
AcDbXrecord
280
     1
290
     1
  0
DICTIONARY
  5
178
330
177
100
AcDbDictionary
280
     1
281
     1
  3
ADSK_XREC_LAYER_RECONCILED
360
179
  0
XRECORD
  5
179
102
{ACAD_REACTORS
330
178
102
}
330
178
100
AcDbXrecord
280
     1
290
     1
  0
DICTIONARY
  5
1DE
330
1DD
100
AcDbDictionary
280
     1
281
     1
  3
ADSK_XREC_LAYER_RECONCILED
360
1DF
  0
XRECORD
  5
1DF
102
{ACAD_REACTORS
330
1DE
102
}
330
1DE
100
AcDbXrecord
280
     1
290
     1
  0
DICTIONARY
  5
1E4
330
1E3
100
AcDbDictionary
280
     1
281
     1
  3
ADSK_XREC_LAYER_RECONCILED
360
1E5
  0
XRECORD
  5
1E5
102
{ACAD_REACTORS
330
1E4
102
}
330
1E4
100
AcDbXrecord
280
     1
290
     1
  0
DICTIONARY
  5
202
330
201
100
AcDbDictionary
280
     1
281
     1
  3
ADSK_XREC_LAYER_RECONCILED
360
203
  0
XRECORD
  5
203
102
{ACAD_REACTORS
330
202
102
}
330
202
100
AcDbXrecord
280
     1
290
     1
  0
SORTENTSTABLE
  5
805
102
{ACAD_REACTORS
330
3
102
}
330
3
100
AcDbSortentsTable
  0
DICTIONARY
  5
808
102
{ACAD_REACTORS
330
9
102
}
330
9
100
AcDbDictionary
281
     1
  3
CANNOSCALE
350
80E
  3
CMLEADERSTYLE
350
80A
  3
CTABLESTYLE
350
809
  3
CVIEWDETAILSTYLE
350
80B
  3
CVIEWSECTIONSTYLE
350
80C
  3
LAYEREVAL
350
810
  3
LAYERNOTIFY
350
811
  3
LIGHTINGUNITS
350
80F
  3
MSLTSCALE
350
80D
  0
DICTIONARYVAR
  5
809
102
{ACAD_REACTORS
330
808
102
}
330
808
100
DictionaryVariables
280
     0
  1
STANDARD
  0
DICTIONARYVAR
  5
80A
102
{ACAD_REACTORS
330
808
102
}
330
808
100
DictionaryVariables
280
     0
  1
STANDARD
  0
DICTIONARYVAR
  5
80B
102
{ACAD_REACTORS
330
808
102
}
330
808
100
DictionaryVariables
280
     0
  1
Imperial24
  0
DICTIONARYVAR
  5
80C
102
{ACAD_REACTORS
330
808
102
}
330
808
100
DictionaryVariables
280
     0
  1
Imperial24
  0
DICTIONARYVAR
  5
80D
102
{ACAD_REACTORS
330
808
102
}
330
808
100
DictionaryVariables
280
     0
  1
0
  0
DICTIONARYVAR
  5
80E
102
{ACAD_REACTORS
330
808
102
}
330
808
100
DictionaryVariables
280
     0
  1
1:1
  0
DICTIONARYVAR
  5
80F
102
{ACAD_REACTORS
330
808
102
}
330
808
100
DictionaryVariables
280
     0
  1
0
  0
DICTIONARYVAR
  5
810
102
{ACAD_REACTORS
330
808
102
}
330
808
100
DictionaryVariables
280
     0
  1
1
  0
DICTIONARYVAR
  5
811
102
{ACAD_REACTORS
330
808
102
}
330
808
100
DictionaryVariables
280
     0
  1
15
  0
VISUALSTYLE
  5
813
102
{ACAD_REACTORS
330
22
102
}
330
22
100
AcDbVisualStyle
  2
Flat
 70
     0
177
     2
291
     1
 70
    58
 90
        2
176
     1
 90
        1
176
     1
 90
        1
176
     1
 90
        2
176
     1
 40
0.6
176
     1
 40
30
176
     1
 62
     7
420
-1023410177
176
     1
 90
        0
176
     1
 90
        0
176
     1
 62
     7
176
     1
 62
   257
176
     1
 90
        1
176
     1
 90
        1
176
     1
 40
1
176
     1
 90
        8
176
     1
 62
     7
176
     1
 40
1
176
     1
 90
        1
176
     1
 90
        6
176
     1
 90
        2
176
     1
 62
     7
176
     1
 90
        5
176
     1
 90
        0
176
     1
 90
        0
176
     1
290
     0
176
     1
 90
       13
176
     1
 40
0
176
     1
 90
        0
176
     1
290
     0
176
     1
290
     1
176
     1
290
     1
176
     1
290
     0
290
     0
176
     1
290
     0
290
     0
176
     1
290
     0
176
     1
290
     0
176
     1
 90
       50
176
     1
 40
0
176
     1
 40
1
176
     1
 90
        0
176
     1
 62
     0
420
-1040187392
176
     1
 90
       50
176
     1
 90
        3
176
     1
 62
     5
420
-1040187137
176
     1
290
     0
176
     1
 90
       50
176
     1
 90
       50
176
     1
 90
       50
176
     1
290
     0
176
     1
 90
       50
176
     1
 62
     0
176
     0
 40
1
176
     0
 90
        2
176
     1
  1
strokes_ogs.tif
176
     1
290
     0
176
     1
 40
1
176
     1
 40
1
176
     1
  0
VISUALSTYLE
  5
814
102
{ACAD_REACTORS
330
22
102
}
330
22
100
AcDbVisualStyle
  2
FlatWithEdges
 70
     1
177
     2
291
     1
 70
    58
 90
        2
176
     1
 90
        1
176
     1
 90
        1
176
     1
 90
        2
176
     1
 40
0.6
176
     1
 40
30
176
     1
 62
     7
420
-1023410177
176
     1
 90
        1
176
     1
 90
        0
176
     1
 62
     7
176
     1
 62
   257
176
     1
 90
        1
176
     1
 90
        1
176
     1
 40
1
176
     1
 90
        0
176
     1
 62
   257
176
     1
 40
1
176
     1
 90
        1
176
     1
 90
        6
176
     1
 90
        2
176
     1
 62
     7
176
     1
 90
        5
176
     1
 90
        0
176
     1
 90
        0
176
     1
290
     0
176
     1
 90
       13
176
     1
 40
0
176
     1
 90
        0
176
     1
290
     0
176
     1
290
     1
176
     1
290
     1
176
     1
290
     0
290
     0
176
     1
290
     0
290
     0
176
     1
290
     0
176
     1
290
     0
176
     1
 90
       50
176
     1
 40
0
176
     1
 40
1
176
     1
 90
        0
176
     1
 62
     0
420
-1040187392
176
     1
 90
       50
176
     1
 90
        3
176
     1
 62
     5
420
-1040187137
176
     1
290
     0
176
     1
 90
       50
176
     1
 90
       50
176
     1
 90
       50
176
     1
290
     0
176
     1
 90
       50
176
     1
 62
     0
176
     0
 40
1
176
     0
 90
        2
176
     1
  1
strokes_ogs.tif
176
     1
290
     0
176
     1
 40
1
176
     1
 40
1
176
     1
  0
VISUALSTYLE
  5
815
102
{ACAD_REACTORS
330
22
102
}
330
22
100
AcDbVisualStyle
  2
Gouraud
 70
     2
177
     2
291
     1
 70
    58
 90
        2
176
     1
 90
        2
176
     1
 90
        1
176
     1
 90
        2
176
     1
 40
0.6
176
     1
 40
30
176
     1
 62
     7
420
-1023410177
176
     1
 90
        0
176
     1
 90
        0
176
     1
 62
     7
176
     1
 62
   257
176
     1
 90
        1
176
     1
 90
        1
176
     1
 40
1
176
     1
 90
        0
176
     1
 62
     7
176
     1
 40
1
176
     1
 90
        1
176
     1
 90
        6
176
     1
 90
        2
176
     1
 62
     7
176
     1
 90
        5
176
     1
 90
        0
176
     1
 90
        0
176
     1
290
     0
176
     1
 90
       13
176
     1
 40
0
176
     1
 90
        0
176
     1
290
     0
176
     1
290
     1
176
     1
290
     1
176
     1
290
     0
290
     0
176
     1
290
     0
290
     0
176
     1
290
     0
176
     1
290
     0
176
     1
 90
       50
176
     1
 40
0
176
     1
 40
1
176
     1
 90
        0
176
     1
 62
     0
420
-1040187392
176
     1
 90
       50
176
     1
 90
        3
176
     1
 62
     5
420
-1040187137
176
     1
290
     0
176
     1
 90
       50
176
     1
 90
       50
176
     1
 90
       50
176
     1
290
     0
176
     1
 90
       50
176
     1
 62
     0
176
     0
 40
1
176
     0
 90
        2
176
     1
  1
strokes_ogs.tif
176
     1
290
     0
176
     1
 40
1
176
     1
 40
1
176
     1
  0
VISUALSTYLE
  5
816
102
{ACAD_REACTORS
330
22
102
}
330
22
100
AcDbVisualStyle
  2
GouraudWithEdges
 70
     3
177
     2
291
     1
 70
    58
 90
        2
176
     1
 90
        2
176
     1
 90
        1
176
     1
 90
        2
176
     1
 40
0.6
176
     1
 40
30
176
     1
 62
     7
420
-1023410177
176
     1
 90
        1
176
     1
 90
        0
176
     1
 62
     7
176
     1
 62
   257
176
     1
 90
        1
176
     1
 90
        1
176
     1
 40
1
176
     1
 90
        0
176
     1
 62
   257
176
     1
 40
1
176
     1
 90
        1
176
     1
 90
        6
176
     1
 90
        2
176
     1
 62
     7
176
     1
 90
        5
176
     1
 90
        0
176
     1
 90
        0
176
     1
290
     0
176
     1
 90
       13
176
     1
 40
0
176
     1
 90
        0
176
     1
290
     0
176
     1
290
     1
176
     1
290
     1
176
     1
290
     0
290
     0
176
     1
290
     0
290
     0
176
     1
290
     0
176
     1
290
     0
176
     1
 90
       50
176
     1
 40
0
176
     1
 40
1
176
     1
 90
        0
176
     1
 62
     0
420
-1040187392
176
     1
 90
       50
176
     1
 90
        3
176
     1
 62
     5
420
-1040187137
176
     1
290
     0
176
     1
 90
       50
176
     1
 90
       50
176
     1
 90
       50
176
     1
290
     0
176
     1
 90
       50
176
     1
 62
     0
176
     0
 40
1
176
     0
 90
        2
176
     1
  1
strokes_ogs.tif
176
     1
290
     0
176
     1
 40
1
176
     1
 40
1
176
     1
  0
VISUALSTYLE
  5
817
102
{ACAD_REACTORS
330
22
102
}
330
22
100
AcDbVisualStyle
  2
Basic
 70
     7
177
     2
291
     1
 70
    58
 90
        1
176
     1
 90
        0
176
     1
 90
        1
176
     1
 90
        0
176
     1
 40
0.6
176
     1
 40
30
176
     1
 62
     7
420
-1023410177
176
     1
 90
        0
176
     1
 90
        4
176
     1
 62
     7
176
     1
 62
   257
176
     1
 90
        1
176
     1
 90
        1
176
     1
 40
1
176
     1
 90
        8
176
     1
 62
     7
176
     1
 40
1
176
     1
 90
        1
176
     1
 90
        6
176
     1
 90
        2
176
     1
 62
     7
176
     1
 90
        5
176
     1
 90
        0
176
     1
 90
        0
176
     1
290
     0
176
     1
 90
        1
176
     1
 40
0
176
     1
 90
        0
176
     1
290
     0
176
     1
290
     1
176
     1
290
     1
176
     1
290
     0
290
     0
176
     1
290
     0
290
     0
176
     1
290
     0
176
     1
290
     0
176
     1
 90
       50
176
     1
 40
0
176
     1
 40
1
176
     1
 90
        0
176
     1
 62
     0
420
-1040187392
176
     1
 90
       50
176
     1
 90
        3
176
     1
 62
     5
420
-1040187137
176
     1
290
     0
176
     1
 90
       50
176
     1
 90
       50
176
     1
 90
       50
176
     1
290
     0
176
     1
 90
       50
176
     1
 62
     0
176
     0
 40
1
176
     0
 90
        2
176
     1
  1
strokes_ogs.tif
176
     1
290
     0
176
     1
 40
1
176
     1
 40
1
176
     1
  0
VISUALSTYLE
  5
818
102
{ACAD_REACTORS
330
22
102
}
330
22
100
AcDbVisualStyle
  2
Wireframe
 70
     5
177
     2
291
     0
 70
    58
 90
        0
176
     1
 90
        2
176
     1
 90
        0
176
     1
 90
        0
176
     1
 40
0.6
176
     1
 40
30
176
     1
 62
     7
420
-1023410177
176
     1
 90
        1
176
     1
 90
        4
176
     1
 62
     7
176
     1
 62
   257
176
     1
 90
        1
176
     1
 90
        1
176
     1
 40
1
176
     1
 90
        0
176
     1
 62
   257
176
     1
 40
1
176
     1
 90
        1
176
     1
 90
        6
176
     1
 90
        2
176
     1
 62
     7
176
     1
 90
        3
176
     1
 90
        0
176
     1
 90
        0
176
     1
290
     0
176
     1
 90
        1
176
     1
 40
0
176
     1
 90
        0
176
     1
290
     0
176
     1
290
     1
176
     1
290
     1
176
     1
290
     0
290
     0
176
     1
290
     0
290
     0
176
     1
290
     0
176
     1
290
     0
176
     1
 90
       50
176
     1
 40
0
176
     1
 40
1
176
     1
 90
        0
176
     1
 62
     0
420
-1040187392
176
     1
 90
       50
176
     1
 90
        3
176
     1
 62
     5
420
-1040187137
176
     1
290
     0
176
     1
 90
       50
176
     1
 90
       50
176
     1
 90
       50
176
     1
290
     0
176
     1
 90
       50
176
     1
 62
     0
176
     0
 40
1
176
     0
 90
        2
176
     1
  1
strokes_ogs.tif
176
     1
290
     0
176
     1
 40
1
176
     1
 40
1
176
     1
  0
VISUALSTYLE
  5
819
102
{ACAD_REACTORS
330
22
102
}
330
22
100
AcDbVisualStyle
  2
Hidden
 70
     6
177
     2
291
     0
 70
    58
 90
        1
176
     1
 90
        2
176
     1
 90
        2
176
     1
 90
        0
176
     1
 40
0.6
176
     1
 40
30
176
     1
 62
     7
420
-1023410177
176
     1
 90
        2
176
     1
 90
        2
176
     1
 62
     7
176
     1
 62
   257
176
     1
 90
        2
176
     1
 90
        1
176
     1
 40
40
176
     1
 90
        0
176
     1
 62
   257
176
     1
 40
1
176
     1
 90
        1
176
     1
 90
        6
176
     1
 90
        2
176
     1
 62
     7
176
     1
 90
        3
176
     1
 90
        0
176
     1
 90
        0
176
     1
290
     0
176
     1
 90
        1
176
     1
 40
0
176
     1
 90
        0
176
     1
290
     0
176
     1
290
     1
176
     1
290
     1
176
     1
290
     0
290
     0
176
     1
290
     0
290
     0
176
     1
290
     0
176
     1
290
     0
176
     1
 90
       50
176
     1
 40
0
176
     1
 40
1
176
     1
 90
        0
176
     1
 62
     0
420
-1040187392
176
     1
 90
       50
176
     1
 90
        3
176
     1
 62
     5
420
-1040187137
176
     1
290
     0
176
     1
 90
       50
176
     1
 90
       50
176
     1
 90
       50
176
     1
290
     0
176
     1
 90
       50
176
     1
 62
     0
176
     0
 40
1
176
     0
 90
        2
176
     1
  1
strokes_ogs.tif
176
     1
290
     0
176
     1
 40
1
176
     1
 40
1
176
     1
  0
VISUALSTYLE
  5
81A
102
{ACAD_REACTORS
330
22
102
}
330
22
100
AcDbVisualStyle
  2
Conceptual
 70
     9
177
     2
291
     0
 70
    58
 90
        3
176
     1
 90
        2
176
     1
 90
        0
176
     1
 90
        0
176
     1
 40
0.6
176
     1
 40
30
176
     1
 62
     7
420
-1023410177
176
     1
 90
        2
176
     1
 90
        2
176
     1
 62
     7
176
     1
 62
   257
176
     1
 90
        1
176
     1
 90
        1
176
     1
 40
179
176
     1
 90
        8
176
     1
 62
     7
176
     1
 40
1
176
     1
 90
        1
176
     1
 90
        6
176
     1
 90
        2
176
     1
 62
     7
176
     1
 90
        3
176
     1
 90
        0
176
     1
 90
        0
176
     1
290
     0
176
     1
 90
        1
176
     1
 40
0
176
     1
 90
        0
176
     1
290
     0
176
     1
290
     1
176
     1
290
     1
176
     1
290
     0
290
     0
176
     1
290
     0
290
     0
176
     1
290
     0
176
     1
290
     0
176
     1
 90
       50
176
     1
 40
0
176
     1
 40
1
176
     1
 90
        0
176
     1
 62
     0
420
-1040187392
176
     1
 90
       50
176
     1
 90
        3
176
     1
 62
     5
420
-1040187137
176
     1
290
     0
176
     1
 90
       50
176
     1
 90
       50
176
     1
 90
       50
176
     1
290
     0
176
     1
 90
       50
176
     1
 62
     0
176
     0
 40
1
176
     0
 90
        2
176
     1
  1
strokes_ogs.tif
176
     1
290
     0
176
     1
 40
1
176
     1
 40
1
176
     1
  0
VISUALSTYLE
  5
81B
102
{ACAD_REACTORS
330
22
102
}
330
22
100
AcDbVisualStyle
  2
Dim
 70
    11
177
     2
291
     1
 70
    58
 90
        2
176
     1
 90
        2
176
     1
 90
        0
176
     1
 90
        0
176
     1
 40
0.6
176
     1
 40
30
176
     1
 62
     7
420
-1023410177
176
     1
 90
        1
176
     1
 90
        4
176
     1
 62
     7
176
     1
 62
   257
176
     1
 90
        1
176
     1
 90
        1
176
     1
 40
1
176
     1
 90
        8
176
     1
 62
     7
176
     1
 40
1
176
     1
 90
        1
176
     1
 90
        6
176
     1
 90
        2
176
     1
 62
     7
176
     1
 90
        5
176
     1
 90
        0
176
     1
 90
        0
176
     1
290
     0
176
     1
 90
        1
176
     1
 40
-50
176
     1
 90
        0
176
     1
290
     0
176
     1
290
     1
176
     1
290
     1
176
     1
290
     0
290
     0
176
     1
290
     0
290
     0
176
     1
290
     0
176
     1
290
     0
176
     1
 90
       50
176
     1
 40
0
176
     1
 40
1
176
     1
 90
        0
176
     1
 62
     0
420
-1040187392
176
     1
 90
       50
176
     1
 90
        3
176
     1
 62
     5
420
-1040187137
176
     1
290
     0
176
     1
 90
       50
176
     1
 90
       50
176
     1
 90
       50
176
     1
290
     0
176
     1
 90
       50
176
     1
 62
     0
176
     0
 40
1
176
     0
 90
        2
176
     1
  1
strokes_ogs.tif
176
     1
290
     0
176
     1
 40
1
176
     1
 40
1
176
     1
  0
VISUALSTYLE
  5
81C
102
{ACAD_REACTORS
330
22
102
}
330
22
100
AcDbVisualStyle
  2
Brighten
 70
    12
177
     2
291
     1
 70
    58
 90
        2
176
     1
 90
        2
176
     1
 90
        0
176
     1
 90
        0
176
     1
 40
0.6
176
     1
 40
30
176
     1
 62
     7
420
-1023410177
176
     1
 90
        1
176
     1
 90
        4
176
     1
 62
     7
176
     1
 62
   257
176
     1
 90
        1
176
     1
 90
        1
176
     1
 40
1
176
     1
 90
        8
176
     1
 62
     7
176
     1
 40
1
176
     1
 90
        1
176
     1
 90
        6
176
     1
 90
        2
176
     1
 62
     7
176
     1
 90
        5
176
     1
 90
        0
176
     1
 90
        0
176
     1
290
     0
176
     1
 90
        1
176
     1
 40
50
176
     1
 90
        0
176
     1
290
     0
176
     1
290
     1
176
     1
290
     1
176
     1
290
     0
290
     0
176
     1
290
     0
290
     0
176
     1
290
     0
176
     1
290
     0
176
     1
 90
       50
176
     1
 40
0
176
     1
 40
1
176
     1
 90
        0
176
     1
 62
     0
420
-1040187392
176
     1
 90
       50
176
     1
 90
        3
176
     1
 62
     5
420
-1040187137
176
     1
290
     0
176
     1
 90
       50
176
     1
 90
       50
176
     1
 90
       50
176
     1
290
     0
176
     1
 90
       50
176
     1
 62
     0
176
     0
 40
1
176
     0
 90
        2
176
     1
  1
strokes_ogs.tif
176
     1
290
     0
176
     1
 40
1
176
     1
 40
1
176
     1
  0
VISUALSTYLE
  5
81D
102
{ACAD_REACTORS
330
22
102
}
330
22
100
AcDbVisualStyle
  2
Thicken
 70
    13
177
     2
291
     1
 70
    58
 90
        2
176
     1
 90
        2
176
     1
 90
        0
176
     1
 90
        0
176
     1
 40
0.6
176
     1
 40
30
176
     1
 62
     7
420
-1023410177
176
     1
 90
        1
176
     1
 90
        4
176
     1
 62
     7
176
     1
 62
   257
176
     1
 90
        1
176
     1
 90
        1
176
     1
 40
1
176
     1
 90
       12
176
     1
 62
     7
176
     1
 40
1
176
     1
 90
        1
176
     1
 90
        6
176
     1
 90
        2
176
     1
 62
     7
176
     1
 90
        5
176
     1
 90
        0
176
     1
 90
        0
176
     1
290
     0
176
     1
 90
        1
176
     1
 40
0
176
     1
 90
        0
176
     1
290
     0
176
     1
290
     1
176
     1
290
     1
176
     1
290
     0
290
     0
176
     1
290
     0
290
     0
176
     1
290
     0
176
     1
290
     0
176
     1
 90
       50
176
     1
 40
0
176
     1
 40
1
176
     1
 90
        0
176
     1
 62
     0
420
-1040187392
176
     1
 90
       50
176
     1
 90
        3
176
     1
 62
     5
420
-1040187137
176
     1
290
     0
176
     1
 90
       50
176
     1
 90
       50
176
     1
 90
       50
176
     1
290
     0
176
     1
 90
       50
176
     1
 62
     0
176
     0
 40
1
176
     0
 90
        2
176
     1
  1
strokes_ogs.tif
176
     1
290
     0
176
     1
 40
1
176
     1
 40
1
176
     1
  0
VISUALSTYLE
  5
81E
102
{ACAD_REACTORS
330
22
102
}
330
22
100
AcDbVisualStyle
  2
Linepattern
 70
    14
177
     2
291
     1
 70
    58
 90
        2
176
     1
 90
        2
176
     1
 90
        0
176
     1
 90
        0
176
     1
 40
0.6
176
     1
 40
30
176
     1
 62
     7
420
-1023410177
176
     1
 90
        1
176
     1
 90
        4
176
     1
 62
     7
176
     1
 62
   257
176
     1
 90
        7
176
     1
 90
        7
176
     1
 40
1
176
     1
 90
        8
176
     1
 62
     7
176
     1
 40
1
176
     1
 90
        1
176
     1
 90
        6
176
     1
 90
        2
176
     1
 62
     7
176
     1
 90
        5
176
     1
 90
        0
176
     1
 90
        0
176
     1
290
     0
176
     1
 90
        1
176
     1
 40
0
176
     1
 90
        0
176
     1
290
     0
176
     1
290
     1
176
     1
290
     1
176
     1
290
     0
290
     0
176
     1
290
     0
290
     0
176
     1
290
     0
176
     1
290
     0
176
     1
 90
       50
176
     1
 40
0
176
     1
 40
1
176
     1
 90
        0
176
     1
 62
     0
420
-1040187392
176
     1
 90
       50
176
     1
 90
        3
176
     1
 62
     5
420
-1040187137
176
     1
290
     0
176
     1
 90
       50
176
     1
 90
       50
176
     1
 90
       50
176
     1
290
     0
176
     1
 90
       50
176
     1
 62
     0
176
     0
 40
1
176
     0
 90
        2
176
     1
  1
strokes_ogs.tif
176
     1
290
     0
176
     1
 40
1
176
     1
 40
1
176
     1
  0
VISUALSTYLE
  5
81F
102
{ACAD_REACTORS
330
22
102
}
330
22
100
AcDbVisualStyle
  2
Facepattern
 70
    15
177
     2
291
     1
 70
    58
 90
        2
176
     1
 90
        2
176
     1
 90
        0
176
     1
 90
        0
176
     1
 40
0.6
176
     1
 40
30
176
     1
 62
     7
420
-1023410177
176
     1
 90
        1
176
     1
 90
        4
176
     1
 62
     7
176
     1
 62
   257
176
     1
 90
        1
176
     1
 90
        1
176
     1
 40
1
176
     1
 90
        8
176
     1
 62
     7
176
     1
 40
1
176
     1
 90
        1
176
     1
 90
        6
176
     1
 90
        2
176
     1
 62
     7
176
     1
 90
        5
176
     1
 90
        0
176
     1
 90
        0
176
     1
290
     0
176
     1
 90
        1
176
     1
 40
0
176
     1
 90
        0
176
     1
290
     0
176
     1
290
     1
176
     1
290
     1
176
     1
290
     0
290
     0
176
     1
290
     0
290
     0
176
     1
290
     0
176
     1
290
     0
176
     1
 90
       50
176
     1
 40
0
176
     1
 40
1
176
     1
 90
        0
176
     1
 62
     0
420
-1040187392
176
     1
 90
       50
176
     1
 90
        3
176
     1
 62
     5
420
-1040187137
176
     1
290
     0
176
     1
 90
       50
176
     1
 90
       50
176
     1
 90
       50
176
     1
290
     0
176
     1
 90
       50
176
     1
 62
     0
176
     0
 40
1
176
     0
 90
        2
176
     1
  1
strokes_ogs.tif
176
     1
290
     0
176
     1
 40
1
176
     1
 40
1
176
     1
  0
VISUALSTYLE
  5
820
102
{ACAD_REACTORS
330
22
102
}
330
22
100
AcDbVisualStyle
  2
ColorChange
 70
    16
177
     2
291
     1
 70
    58
 90
        2
176
     1
 90
        2
176
     1
 90
        3
176
     1
 90
        0
176
     1
 40
0.6
176
     1
 40
30
176
     1
 62
     9
420
-1031765888
176
     1
 90
        1
176
     1
 90
        4
176
     1
 62
     7
176
     1
 62
   257
176
     1
 90
        1
176
     1
 90
        1
176
     1
 40
1
176
     1
 90
        8
176
     1
 62
     9
420
-1031765888
176
     1
 40
1
176
     1
 90
        1
176
     1
 90
        6
176
     1
 90
        2
176
     1
 62
     7
176
     1
 90
        5
176
     1
 90
        0
176
     1
 90
        0
176
     1
290
     0
176
     1
 90
        1
176
     1
 40
0
176
     1
 90
        0
176
     1
290
     0
176
     1
290
     1
176
     1
290
     1
176
     1
290
     0
290
     0
176
     1
290
     0
290
     0
176
     1
290
     0
176
     1
290
     0
176
     1
 90
       50
176
     1
 40
0
176
     1
 40
1
176
     1
 90
        0
176
     1
 62
     0
420
-1040187392
176
     1
 90
       50
176
     1
 90
        3
176
     1
 62
     5
420
-1040187137
176
     1
290
     0
176
     1
 90
       50
176
     1
 90
       50
176
     1
 90
       50
176
     1
290
     0
176
     1
 90
       50
176
     1
 62
     0
176
     0
 40
1
176
     0
 90
        2
176
     1
  1
strokes_ogs.tif
176
     1
290
     0
176
     1
 40
1
176
     1
 40
1
176
     1
  0
VISUALSTYLE
  5
821
102
{ACAD_REACTORS
330
22
102
}
330
22
100
AcDbVisualStyle
  2
Shades of Gray
 70
    23
177
     2
291
     0
 70
    58
 90
        2
176
     1
 90
        2
176
     1
 90
        3
176
     1
 90
        0
176
     1
 40
0.6
176
     1
 40
30
176
     1
 62
     7
420
-1023410177
176
     1
 90
        2
176
     1
 90
        2
176
     1
 62
     7
176
     1
 62
     7
176
     1
 90
        1
176
     1
 90
        1
176
     1
 40
40
176
     1
 90
        8
176
     1
 62
     7
176
     1
 40
1
176
     1
 90
        1
176
     1
 90
        6
176
     1
 90
        2
176
     1
 62
     7
176
     1
 90
        3
176
     1
 90
        0
176
     1
 90
        0
176
     1
290
     0
176
     1
 90
        1
176
     1
 40
0
176
     1
 90
        0
176
     1
290
     0
176
     1
290
     1
176
     1
290
     1
176
     1
290
     0
290
     0
176
     1
290
     0
290
     0
176
     1
290
     0
176
     1
290
     0
176
     1
 90
       50
176
     1
 40
0
176
     1
 40
1
176
     1
 90
        0
176
     1
 62
     0
420
-1040187392
176
     1
 90
       50
176
     1
 90
        3
176
     1
 62
     5
420
-1040187137
176
     1
290
     0
176
     1
 90
       50
176
     1
 90
       50
176
     1
 90
       50
176
     1
290
     0
176
     1
 90
       50
176
     1
 62
     0
176
     0
 40
1
176
     0
 90
        2
176
     1
  1
strokes_ogs.tif
176
     1
290
     0
176
     1
 40
1
176
     1
 40
1
176
     1
  0
VISUALSTYLE
  5
822
102
{ACAD_REACTORS
330
22
102
}
330
22
100
AcDbVisualStyle
  2
Sketchy
 70
    24
177
     2
291
     0
 70
    58
 90
        1
176
     1
 90
        2
176
     1
 90
        2
176
     1
 90
        0
176
     1
 40
0.6
176
     1
 40
30
176
     1
 62
     7
420
-1023410177
176
     1
 90
        2
176
     1
 90
        2
176
     1
 62
     7
176
     1
 62
     7
176
     1
 90
        1
176
     1
 90
        1
176
     1
 40
40
176
     1
 90
       11
176
     1
 62
     7
176
     1
 40
1
176
     1
 90
        1
176
     1
 90
        6
176
     1
 90
        2
176
     1
 62
     7
176
     1
 90
        6
176
     1
 90
        0
176
     1
 90
        0
176
     1
290
     0
176
     1
 90
        1
176
     1
 40
0
176
     1
 90
        0
176
     1
290
     0
176
     1
290
     1
176
     1
290
     1
176
     1
290
     0
290
     0
176
     1
290
     0
290
     0
176
     1
290
     0
176
     1
290
     0
176
     1
 90
       50
176
     1
 40
0
176
     1
 40
1
176
     1
 90
        0
176
     1
 62
     0
420
-1040187392
176
     1
 90
       50
176
     1
 90
        3
176
     1
 62
     5
420
-1040187137
176
     1
290
     0
176
     1
 90
       50
176
     1
 90
       50
176
     1
 90
       50
176
     1
290
     0
176
     1
 90
       50
176
     1
 62
     0
176
     0
 40
1
176
     0
 90
        2
176
     1
  1
strokes_ogs.tif
176
     1
290
     0
176
     1
 40
1
176
     1
 40
1
176
     1
  0
VISUALSTYLE
  5
823
102
{ACAD_REACTORS
330
22
102
}
330
22
100
AcDbVisualStyle
  2
X-Ray
 70
    25
177
     2
291
     0
 70
    58
 90
        2
176
     1
 90
        2
176
     1
 90
        1
176
     1
 90
        1
176
     1
 40
0.5
176
     1
 40
30
176
     1
 62
     7
420
-1023410177
176
     1
 90
        1
176
     1
 90
        0
176
     1
 62
     7
176
     1
 62
   257
176
     1
 90
        1
176
     1
 90
        1
176
     1
 40
1
176
     1
 90
        8
176
     1
 62
     7
176
     1
 40
1
176
     1
 90
        1
176
     1
 90
        6
176
     1
 90
        2
176
     1
 62
     7
176
     1
 90
        3
176
     1
 90
        0
176
     1
 90
        0
176
     1
290
     0
176
     1
 90
       13
176
     1
 40
0
176
     1
 90
        0
176
     1
290
     0
176
     1
290
     1
176
     1
290
     1
176
     1
290
     0
290
     0
176
     1
290
     0
290
     0
176
     1
290
     0
176
     1
290
     0
176
     1
 90
       50
176
     1
 40
0
176
     1
 40
1
176
     1
 90
        0
176
     1
 62
     0
420
-1040187392
176
     1
 90
       50
176
     1
 90
        3
176
     1
 62
     5
420
-1040187137
176
     1
290
     0
176
     1
 90
       50
176
     1
 90
       50
176
     1
 90
       50
176
     1
290
     0
176
     1
 90
       50
176
     1
 62
     0
176
     0
 40
1
176
     0
 90
        2
176
     1
  1
strokes_ogs.tif
176
     1
290
     0
176
     1
 40
1
176
     1
 40
1
176
     1
  0
VISUALSTYLE
  5
824
102
{ACAD_REACTORS
330
22
102
}
330
22
100
AcDbVisualStyle
  2
Shaded with edges
 70
    26
177
     2
291
     0
 70
    58
 90
        2
176
     1
 90
        2
176
     1
 90
        1
176
     1
 90
        2
176
     1
 40
0.6
176
     1
 40
30
176
     1
 62
     7
420
-1023410177
176
     1
 90
        1
176
     1
 90
        2
176
     1
 62
     7
176
     1
 62
   257
176
     1
 90
        2
176
     1
 90
        1
176
     1
 40
1
176
     1
 90
        8
176
     1
 62
   257
176
     1
 40
1
176
     1
 90
        1
176
     1
 90
        6
176
     1
 90
        2
176
     1
 62
     7
176
     1
 90
        3
176
     1
 90
        0
176
     1
 90
        0
176
     1
290
     0
176
     1
 90
        5
176
     1
 40
0
176
     1
 90
        0
176
     1
290
     0
176
     1
290
     1
176
     1
290
     1
176
     1
290
     0
290
     0
176
     1
290
     0
290
     0
176
     1
290
     0
176
     1
290
     0
176
     1
 90
       50
176
     1
 40
0
176
     1
 40
1
176
     1
 90
        0
176
     1
 62
     0
420
-1040187392
176
     1
 90
       50
176
     1
 90
        3
176
     1
 62
     5
420
-1040187137
176
     1
290
     0
176
     1
 90
       50
176
     1
 90
       50
176
     1
 90
       50
176
     1
290
     0
176
     1
 90
       50
176
     1
 62
     0
176
     0
 40
1
176
     0
 90
        2
176
     1
  1
strokes_ogs.tif
176
     1
290
     0
176
     1
 40
1
176
     1
 40
1
176
     1
  0
VISUALSTYLE
  5
825
102
{ACAD_REACTORS
330
22
102
}
330
22
100
AcDbVisualStyle
  2
Shaded
 70
    27
177
     2
291
     0
 70
    58
 90
        2
176
     1
 90
        2
176
     1
 90
        1
176
     1
 90
        2
176
     1
 40
0.6
176
     1
 40
30
176
     1
 62
     7
420
-1023410177
176
     1
 90
        0
176
     1
 90
        4
176
     1
 62
     7
176
     1
 62
   257
176
     1
 90
        1
176
     1
 90
        1
176
     1
 40
1
176
     1
 90
        8
176
     1
 62
   257
176
     1
 40
1
176
     1
 90
        1
176
     1
 90
        6
176
     1
 90
        2
176
     1
 62
   256
420
-1032292232
176
     1
 90
        3
176
     1
 90
        0
176
     1
 90
        0
176
     1
290
     0
176
     1
 90
        5
176
     1
 40
0
176
     1
 90
        0
176
     1
290
     0
176
     1
290
     1
176
     1
290
     1
176
     1
290
     0
290
     0
176
     1
290
     0
290
     0
176
     1
290
     0
176
     1
290
     0
176
     1
 90
       50
176
     1
 40
0
176
     1
 40
1
176
     1
 90
        0
176
     1
 62
     0
420
-1040187392
176
     1
 90
       50
176
     1
 90
        3
176
     1
 62
     5
420
-1040187137
176
     1
290
     0
176
     1
 90
       50
176
     1
 90
       50
176
     1
 90
       50
176
     1
290
     0
176
     1
 90
       50
176
     1
 62
     0
176
     0
 40
1
176
     0
 90
        2
176
     1
  1
strokes_ogs.tif
176
     1
290
     0
176
     1
 40
1
176
     1
 40
1
176
     1
  0
VISUALSTYLE
  5
826
102
{ACAD_REACTORS
330
22
102
}
330
22
100
AcDbVisualStyle
  2
JitterOff
 70
    20
177
     2
291
     1
 70
    58
 90
        2
176
     0
 90
        2
176
     0
 90
        0
176
     0
 90
        0
176
     0
 40
0.6
176
     0
 40
30
176
     0
 62
     7
420
-1023410177
176
     0
 90
        1
176
     0
 90
        4
176
     0
 62
     7
176
     0
 62
   257
176
     0
 90
        1
176
     0
 90
        1
176
     0
 40
1
176
     0
 90
       10
176
     2
 62
     7
176
     0
 40
1
176
     0
 90
        1
176
     0
 90
        6
176
     0
 90
        2
176
     0
 62
     7
176
     0
 90
        5
176
     0
 90
        0
176
     0
 90
        0
176
     0
290
     0
176
     0
 90
        1
176
     0
 40
0
176
     0
 90
        0
176
     0
290
     0
176
     0
290
     1
176
     0
290
     1
176
     0
290
     0
290
     0
176
     0
290
     0
290
     0
176
     0
290
     0
176
     0
290
     0
176
     0
 90
       50
176
     0
 40
0
176
     0
 40
1
176
     0
 90
        0
176
     0
 62
     0
420
-1040187392
176
     0
 90
       50
176
     0
 90
        3
176
     0
 62
     5
420
-1040187137
176
     0
290
     0
176
     0
 90
       50
176
     0
 90
       50
176
     0
 90
       50
176
     0
290
     0
176
     0
 90
       50
176
     0
 62
     0
176
     0
 40
1
176
     0
 90
        2
176
     0
  1
strokes_ogs.tif
176
     0
290
     0
176
     0
 40
1
176
     0
 40
1
176
     0
  0
VISUALSTYLE
  5
827
102
{ACAD_REACTORS
330
22
102
}
330
22
100
AcDbVisualStyle
  2
OverhangOff
 70
    21
177
     2
291
     1
 70
    58
 90
        2
176
     0
 90
        2
176
     0
 90
        0
176
     0
 90
        0
176
     0
 40
0.6
176
     0
 40
30
176
     0
 62
     7
420
-1023410177
176
     0
 90
        1
176
     0
 90
        4
176
     0
 62
     7
176
     0
 62
   257
176
     0
 90
        1
176
     0
 90
        1
176
     0
 40
1
176
     0
 90
        9
176
     2
 62
     7
176
     0
 40
1
176
     0
 90
        1
176
     0
 90
        6
176
     0
 90
        2
176
     0
 62
     7
176
     0
 90
        5
176
     0
 90
        0
176
     0
 90
        0
176
     0
290
     0
176
     0
 90
        1
176
     0
 40
0
176
     0
 90
        0
176
     0
290
     0
176
     0
290
     1
176
     0
290
     1
176
     0
290
     0
290
     0
176
     0
290
     0
290
     0
176
     0
290
     0
176
     0
290
     0
176
     0
 90
       50
176
     0
 40
0
176
     0
 40
1
176
     0
 90
        0
176
     0
 62
     0
420
-1040187392
176
     0
 90
       50
176
     0
 90
        3
176
     0
 62
     5
420
-1040187137
176
     0
290
     0
176
     0
 90
       50
176
     0
 90
       50
176
     0
 90
       50
176
     0
290
     0
176
     0
 90
       50
176
     0
 62
     0
176
     0
 40
1
176
     0
 90
        2
176
     0
  1
strokes_ogs.tif
176
     0
290
     0
176
     0
 40
1
176
     0
 40
1
176
     0
  0
VISUALSTYLE
  5
828
102
{ACAD_REACTORS
330
22
102
}
330
22
100
AcDbVisualStyle
  2
EdgeColorOff
 70
    22
177
     2
291
     1
 70
    58
 90
        2
176
     0
 90
        2
176
     0
 90
        0
176
     0
 90
        0
176
     0
 40
0.6
176
     0
 40
30
176
     0
 62
     7
420
-1023410177
176
     0
 90
        1
176
     0
 90
        4
176
     0
 62
     7
176
     0
 62
   257
176
     0
 90
        1
176
     0
 90
        1
176
     0
 40
1
176
     0
 90
        8
176
     2
 62
     7
176
     0
 40
1
176
     0
 90
        1
176
     0
 90
        6
176
     0
 90
        2
176
     0
 62
     7
176
     0
 90
        5
176
     0
 90
        0
176
     0
 90
        0
176
     0
290
     0
176
     0
 90
        1
176
     0
 40
0
176
     0
 90
        0
176
     0
290
     0
176
     0
290
     1
176
     0
290
     1
176
     0
290
     0
290
     0
176
     0
290
     0
290
     0
176
     0
290
     0
176
     0
290
     0
176
     0
 90
       50
176
     0
 40
0
176
     0
 40
1
176
     0
 90
        0
176
     0
 62
     0
420
-1040187392
176
     0
 90
       50
176
     0
 90
        3
176
     0
 62
     5
420
-1040187137
176
     0
290
     0
176
     0
 90
       50
176
     0
 90
       50
176
     0
 90
       50
176
     0
290
     0
176
     0
 90
       50
176
     0
 62
     0
176
     0
 40
1
176
     0
 90
        2
176
     0
  1
strokes_ogs.tif
176
     0
290
     0
176
     0
 40
1
176
     0
 40
1
176
     0
  0
DICTIONARY
  5
82A
102
{ACAD_REACTORS
330
9
102
}
330
9
100
AcDbDictionary
281
     1
  3
Imperial24
350
82B
  0
ACDBSECTIONVIEWSTYLE
  5
82B
102
{ACAD_REACTORS
330
82A
102
}
330
82A
100
AcDbModelDocViewStyle
 70
     0
  3
Imperial24
290
     1
300
Imperial24
 90
        0
100
AcDbSectionViewStyle
 70
     0
 71
     0
 90
       78
 71
     1
340
18
 62
     0
 40
0.24
340
0
340
0
 62
     0
 40
0.24
300
I, O, Q, S, X, Z
 40
0.48
 90
        3
 40
0.18
 90
        1
 71
     2
340
C
 90
       25
 62
     0
340
C
 90
       50
 62
     0
 40
0.24
 40
0
 40
0.24
 71
     3
340
18
 62
     0
 40
0.24
 90
        1
 40
0.75
 90
        1
300
%<\AcVar ViewType \f "%tc1">% %<\AcVar ViewSectionStartId>%-%<\AcVar ViewSectionEndId>%\PSCALE %<\AcVar ViewScale \f "%sn">%
 71
     4
 62
     0
 62
   257
300
ANSI31
 40
1
 90
        0
290
     0
290
     0
 90
        6
 40
0
 40
1.570796326794897
 40
0.2617993877991494
 40
1.308996938995747
 40
-0.2617993877991494
 40
1.832595714594046
  0
DICTIONARY
  5
82C
102
{ACAD_REACTORS
330
9
102
}
330
9
100
AcDbDictionary
281
     1
  3
Imperial24
350
82D
  0
ACDBDETAILVIEWSTYLE
  5
82D
102
{ACAD_REACTORS
330
82C
102
}
330
82C
100
AcDbModelDocViewStyle
 70
     0
  3
Imperial24
290
     1
300
Imperial24
 90
        0
100
AcDbDetailViewStyle
 70
     0
 71
     0
 90
        3
 71
     1
340
18
 62
     0
 40
0.24
340
0
 62
     0
 40
0.24
300

 40
0.36
280
     3
 71
     2
340
C
 90
       25
 62
     0
 71
     3
340
18
 62
     0
 40
0.24
 90
        1
 40
0.75
 90
        1
300
%<\AcVar ViewType \f "%tc1">% %<\AcVar ViewDetailId>%\PSCALE %<\AcVar ViewScale \f "%sn">%
 71
     4
340
C
 90
       25
 62
     0
340
C
 90
       25
 62
     0
280
     0
  0
XRECORD
  5
832
102
{ACAD_REACTORS
330
9
102
}
330
9
100
AcDbXrecord
280
     1
300
ACD
300
2019
300
ACD_F_S
  0
DICTIONARY
  5
83F
330
6
100
AcDbDictionary
280
     1
281
     1
  3
ADSK_XREC_LAYER_RECONCILED
360
840
  0
XRECORD
  5
840
102
{ACAD_REACTORS
330
83F
102
}
330
83F
100
AcDbXrecord
280
     1
290
     1
  0
DICTIONARY
  5
841
330
14A
100
AcDbDictionary
280
     1
281
     1
  3
ADSK_XREC_LAYER_RECONCILED
360
842
  0
XRECORD
  5
842
102
{ACAD_REACTORS
330
841
102
}
330
841
100
AcDbXrecord
280
     1
290
     1
  0
DICTIONARY
  5
843
330
226
100
AcDbDictionary
280
     1
281
     1
  3
ADSK_XREC_LAYER_RECONCILED
360
844
  0
XRECORD
  5
844
102
{ACAD_REACTORS
330
843
102
}
330
843
100
AcDbXrecord
280
     1
290
     1
  0
DICTIONARY
  5
845
330
5A6
100
AcDbDictionary
280
     1
281
     1
  3
ADSK_XREC_LAYER_RECONCILED
360
846
  0
XRECORD
  5
846
102
{ACAD_REACTORS
330
845
102
}
330
845
100
AcDbXrecord
280
     1
290
     1
  0
DICTIONARY
  5
847
330
5A3
100
AcDbDictionary
280
     1
281
     1
  3
ADSK_XREC_LAYER_RECONCILED
360
848
  0
XRECORD
  5
848
102
{ACAD_REACTORS
330
847
102
}
330
847
100
AcDbXrecord
280
     1
290
     1
  0
DICTIONARY
  5
851
330
A
100
AcDbDictionary
280
     1
281
     1
  3
FBXASSET
360
852
  0
XRECORD
  5
852
102
{ACAD_REACTORS
330
851
102
}
330
851
100
AcDbXrecord
280
     1
 70
     1
 90
2070111275
 71
     1
  1
2FE145DF-EDC2-4400-9AF1-AF812DB210D4
311
504B03041400060808000C808C5062E8724C16010000A80100004F00000035383532464544342D464142442D343239352D423845442D3838424336453537363746372F4173736574446174612F446566696E6974696F6E4974657261746F7250726F706572746965732E62696E4D90C14EC4201086D183C68307131FC08307
311
2F5868A1B026C694029E4C8C3E80612B6E9BB0ED6669E3D13DFA08BE83EFE80A9126920CDFFC30CCFCE11300B04F2BA4E020C42EECA781F7B6B7DBAE796E5ABB36E0289EB86169DC65C80A8618C30AC132573524521750304E21A3652D30516541F561A83B0E21ED9B99DC185B3E74BEB1CE99DE0E933F0B0769C6C5DA8C61
311
9671D7F1D1090011BB1060BEF0B1D3EACF5134F91EC2BC6E6EEE8CF776BCCD28A7B95692405D090949BEA050702521E7A22E156525D32C7BB27E98B68DF559A8C5844A0D95AC734808427051690C2BCD712E458E9124D9D84EF16BCEA38D656F3A97A12C5978D9F4ABFD070057DF3FF83F51D23379D2331F939ED9263D7397
311
F4CCAFA47F01504B03041400060808000C808C501E31BF7B00010000300200004500000035383532464544342D464142442D343239352D423845442D3838424336453537363746372F4173736574446174612F496E7374616E636550726F706572746965732E62696EEB606060F80F0540260323103700495E20ED9E9A975A
311
94991C9C9C919A9BA802143072733534317571D375757136D235313130D0B5747433D47574B3303472713232347031614768046931363471713532B5D435353131D635313332D475727372D13534373670367376B67474B5042A03DBCBA019D37FE8ABC6157B20CD04146B0062181F4C03F940F0C11EA29A8141C08141002C
311
0426541C106CAC2CA046088033B02A030AC2157C6006F21A8018AAF50194E6010A610250382264E08660284CD9E98021862280A91564B406929A0FF62C401E28B6F88038B83CB1243943D7A928312F2535052403520FA4E000C4E7807805AC0B6616C2B970A560062EFD00504B03041400060808000C808C5088E57597CD3F
311
0000904100006B00000035383532464544342D464142442D343239352D423845442D3838424336453537363746372F5265736F75726365732F32464531343544462D454443322D343430302D394146312D4146383132444232313044342F7468756D626E61696C2F302F67656E657269635F706E67355B773CD4FF1FBF73E7
311
1C0E67EF7576C9DEF3EC995D46C6A1EC5046649CBDF79E192942562825CE965D8A868C2842C8DE9FDFD1F7E7F138F7078FCF6B3F5FCFD7EBFDFEC41B196891913091804020321D6D7513FC77D8C5070EC3FFEE51B21F068154CC75D455CC028A3EA68992803810109FDDE5D5CEC5521B28A1B422BF80741695D5B529DA1C2D
311
058AD2388BDA9F476F7C2CADC939304173DBF48A452BF8A700C0C70C3D121C1AA15A5270C22E2B9E28763651F7DA0D12CE11077B2ECD0D560B5E3DE2368B1E65C5E1C87384A4CC5F2D9FB8BE39E9B77C753783A37998F5CEF1B4FEE553463245C9712270880DF339E0B882A6BA713D865F6F384C842D440934EF264F4A304F
311
8DE4EEFA1E2BF5E2D91F5ADD9613D6E31DDB33ED31DB1D7916CAF091286EA3D31B9CFECB78BB0060245B943C4C040119FF780A74DD308BA9D028678674EB5504ECF284EE814DAED07440BAF649BE4B55DA2890F4D73E2D489A59EE54FDB0A85B59F2F52C4858A02705C4815A792B0C4A996A2023ECB195073E115E3E3647F6
311
4243A8338F2000BCB58DA5692C7E7C3D413F963FEDF3CF00FBB0F831A9D51360FECA43819F527B89FA260EB63C5DA676830AA3626A3693B23F1A17A0DFFCE3EE164E31B5365EDF0C89EF64D8E38AB0BA9A1117D7C3A0EC44F44F4023095E80BA610DE336D0F99593A88BFC5306E72DF98F7FD132ED95878DF2964EA7E43071
311
359FD83B2BDF9C6B5BDF768F0F3C0FC351199526F53D9460A34511F75D1B63E488178569472C91A94497807A3FD4A390C6558F26D416365C3656DE6E769DA9D8FC73774E1709812842DD8EF96AED1960F79D21B395CDDFE6F92CB4EB962A4668C76990E2EF29798C8941D67DA50F4A5F947872460F1F6FDB794E8A29FD7AC0
311
C0D6E0714339CE258FB17AE8535221E3464A10F29A0BE5EEECEFC5675926A89F49EB14E5711894F6586DB5754EB4D5DA9C6437EBA57DB97A24F8B8A8DB295FFD73266CF57E82694DF5166DDF93573AFE9C9C5EB05F8FEF8E89E0A8917B0B3724DB7BEBB53252581EFC3E38166BA131A3A5B42FE2AD00A769BBFA4458D2DE78
311
22F8C4F63D0B8E21B285AE13325F3410A435C648C9D91FDEB109E73CEDA7BC796961AF79175E1A3CE4C5E8B0D009B0C9E29EFD98BC8E97554E3D8D838424E270F7685226E5AC268E021EDE3522D583E8F20C0BDE2959EF5BBFEEDAB32FE9A3ED0E39F211A86AA9DEBFC68182EDED132AB8BB794442D2D7EA9F4D8BFF52BC4D
311
55BB165124EE90A42D101E67BBBB292FFB4F66DE5BF2300E44546757DA7CEF8932BFC9F92A0707953491A55C5A5ACEDABD9FA1AEA01BAC3DC5A24E22E7C47213493996EFBC369D086ED9397C9BA6C7F9855C7BD5E15BFC8C53DB3D2A4C5901A57ACD2FBDF4D1676E95338B2C2BCE65FDA4C64F5FEFDC7D9CA5AA1FCF11E193
311
F2FDABF0F4916BF13FB916A224380E6462A9815F2300DC49CC4DF8D055CEF76462F4B7A7ACA7365C2707891370BC1D0AA6203C44CCAB47084FEC057F27FFCD57F89B8B9852459798A675C66BD7CE572CAF71FF7E6D7ECF7BF62CAB7B3F1107DCD04DC55A3F9961700286141C94A4F771FEB2BCDA2DDEE0CB0BAE402FF1DB01
311
00F8E475DFFFC074DDB4498AB7D186A7654DDB1CB680D703D47CEB4E72F8CB13D86A4AA68116E26387B93FD6738779B34FEDB8E517EDF2BAF28D9BE93A1D3A164320E07D42E514725C29515FF361754213EDE06B079A2E99EB1CA82A02019EADEEB87B9AF005BD04BBCECB14AACD6B24EFBE482194A97DD32400685FF1FEF1
311
544D1B14EFB1E7F08E6D2CD2AF52DE757F35F5E62332EE88EA26417AD5C3E0E319D68F25414E6D672BD4522B278C57D18F0113921C71D96527E091F00CEB15AE23D24667369BD3CEFA10C7549D930890BA4366F4EBC55F01F746109F98ABCDD5A3EE06619C6AD78AB33E48E4C9BD21BF7478B385EC05C4F8987E2C1BFA0A60
311
EBEDAA0AE0B015C2720ECE180FB6F2DEFBEB822D96338C9B63822183BBF52FB664A7AE57003AABCE512BF77E7E31BDA2E739AC4C131657DDFE5225E900FB56CC01CDE808FA4A9C9DA16AC679656BB64796283D89812B8F91136AE18EE5EBBAF47A73BE3C153EB5D4CD491B4BFB4FE690A4CF9ABA08C0D8AA64220C438C96EA
311
6CA80B58FE5761E697B3A292EB9FBDA502FA863E49FE694ADDFFF9D62C520BDD1A22014147A0903A05B9B729F54272EF83931FEEC057BFF8C8055C279EAC5C0011804828734024F6CFA319C9CC6867C727184465CD9BB7ED386AFFD96B294A85E3802FAE47244602D8273615952B98C4F23F7EAE4463D9D638EEE374A20959
311
E0FE519C4CFB0FBFE5DD80C2AA3F9DB961D1BDE57E67C9BB47B77FDD74EE3094F5DBBE3EBC1FBDB7393F5116263009E2EFE1AF9A221B2AE234C902BF70E9F280ED23E73908361565964333A3F01D0B006AF32FB21AA1316744B489D5A198E85299241735BE559675130955C902A8ED761FC0DBE337A9F91919AF5CE32AF902
311
ADF9AB2615E00E8A94586BA1A90839B61832FF1BFB76D2EFADE6DB1BA04CCAD3DA649E7E2A0219F592E22F2AD54847EEA8E42271011E9074F8F3DD9FBA6CDF88FFC9FC7E811AD1CA8F4557CE4AFC7BBEDCF0114A48689F20A584520C74DA8127124B767E2FB91A6B186246727BE63C9445BAE02088D58B8EFDC0F1072407CD
311
9B89A13F6303B4A928F593AD489B58E6869325790ADC406036C591729FE14021F94B7796BB11848D463536A092A26F077F94639F7CEEE2A724C66EC885F4A24F8B8A0AC321F8FD149BA529460FAA34E4663C02D41FDF80BCA222D42F0ABFF8490F4FA74C673807C2051D8E467B47B616072860069A9A303ABA9B319D584044
311
61401B0A0F9BE5E1E151C14BC33B32ABE03DDE91708DFAEB15E7C0D593C86BB7D7EC17BE56E57975F077BFD5525F3A1A361D584A75E08CF29FC7B44B2B3085014F3A5A14517377C3F6B8F37E59514C3B12F8AACDEDDA4DFC49BE5710101534CD6FB6DE15B50F11A09472AABA727F0C49D9CB906B158030065F48EB3625E010
311
CEC1D511D0053474B11E6A4F01C0D6EF1BED3A944FDEC70E0DDCDC756C86545910E0DAE3BE3AA9A404574C2995CD5CAF9549226BC94B4F4F0F5F9086F418F6B32346464610D8BC7391D3C3A3CCF04CFC1FB2A3A3170E369511868F14EEA4E5E438CC73DB1F3248AA94B6B2FF33B222FF3D1E7BF146CAD229770158063BCE4F
311
5391964DF62F7E52A7BE0EEA829C9E13C4C147D6F93FE59E111DAB5E4594D6F3CD1AD375EE039930EFE5AF2BB2D41C83C7DABD8C659BAFBE8FAB392CA634F3D15C1D945DB4588D2B0824A4EC928AAC565557CA2F0DAA588CA5BE30B3A8004F7BF005E96CBF891D7F18112A3619FDF530DC8AA64954258E1811789B5189B49B
311
4EB53F5F89F7D37523894F3EB57B373763C91E502F52CC99EB7BDDF933FC324C4FFC2561DFFA7339FAFDD0A4BFBE6D3A8FF9ED1FC49898139864602458968913181918F719CCF5A68B2EE9C1FF050E34E63107003B8120FA982C21B30A874E4F5E4B38D5A8290C4B8D9BE48A0BE31EA995BDC37AC6DE90BA17D259DEF53605
311
D55922FEB1855D915B659FBEB350EE0DFB2F9F766E1C84CC8964B75D08667445EAB966015F63A18A9E0A325C1B3DC628C0D3CB60F767FA93CC65F25458BD23C3B312716E5F40E5858AC06EBA9AB14F95DB99147B832069201541D09A0D856E12C629CF32683760EE855537D1901988D5EBC156676C7DD51D7207CF3267AF1D
311
76C2AD867315E44618015313A98B19941C696FED3461CAA9B5415F918556D7802EDACEFD6B2E45853A9735DFC9DBF7E440F9319F8B6805A973BCCDC76C069A9144E51F187EDCC12FC31B5DEAAF0A76137199B106EC84ADA6B6EE697D4E6A96E007417F4E880E8B1E89B4BCE9D81EF611E2ED8F0C1A6C25F620FAFAAB656A7C
311
42D464880E8AFAB0E0FC8EA38CA9A8AEEAEE3E4648BA4680270A89743CDD3E6C6CBF34B7B640EFA285ABC7EA0A1E28F3CC963D114A80123EE66D0AF7D5380EB41909B605AB4765B709B808590458157E69BA1378FEC4B48CAF6A730E3BE3C5EF2DD1A5EAF94B1DDE50CEB55DDFD7EE9A16747FA4B223359FB1FCC69E119489
311
2BABB93A1D5C4E807AC0EA2E30180811E77A2291F6E7F7FAA5E0F60215BC6024E48DE436C511F0628B8CA189982D4D83CCA17D305A7E923C37941CFDFDCD93ACAF735EF5F0E61BBD3E6C41A59B242790D3A3BAC7064DCD89AA2E37214EC839820949D5CAA31E240D2948E48F690298974A96BA9A8432BC90F5071D6537C966
311
6EA4564796B7AFFFA548077BEEA75F63083435074BA182F3699557397F71548383FDA8CA34D99B981E72835ECDA5DDDC151315173D05A21F651AAF8524E88209E2E7A737ED1045800CE3390050BCFB8BE588DF111617874C62575039CA588EEFDEFEFE319B739DE2EDC147092A262611E159650E787917885EF08F1F51B8F2
311
D8A71D60B58B190FEF9541A1BE94BC19FEA50784DA1419FE4B0FB51B8D36B5FF8E1286FD8AF42B91E59A5F1CC4D60174E764045FD8C57B18209B217F89A62252BD20BE0E63E12B8E8F029FE19E0E8D0870F58721A557082250D5424F7909369376E41666C0EE77CD87CB283F661D5FB6D0DA023CB67320A20DC7BE661E9E1B
311
FE5463085C557DA1FF9BE835733766C3D139F2CF9E2208873AD0EB4814DE9E6BF2CAF81614D4D43906ED1C05A3265CABBFE192770FC2F64F940CB6B17B5F166F133C9AEEAD2641807C3E69515171DD74C4A85311513D6EC9530B3B601B6BA3EBFF3B5C3D2F7D69765141E345F75433953D013ADDF8F6AA7DC3F4A7563FE5C7
311
D367937E2900D7EAD0F9FC9A4A1A9B5BDF1FEF08532660C01C5D6DE22199AA774383E306DAB87E301ABB7D213887F9869D4942D0D71E94B27EDF216A318BD488D45DF84529EF575AF3C3938C0AAA0215B01994153E2054A0B894DA5C784980633AAD48576957CF4AEAEAFADC7C587368551C73DBE1E57C58AC713303A8BFC2
311
58BD04B51724459FF9E24C03A81E0E0679CEB9B348C0DC998FEB9C6D6EFA77D247CC8F92D3848599ED89A23218D0636465AD1CEEB7DC140D7426F83491C4E8E8281C2FB35240918FFECE880CA2A42D70E8B20B34DF5221C7DB0CF90ECCB9C745B37A47E9B716FF7A97B7A252C1F3814DC7B1E1A7F72B8751D524EF7CAE45B0
311
C73B3BE7D08ED39781B380DDFC9AA4A4749C9493DB5BAD07A6EA6C092FBD0E85DB004DF06B8C9D3089C5320187E4CE1846158C7EA7DDAE8AD9AFFF21AA3A1026BB06A259845E8232DEE62811A4DA9CEAB3A4887320B76E2AE5615EAB7BDF738CBDD01F1E64064BC13D9EC53576751CA8CACD58B3CEB0E6CA585BD089B2A59B
311
9FC101403387AADBDBE70586B93D64BF3AD4453EF9C3B6A93817E8346991798601344F79A83C51F3D50F7BF2683A3605F51A72449489E0EE6169C749C60B1035651103AEE24D24E51A759C840DD3FC6504DA6FE107510E447B43461C79D22970B75DE5E1BD3007D1AFC619A4A4A69B5626AF5E9B8374E20677F77E2F8E73DF
311
868E8BEC7EBA7B6A75EEF7205E1AB9486CB642741D6E03FF13FCCEDB1C4AC129886268B01CDF4B124AF797CF784F3C6DEC97A17D4B558070A0F1C04DA4FF9BDBF34159AEFE958479824B3F58EBD1E19088A2AFDE501B6F2052368A3FD0E650A179EFAB1561E1D27527077136E652676C3670F42DCB3352F48F6BC86D2C3B00
311
51727E41A0A4DC6CE2BE9D47F5CAA2935A3C0539AF080665997194ABECD723B08129CC5B6B21D2E7D54CD4D12610E7E9FB8306771A89576C7A982002775ED44F3F744CF21EEBB27A631671D921938AAEE3EB0D19CD1E083727F607823E817BF599DCED5394E37EEBC2E88782E638920CA641EF74D4CDFCDEF06F4278ECB18E
311
31E7E9876F2D783C8BF429C75395F57E98C2B495A3DA077EB3AC3C158608B6B57FE3EA48484D9A480096FCEE0DE880950E7E5A5714131C5C41AAA29FD19AE81AC145FA1B9E85C7169A5AB837B213493DF7E9AA4B5FBF9CDEB36EBD21EF1181B7CF7366AB2A951D01E37AF4EB835D1BE8C117CFBE7625D2EBCDB0B20C5A4B45
311
CED0BCDE3EE8DA9DA78C2E21DEAAFFD1197E463C33CC6A80FB785669B856EFF7A8CCCA2841B5A5369173320B1170C368B2748D81062EA0296E5E2D95D7667A4A46D98A6FF475C76AAB0A8C8D45E226FAFC9FE0133EA9F60111F99CA81ACE03A1D14C89E8B0D69079C91464FA1D99E651D0EAF606F345C42A8A1AA9BA391031
311
582B96D5B4176A77AADB01F12FD298A75DEEBB2C82F0B8650E880722F8DDD90C56A7A058E5FDEF1AC93545BA27367C76F5D8F9690CB6F8DAE141EDD7971F0FB548A2AE435F224D6E5954CA155512F7332029D5A1230854B79F258EC5FFDB09F5F6343A8EB193229B7F7E79B3E48F8E183860B38C8269D1B53738FF1E0BACF6
311
AADA6D4869E9DE708E79B5DADCC09B1BC76F649731CFAF59A83FD8BAE4C749D66FA87A3810D4D62FFE826FA400C0F325D2BC0F3CA35F5847B82A2ACC7961745C823E4D863D54460AF792CE6F79B5C7A33B25C3AEA6CDE15A919B6367D781E9D44F61BF828672594A3E1D9EDD6DF179A81F27EAC05B936575D73E05C209DDD2
311
115CFB705DF9BBF3C911589B3640735E9E618FC9C36A7326C82B2205E244C55D56FDB9D5DC93CE958D4BF8174D2B3DA54CB3C09F2C2A6DFF73D23B2197355761AD421EC581284A7EF8DE2CE3497C0C804D49B41DFD6A7360844E5BEFFB495CFCDB97A4595911CDBA623274CE852B5E278AF0BEB1770E9D37CD977B2766A7DE
311
D0E94B840E1E95E8C77DE5CB6354AF7871427C28ADBEEF7BA0A28E19DE9ACD75F379FE373EAE6DDDAE3834692F9C2B03B4FCA8FCA9ABE8EEEBEBB725B88A7C90941E850682CA04061A7DF0CE82ED49BFAFFD42C309818FAE14755CAAE78B0F73243ECCCAD7DF58FCB9CDFAE7A4D3E6671A613639130D056C8383C8F4FCF480
311
8C331E544DD26E4755D09EA05253B3049A1E32587CC25D72E073E2CD96D04A71BBCB0038FEC3F53D254199C3CDC67CD66640269431860225392B2CB3ECD0B4498AAE78BA1994246AE1EE78F2EDFB79F6C6CB6B5E279C4D373FBC21CB2698C9ACBBEB6A4BB6B39E16AB0E421CCBFC7654D81ED86022F9BB522146F9F4772E2D
311
0E4FA70120C95A85A417BF5078B232F4754363EB1750B2AC2148EB46B1EA72AD9B4D23ADCBC589D70106C3EC2ABEEED84DFE28E718C6C83502C28E9FDD3B09DA0A6F6F7B72B706A31C9E2A331EE70DA56A083D2177BFD63C55B11D8D949FAFCF90B23A1E24B9B5018B9A17E99F2890EC302F330FE7936E2C23F0D237EC8916
311
F5166AB84B62A21BB0B950146962D754F92CC2C8877BED8FC7B7B25726DD19545392570B3A2C66B58F027BEF412E552D12A588C4A3CC5C3193FCB3485EFFF700D0B9EEC077754A33DC1FB9E25AF814628F91DDFECB667D3F7690803F38D13F8AE39353523BB08FC6760144AFA2CE28236F65EDBB3D5F59A57D612B99E3D7E5
311
F8A851666BF9B5A6658EFC96EEB37A378ABB0EB3FDDF1303AF32C41BD1C8560745D7BD81066B0D6313359CF488563D3BA3F8E2185D1FAA3EBA1397C9D0E3DD232180A4DCADB6AF25DB3AC3CC26589C8239E66E81547BC7E2F328F9884764CA37EB5DBE390DFC03A5246B456A7C3684C4377D0EEF9A350680FA9A077E8B2957
311
B489E09AB1AD41316944C2254B5984830F691C93CAA767EECF976FA5647538830B5E63236A6F0365C1E0F3E327F24FE35EDDBD7360B0F7374837409F7A6311BECC12B7026D4FA1AE204FA3F5FE904B1F420C7A9044AE58E403E7C4848E7DA25DC9EDAC79DD756FAA26B9EA83ACE8A214A2612A22AFA19DAE7DBAC5F8CDE129
311
2A485F98DAC731A29FE01A3966E96BCB9FB5A4C8830E1B9AF0C54B87FBE221A097036E5D28D1F869F810C06A9BB0AC0612F69AEBAF893C6E7AD59460208BAB3A6B09CA4F6BDDAB8CF0D1F84B72487498395A70DCD754796E271099A567A55CF242BBED64696378BB6CF25EF0FCDB589F3A82F1116D010A9AB9FA4358809EE0
311
C973A2B4229BAA876A70B03AB49CBA7FBE71DB1832FFD32F9BF2C8E98075CACAFB36921235D0F552B6A67E94E094097A5D7DF681B40623DA535ADA7A9AD8E9A62407D7C9A5AE51D62A17A83A23728DE86BB56115804D3F2675F2C6B87541A0FC497BF0CA86420F558C9859EBE9FAD62747E323E3AADC03FDCDDFE7407B09DA
311
90B44E3185723C5381EAEF589765E2F7A099BA46695BAD60CEF3491B8A171F5F56444F7CE9455312C3498C74173AEA0214EC029833B34B650CBB5A5508D5091665309642791708ECF27CF11DB3D797D6CFE474453BD4BFADB768094B2147814D81C7CBAF8228DCAF5564B5891F5EF6A860EB2E323CB82AB868D8EA048880D6
311
3B0DE5341F1B3D53297B928A11E15F25E5148990F710747C3509ED14909C552EBE3973246FCE55D00564D8310BC3EBC5085D08D806799B77D6C57FDF5E55837F9E934F09C03C729271B64F12D0A9F9E938107CAF7BF1EC8CF1BB9B42363D33070F4CACB425E605DDB0A34A12BB936DE286B9887A4E2E558F0886498BFF49C3
311
11D96C277CF6A9FC0D75AD0ECC5226D7E0E3572012E56D7FDE4410CEC7A6D0F997F225A2055B8B92E3956E875AE4993CB3D4C9063AF98FD45E1BAB165640A43439A2C9181A7C355B297C0A0CCFFAE19B6FA3C2BA238A885FBC98B8F6DAF4B94B97304878DF4D8BFF6A4AEDF79E90ED4E68F00CD7299F4E0D83E35601AF0CBE
311
F18C1E870E74758FA91F5131075004DB3CFCF09AE1DABC11957FD9808C92E8A678CE9DBE40DDA0E0D1D505AAFBCBA208232BFB6FB3704E8985E61ADE53DE74152F5C7DE74B1DEDCD37DC3E8FB30D7EBA8B9EFFC3606BF90B8D438279CB7709FC7C00D327F41817EEA71CD9E49FE9C8C9A81C70915D9F0F15958EC5AA4C3BBF
311
AF46986B90F188BDB24B89DE3C6F29EC3E6F66D84856EE96A35E657CA41B41EFD8DBFA16AD6E91439EA92B40B21C053249F51AE50EB0B24C770FFAF40DF12C8436366819C48E36547D4E7B72FE2BBF10828583057814A668BDF183F6B2E58DFB151103E56303E63D00F39C27C4661605DB644D19175D02E3F0241E8FC3458D
311
17AAAADB117CE9EEA690D0DB01E634878C04C2C9310B69FCAB831151E3AD293BEF6E46B0ABCECB50F5939B39C613D41E81FAE8D34CAE3C4566B761D37185FE864AC32FCB71AEF39DAA5BAB88609BB980CD2F07A8F941653B529567726E2B2A58D079DD57E1E5E31426CF184A04D7B03B985F276D47406AF276FE32E3328BA8
311
66EB1FD39BEF57863A317634AA5FE467409B3873F5069EF0D71AF00AD189D17BA1974ECDB2D623E9E14086386A6AAB5807825C37B015BFE892AFD154920EC437EB945D958E18622E1E0FE2FA06557CE4BB9BBD05A2D40E774DA2B65473791E314B7D6C886820B2FCFE4AA272B3B8B15E7344A145E8AF919B5454D89D36D413
311
E87211186BF6F645E5EC94DCCE8E1C799022E4EC9BC86D7A0F2AFB1FC4B2CE48F84B3F49ECE65BAD24CADCC07EFF39AB06BE9E6B27A059938EA7208838455383DDBCFCD967DDE4650EF92A14FF933C975DB20BD7FEEBC4487576485963D757D16340D9599FEB362F775F38CA4185A86F74B629C81B133644A3B18FD056E997
311
E0734F9BE26D11C0AAFC669E2AC9FC41D281F8B2E1C35AE27BCE05F3DA295488096688719D974DF1B5D182DB7792288697F8763CFB43562C1CDEE11C4AABD5C22B6E33F6F389CFC3477C5919DC0D533F8A7A1846B7ADB60ABDC26C43D0CFC8910B7C15EE22675BD02702ED39DB77A87A192CA7A543E6205B979B9F5A6B512A
311
3CA799E198B2D5797C0AF8D1D872CA455D4D431A7879D4DD76110B5FF7F4176B54477A9EB5E4A5D11214FDA585F0382751D8E2582BA5D2075053298FEB8F1537304E32CB22C2E2B693DC0A760B1DFCA751BDC445AFDCBB12820ED85F6D5298933C7EF1211E9E057684056CDA3FEF3BB6052355E162DF27C59E965A8DDB7F94
311
37EB72CDDA3A090DE65A5B2F50326247B7EC67B73ACC7047FC9B353D6EE990F772207C6EC52B39DC2F3C0754821DAB559F7C1809C7D0DD5B0499D0442E0A6E391B3D5DB46D11E731E6794EC77523FBDAA242ED67F9FA1FB684255671F63C9BCFE6E7E896D51001A6113EF2298BA494E0B0980D1FA5B9D60796554C02256B1E
311
0345FB7C6186B6A19D2DCA270416262845FA4F42DB5D9B0A0B6F07FCA2E56C242522E001E0CEB734AF310FC8BFB57E38E03AACE93B3326A2197891E68452B26A6307FDABFEE0223D3C03C3C73D2D5BC054C8311F12004CAE488E5C29287F8156A2CAA4AD0D7BE6B97264E4139F437CE73ADF52E5134C52B819777C18B323A5
311
924E4F67AFD13B1CDC3A61793A79FAF5C0CEB718E441071E797C6DCCB9EFCF7E4A1E9F3DF3C2F9C9E8294E9586868788C972857FB0556D7A26941A7EEB9B580AD78EC40B85DC906B4120A563CA3B87797ED612D3B035962BB75F6515A393F4CB057F564CDF54F2E5A024514E6A1F901DB80C7E70B1FC05E356A7E72FABF477
311
5B3E3FB8F70A2A8E7B6A94542BB304157978CCC999E707A29CC795E67A59CC546A5D47B368954CA7B6E75EC9E1F6FC73CE3B4F71F8CB1A6B15923D61EAAEB14626AAA9D04A26EB9C66CD1BE86CA31A5D8703DE04CD1EBCE4F5CCB62F93909AD11E55799A781A956ED27D3E738F4538CB04ADABC7DAEF20BC35BA6A90BCC1DC
311
61BA05F20D8832FFB9BC9B15E2DB838A0AFBB7E0C82A562127E0446894F427794C3037186F622BF24DE1B00AA10A23BFA47B2A180D6DA5AD6F7326FEB8C100C2D7142EB2A0B2A9D1008A09BA343D70E054AB69E2A7EDB783CBD92537FAF4A44D1296AC2792729104B3276C276C951D0CF3CF3F1E6B017720A7B8505A5FF958
311
9365979678C36F1BAF759EAF57C60F1FF5FE9DCF5F8E764FF25A2D06CF25117A8FED51884C13B2B750DB0E4F5E3D64124FCF11F0AD8F1CC3B3DA4B38ED22BF1CB2585EE6BFEBBA63FBFD44F9537B9B37BDD6B358720F98A8125AED4349CCFEB0E135F19E208A04CA7E2B10711185D72E381F448036EF57C9F874E54A971CA3
311
7A639E986AC0226DC5AA00D5B14FEA9192234B3DE617814FC221C92F33F1D392F297731B567FD98FD91D989379AF567A65B8ADF177591DB90FBEA99BF4ED11B16E50A0AB1DBF1156D034BBE04D69D08F939D8E92BF525A1DDAFF80ECBC95D8F45D3FDD289FD23F7D8B452F8EBB34EC082DEEE68E18EDDF072060FAD2AB1504
311
DD4879BF67099FC58F6E9DEFBF645D16334A3E9A127C6F1AF6132CF287E433B43A0EE93812B4AA0B194E03EE3FF91EF9C6ED0074A2F6EB18A96A7C9890B1FCDA1F2095E944DB911ED54C60DF16FB74C8CE9BDC7C54C4F14078CF73C2FFF1F1BBCCD7CF64F71407EA1683DBC410D226627F66E509060D5C0AFD611DE681D509
311
DB8DD12FB1265B03C6F5C55FF4C30BD94187FF692B4F152982502F193098A789526A038AB529A52BC0DC4FB6285CBAC10A8B8DB75DCD9BDABBB221E27D1F8DA9F5EE5926A1C8AA9BA9BC09239C6A7F12914EA3B59EFF7AAEC3FFCCE56F1C5C2980AD072793527565E774F4631DB178CEEC691B1F367BEA0CF2907E1D6B854D
311
527065979DDEF002D8B2ACEA7CE21AE297737EDE1D45B31233B73FEA35BCFDD0B09721FDBAF6432681F2FD10C3E9EFB246FD6E854B344ACC9D8A0EEF876A7314B49B6A499FC650B099D650DBFEC7638ADFD245E2B7839DA5AC5F7D5623FC0ECEEC8653FC9B2BDD1AD4D00A566FBA7186DD3C9CD26512551637498CADB950FE
311
C71ADB9A5524285DE328B8EC7EC75D2345AEC6A27C42AF6D9B92155315C80DBFCABBB7DA0FAE425C4FB896B15C9BFAC4FE67DF5A23D30C93DA4D8F36FB15D100050DA6062E22AEC5F4DAC4F6FEEF97AE05DE63C6D38F9E068A20BC5E3B6BCD75320C5090924E7F93640A7735B1A43451C2D91EE62C6238B797349E59890AF3
311
A520DF4A87095F3ABEC2E61F0593416CE46CDCBE0E00E2523FCCD04408588B5B6C9DB6459C786CE378770B54F51DA3A5E1DF2A3349BEAAC234A6CF8993B598B3B25B4B113E353A4D750FA7534749430F3EBF2512E7EA3FD43C6AB9A1F765A58463B306721A15D224FAFE8C6F5E3432D57EE697DA0DD5A9D4866A8BCCAAA9DF
311
F1F06047851408FEC060471D0E3EB86BFAF46E4B5E60311DC3E3CEA147C75CF971BE74689507154FF2D2E92F15CDB2B9182B11459FD8ACAC5A85F174BC94A7F4EE4C4F5CAFA7C02E37BF0BC77B7DCD0C047BC316F562A01A441AFA7931CC84A28CB9F4AA367EB515778F29BFE61195FA671F4352E5E46E3A64773F1F76EE5E
311
B36D7BCE9BCEAD837A4D77F8DB8C92AEEF6711920D7C7D0F76B0FD0EB7AB83724CD35BCA7D36DDDF5FBB7FF6F04A91F3E2BB3B8F1A43CD659639507FF6331C5F697BCC782AE57D757A27D97F1AB9E0AEDB43F92F1B2AACDF5FEC8ADBAF9F814E2027003BA2F9E144B1938A7A04050AE5D953B82C45619165C813A10E76DD69
311
06B3C16438064D14CDA713AEC420034613E1AC7241904A49FBF87409AFB1FCB9B72FE7933A87D8FBEDACECE4EDCF6A4FE9FB94D5DEB74FAB7CFEAE17EE965DF980DCCA2D04134994F9A2E94D2265DA4FE6AA7B7AC15FACAC2B5ABBCD7DFF542C5314FDAB2E1B9D8B65220B8E2B638BE008E8DCA22678C820C5053664D15E89
311
F2D735B51A84955E81A443545E9FF787BE0FA700A76D136C27DA179A7C6E8939E01BE756E19CB292798063D8B97F44E8A27BCF3A614FEB8BE974A718E86F7EC99B53CA35FA24F61F2B07266684623A3D4CF073E511F3A10A8FDAFAF0078C577F4DF9D339FE7862E5FA47CF4344209E5BF76D783B1B48E152AD281B15FCB934
311
DCDA49CEC5706B1EE8B460F435324A5CAD154725E21AB8044B75A557A79F6C807B9340AA3D92503E866F4274412926C8C504E4D5EF8C0E68DD0B028781A6B4054F11CF18941F101C57CCC796773ABC8DED9CD91FE5788806C05E548895354AEAC96546D55B0E94A59F148D061F42AA398D822CDECA4CDE79E13469BDCC44FD
311
C990F366BA5978C15F97ED80CBFD73B0CD9B8B83A4F6845BDFBFAF034019473FB9A63BD55D3A4A7284757071574029A4D016DCCBE95DD679EF3C4880BF169422F8C89B68A988D2B13793CAED4F74DE7486C72DC94DF46B8E93D8E02EFCB1FF9B3BA10C8AE7F653DF94F4AF466CDDCEF5776687F7C4C14B63E4EED1719DC2EC
311
482D7DBCC7AE518CDE3D5FF86D39000EC3673C0044E1D308BF05F74D1B5F033A7D1BE7F74BC55BBE3E4A20F920946CA0271EB17BD2B80E5660ACB8A29A79F5E4BBA49D4D945B6EEF4A7EFEAA65E5555BBB57A7E15D2F83C69F30BBB978D2B39F1F26FC097424D39BB33CA3D87ABF64E307938B685BAD44F71556A30B7E712C
311
A4FE600613C3E554B69ADE949A7CFE214DF1FFF05CB82151EC6FC31950239F94CF7AD39DC473F6EA356E5EC2C4EFA04383CEFE985A127484366FBEE3C0EC4FEA363E4F6632AE781392FD45D67B63FB8DF70E82734F431FD3443172A0E30A83D60982D55FA6A2CF86DBA8382502ACC6CDEF3B907982EED1160E14863FA242F9
311
757347E1544275CCDCF71ECD5F8621CBEA326B8BA884AD7F825781923E66971F04010D574C541D8427A438A37EEF8AF88240EED7362C953F5A81DE2D56109CDE2524EA0F5D2F87308C0C47BD97AD605878AB8589E17CA83930CB5E0DCCD75853D68B1AB136594926DE426C367428E9334AFAFF90ECE221BB5DC9E5BB53D2CD
311
EF954EAA9CD814F0E5725F1965DD458E5F8487683AD86B9D0076BE3EE91EB1CECC5331A67A3F79D8B27587C12EC2A6A70474749F27B4C0BBAFB94B34189E88DC18964BE4121B9137FD516C7755356E50D6714E31ACD222621EBBCD1CFF81D87479056A9DA0E0B8EA19D24CF937DA89F78E8650CCBDC110AAB6C4E46DCBFD04
311
46BA9E2060E81F314AC2031E88135E5476AC0160EF5C0DD2EEF1B8B5CB2D198BE9A554A9093B5F7D7E4B5407DDFCA1D9C152FD97F55BFFFDFE802954DFEC8995B983E28AC92F1971E28F531DC407A1280EB125F64A72E617EFB27DFBCEDCDA2D6F2BDADA36873EE46B9BE1782998C63DA7182BC383FB6FD15DA472B175D7E8
311
B4FC88F38D6E07FEAA3FA3CBB8F6B449ECF14D2175E5C5CCA3A42ABF24CA6C9395AF74535F4DDB38CB84F56614B0FD32D7E19CA5CF988DB4449C40E23DF2B16772594554579094450F56F253CD25EA7F77366FB1CFE79696C428BB64D5A41E986189427E5E4D7E2DAE3D5BB4972B3DC44EAABDDDD63A2264ECFA5C786EB0EE
311
1FDC5BE34FA0F08376869FD1E61EA06CAE15191135445EE8F0394161C3266A596AA035572BB0C8876180D8B9C77D307DF9DCDF7365ABDA6F3A2366436457A4DFC1F259666569A9E4A79C817BDD5610E5200FCE894A358EC72858D50EF67545DA81C6FACE3D457BAF70367E1E6BDD9A952FB4F56247F58F523B97E640246051
311
A72F79BE42FFA0B3187F63097F91C48B868586F714B0EBD5A00A8412C1236E1298F60C72BE6C96B82B404CADAA304AE9F303176B14BA53FBC2D5E86377E35542019E24D97B96A49B2C0E5006E7795954DEAF5DA58958839043C6C70BD3B1B33B6DC5C31316D8A6923F142E26F6711A2258AF977DDF1F970ECC4F1F2B434B96
311
D81BEB6E89BF3BBB3C7C8CC80505070723D6D7D7D3C8CA27CA164A26024FED94B12A86031867241DA53D929636DA600F050BC40CE48B8BA03D69224720DEE2ED2127390BDF5E6EA64527BBD4C4C63FA76BB801FEEC0E61218EC98A8A86CD8313781617877E66692839B9468CF4DB8E50A73986E558E309C0D6F676F921BE02
311
F1185454DC75B111572FF9D27D85EA14C05AD7271225B391C4275659CA4A43759D0BA44639BE4C30A84DB7F67A41399FB95CBF923B1B1672ABC807C1590557FB18D811983FA97F5E609516D62281D38B1281F68FC75528C35E4CD7DF0F7DBB5E5DD69C414EBEA2F4A5B241B996BA77AE6C772E367408C633EA3E438B68563E
311
A8BE7667F3A4C4FDEEA52ABD78A2820F443B7914A15F180018D231E64519C56A12F6CA7C8DAE18F06F6B769DBF92329EF6A5D18FBCE600F36BD8E8198DE5CDAA96181F3A756EBA5501CEE58F497EA4F418A2B82565B9BCC611713C0B708CCA1F398B78C5F7D03B3437CC18F13061F55C7BEDADD5ACB1DB0E36D3CE47FF6EA1
311
A563A57E9649EA5D14D1A50EAA457463381C073777EF1600607BAF6428A7DDC079D47A204EF1E1F1F0589FB054D45E02CE623B3823C317C601E589E22B1E88B448524B86A82828E32345EC18AE17214B42F8C41C6D428016D9BA31DDCB47572561E5A402E5BA4FCE55F78AF7268524AA04130F3A20BA5D1E9F9948EA48FC8F
311
5314FDB35E21898198060034ACE5E3E2BBCA34092518F275190AF65F45867FF0900AA4B81F25427414C372BF51DC29AA855C5428EE1EEDD6B849AD60F6E73475C2D2523F8A2772C840A478DED18A8C5C91B085F255DC4F54EA7AA8947354FD17ECF8FB3B4A0DE7B483CAF3A1165EE05BBA413E5C1FEF3DE1D6B8F2F3F3251C
311
17D9FCAB48A9AAF63AC773A0E413BBC46A9ADF84A566FC920E4D8C52C9769EE3301CADEEEDD92B312E02E2A7E35B7F1E7D203FE5A7D75578B06E99D0E46FFADB8FDA17ED8880390DA29094202D6F645F76F6F96409CDA05495A96E84B04A00D1A6C6C81D7F3DE9376E828CCF144EE50E364ACCE7237EA0BFB5607ED1AC3CFE
311
73794E5B61739D14DF1743441B1AC98F00ECEDE9E7301FA29755FBEFA68C91EF2B314CF510537EF1ABFC9A762496280B546F5EDAAF8A5B387D469FC9A878A92828C88608453ACEC6094DCA54111E7AD5B2663DFE2DD151B7F123B9F4FEF8EE36AB125FD7AD52A59B1B765B3E3F73E3F73DEA93875004D2AFFE3CDE9493B87A
311
9904DD052028949041A91DC0E1BA47BA714343FD5B25E0A6A09503AFC17C790058A836A324FE31D7893512E28230332F153181C1E018E1124EBE1BA262AA428A518237D1EA7275E48C5C561BD19ED6912EDD8367DA0F31E40EEAE9683DA9257525AEA7B632B97119E17145A90231768A4F3B9120FF32E8319B015E3CBE26F1
311
A754177D8185345817C096B0CE443A955D13AC15E1FB5DEEA0239EC32A3C92241A237B0B02FFCB4F93CF2B02570C8D192E2F2A68CEEB42F12E6F8CEEFF46C251E22B4341C56FB08CCE550E7A9D6F4D6564B9EA52A83D5BF2C6E03FA19D2775E15A8A7ACF30A13C259EE7F5EF2AC3BA354F1500E1A07FC63FB4686E2F12EC69
311
719F9ECF5FE3F35598DF2CE944008CE78F0911BA5BE5D0A34E0098FF038669C26030BA9B300303039852A8F6F496341737CA7E0D2E3AAA36DE0A70AA7D9CA0D54D9AD84B18A44C9E625475E1C97B93BEBB38DCE7D227E67A2D00F531436136355F243D1FC0D712C5765754FA22FCFFAE97919161F46D6E61ACB37D83777B38
311
5889770B50765B127768443A5C4D3A4E35A3151111F146B7CA116F918A049F1C272F2CD7976C69A0068773451659A97E0F4A08FE604C3FF6CE7385DB19F4D3ABC8A0D80DA8A42096AC377DB49382B36E270B6FA7570188B4B7D1DDDDA82ACA487CCA5D38BD3BD039ADBAFA4ACFF27809239B722081E2EB9F145320553D183F
311
28471C388BC8814E5045676767AB58A8E72D1CED2CA731379515D2E533E4CF0B39DFC625F97AC4836831A4DE330E87A8126FA17EBE583D614E71E22A8DBF2825599743E0640037303E8E1B1E8EA4E1ABFA4F62907B5E4E0E5DCFDAB417C36C6848A2B8D15F1E505434C0707E16B1CFC2A1C36A42BBF55734F8F4301DDC2A51
311
10CEE8C0747F69519265012A2174BF4E955ECD4FDE095A3ABC70536B7AD0B9D7892F81287D667C108703C9B66A221E9A0929D030008F77FF6F5D2108EF5706FC87A3069B976F7C9FC3239D13D283CDEA83597461079FEEE049B0F392889898B7D87D31F8D60ED7B56B91823A8E4EDDB36C6172ECEE42BD42B12CD67994FA0F
311
0DFAE9389356F4CD4425A4B8AA55CBF7ECD585C6A2C2316791E43D5C06841ADBB226A87FD61515FFBB0167B74E56BD7F3E90A57A97FEDCBDF483A0D6699A8C0849CAEB4947FAA90D8E332D9DEBD9F4738C37DA0CAF9CF3DAA68BCB67C420459C7A64498D6E848E5CADE92BB6901F607AA331104A67F7CD650EE169B1DAE94D
311
2C31C2F993632259B6957E246EFE4C5481107B07118607700040E5812A2A2A38DA0076875258C753F60E0F2662C748EDD5F3F3686B8FC3BD6FE631ECCAA1E8B1C1E565AD117E54893E79F4672E32F9E46B2A183DFDCF3EECB4D4D077DBEA0DA254D256045109670050129E9B9B1A9E4A11344D61497A992778095151510C4B
311
B7EF2009B63AA4360635312E4CF668B7E0D3D85A8688E2BD83B569439892ADB63461930D428E0DE42E4AC57CE48DA5CC1449530D8BD3D6A0F08DF20C8E8F570F2CFFFCEA286E30969B4654D498A58D9DA782E19FE3F002181838925592C4A1EF0B332D88B61A92C644547BED490D3A42CFFAB70E36D961F694F6307F72FF15
311
A1C79D5B1B5CEFD353D9E2B52566DEC8F8F09CB3E8359C0F68EBBB7898243E34E12A015B2685AB303C04D3A9E00671FF3DFF0A184E4A2ABEB2B666AF5B3A209C73D8EF29DCDB069C9F391EEE9DD0F74C7BCDE16F8F02E3B8816122BBEB50665775B600549D8BB33A54A6BF940C028118BC6878C79958D6784F9DEAA6E26748
311
386FFAF8D0D0101E2847B6563F5D8DC1D78F787BE00E2C941AE12148D4A81599FE8F68D4DA5CDED75530ADE138240300EE13B0FC13A1687FED6774662C05A2B7DFB186732F0D7A93545D8B0A6390AE5054D9CB582DA846D7A061B3358B45E2B52DDE63E114397EDB7E09233A579155D795BE76102CF277F4DF8B188C4F2879
311
BEAE3C08347124BF9ED23B128259FE107D31E34A652F090B30B39E0D9AF917B76A2806135621A8A60681F16AF216514BBD02711585B5B1AE823F4B2D0369EA5B6BCB863072727FFC871CA6C9AB79A814D989057E9470A3D238BC87CBB4A0EA49AFE2B86F22E499793CAA9047080450166BDC357524561E258C77CB697F1ABB
311
32562CF87C3B7AA12F911EF19FB3E5C02222E887D08202A60A17151F5E053A86B437771088B4FEE14D652C43E8D939995D34545E12E2FF93D4E366EAD25F10CB7DED141563C3D0C447AF06078A91135FD4B9611583CB4BF3BD167F2399CEAB0E0100F8FFC305F00F1711717173138B4B48C83022295DE657EFEDD97F238ECA
311
80F528AFB4F8D67AD4E2594B9A3AA86D7487EFC313BA95745C186F0CDD84CC12DC9CB0424B42203D351FD9C0A3AF10CC7F388E0329279087386421F194F4A29464C1DEF7EF8BE515E4A199DCD5B909342598D8FE6A231F71336248D5CEC5454455C7BE383B3BC7B260FED27F703FDC39A170F3827239102F59D4DEE7FEF82E
311
AA1A5E4BA94DCC4CC44E7E2EDE20F24244E4454369D2E87C3F823F193FD4FD27E1C23984B01898D15ABC20711A8A558054951A6AE280096BA36CBA439603B7B0B4C45F248C14B2383B4B5CD8ECECE4FF859AD4A6CA2326D020EF090F4041D28DB66E5256B56232CC52829DE8060BAE6BBF37D4B7469B822454FE93210A3E8D
311
15E69FFCF01123222611C51C4FD0A041A0CFA2471CF6BE38D2B20FA4C3525B5B8B586759475CF80ADFE67A284AC24651E52B8E683D24C2622642F27E7C3C22783BCF63648BC398BD6CD0D9C97E7E7E3EACB6126DB7A6C1FD9F1031302EE67ED96F22B77C7CA0239BB324207559B105E4693EB26EC46182A92C9C0DBD24F29B
311
31C5C5AC1F84300E0E17CEEAC15F5736FA4A98971E2F1423BFCD68D4BBD5F86E74B40A369F39507C88FCDB35D2DD8DEBEA4AF999E23CF2816D204200DF6E611781B9884C1AC8888B4DE397320472959434323A5A36B22A8E1F721A270DF3BD65E4A31C11FF048AFB0D8B7B6881423793963A23CFCE935FC189ED36FAE35C46
311
DA3574C979E4394BE52084F3081837BE033396D2EBD80F1F691B273F660D2B32FA27A33B1DE4ADA5F0FA4651511102DFA410DDA86E065272CA314D5249DF91B06BB92807B28EFD54F08F7B525252782CD276DD02E6B0319B13DF87B1F6361AD6B28FC0D711CF445429B9E5A433CD493051C49A9E03DDB1B147D880253514A5
311
DED88009018620EE229101C041950E2D8AA8E1F5F5438E0C0C0C60EEDEE9E3E0C051948C69F84BB7B2A48A1F3C8EB9E6864687F4F4F6F6E2FA87608ADAF9C5E117B7C1A737E710769DA1D15ECE6A84502AA855398712D5FB51BE92E4EF824969CE18278798AC303C2C7980DD2500ADF8FB1E6D6C2FAAFF9987178923334A24
311
4758BAA01A9A1B70FA5097D01E1CC2A58DAD0EC94CE6430AA9B0C10D75E3C6BAC670EFBADEE1607739CE0FC18A2587E3EC3058562014C64219C69BC269082D5C2F4A659278D585755912176D78A1B641719C2A394CED495A1AC5D583FD2F5EDD93308EA7EAE8A6DD396598BDBD3D4CFED62D18A5BDFDE0DD5C80D1A89BA626
311
97B131AE7CE9A6594138582F1B37D68F1749AC7CB67A70695D48A4A056AC1FBD4E82358CEAE38F54B95A9016F9000F9879C0D9D131768635CA798895F27D6F1614F11F2838A83611AA51C9A3DDB539D42979C29F10465655C17BEC3E2760B80DCBF609198C7B171A531905F3EC218D696025975E986C6B4C666666787271F2
311
02805577DD5A3EF0CAFAF91B62DC4B2DB4217A7606282F31D8DDBC290593BAA93EA6353AFA9939B877978481E15CFC9F2755CDC00C538F63A4BA3E80AE009B73CA0185687D339A507D165B74290D6EE46D5C58148F020C3668ABE9EF2F7549170DC80DB41FFC1D678FF19AEB10C7133832B104B80F691B3138F97A92D26E55
311
1F1F110400D45AC71A9B9AC41A1A1B1DAEED0B0810638EFFB511D46B121C6FEA0F38CD00E03CFFEB9713FE1F9C263E4DDEC160D0497FA9A132BA608584057FB15380825DE6C7FC3C667EE947D488A09898D8E939C4953BF4EC9836344D2CC6B2971B2A21A572B06096F4982D2CC7232D46E8EA69DC83722E267754D777F97F
311
96D5DA74E1E75178084D0E70F12AD33E5F71EF2AFA599B2BEBF60A5BE475F444F240CBFE8143C334E7ED9150FEEFEF7EB020C4DBED388DD1D6A167A76F3CBF119B578AE8CFA7736ACAFA4440A1C47185638A0D2F3EB5BDDEFDA958FB13CE4AA4923D5BF840392D45544329525749734866684BF7F8D9D54D892E19BCA9F829
311
A0F8BFCBEEA6CFDFC61D74EA1A645ED7A1FF241739F15694BD835B66FEC5677E40FE69BD3F91AE402F036537218A401CB0828604AD189E575015C6F3F6BBC8AC79CF6C70653847254B31551EFCBEB5978B9DB85D58D0FA41A9DFE9C624834AA04949D24B5AE6D299E072D152D12097920F14AA92C31C3B97E28B6C2E6E9C23
311
D63043ECBBC0A60FDF5BD0C33C127EA8A3308B8B6AFFEB28B4455BF6E7AF4FC6222728357EB8E46E85053E6A8843AB23295BF838ABDA94658FEF3F832F147046B4ACD6F7D48E8FCC9618582961C898D1C7A253C91BFECBDA6BA18A1FCF70755DCCEE2222F41B76D23CA98D0CB3D95F0CF66D57FFF65E2A90F5DF40FC318762
311
1E981BD0BC1D992787212688976B94A8F0C6EF646624B570B78E068826F87CE27041A95C9A4871FF65CC17FCB1639629AD6A9517000D63AC231F3D741CB8430777E7ECF80CE7A3F73C0F162F7E56AA71F4DA80A33CD6ACEE78E2C11FAC03DAFCE929B106F8F6B3ED2DC71FF994BD9CEF4E9A94896EF1B6E2B7B4978168BCF0
311
847A3D2A4F1B0500B926E634B174548E9FBAD27153FB5FC36799B1E6C7C38A94E1F9E996796D7B485E635D5287A2AE76FBD11A341DB3F8F810385BB7296391973DC6C37C452A9305AEBBE0CDB6C566DB59FE60C8E94B1FD090354BF51439FFD1B48D725228FFA88C84F686F547107A7A235665A4593B7C34D748C1AC8D56DD
311
5DA861EEFBADDECBBD65117E65851F90351AEB65F0EFCFF4BCFEF24CB7A5879699FAC437A7AF9099186CF006BB923A59E37D7A36A29FD8D2CBB914A5E9D0A8FD212FBF796AE9A67958FF1D5D8B85F78F96219D4714EB919929241B6C018AAE0C02069F8D919961EC5DDFBFB7573E3AC8E08BFB7C8534BE6DE045B3CD63DBD7
311
1F7638BA2309CAE398EA3A7D8F98BBBC7AEB367EFA5CFA27A9F8F2F52FE878058E6209C026453F8E7E8A237DFC389E9590F6059B397CFD65183BBF936E86896612A5B5FEE49DAC8455D026218AFEBEC12B3523A45B57B82C9C97E02ACFA1184DB18E48CF615DBF39C3CC6F0B4AE6BBEEA2E39D944E290302FA3DE33FA7E402
311
96E2EF7BF1CD855BBECFAD0FD622BEE9746FC4FDFDE545AE6E3BC234CADF83A0FB76DFB145BF3828AE3436368AC24989454F8FF70A177672C711CAA1A76107218CF948CA01F873520E7A2B118EBB161ABAD432932029628B6761590C98AB590C8C8C79798CE9F715BA696E839E9131A4BB68BE923F1747FBFF165331FFDD4D
311
05997ACD168F12CA75348DAC04C7F509FE83898A8B421181AF492861CE81E4A2DD0A30850CFA95E05F097FF70F9E777310D584A75BA7018922E271DAB1D785671157685B7D383D3E074DDB4F1E44EF04B07BAAC75A062077C54B9752C738C9D804D402E02851F3F89605AF189738C18C021D2139EAF72513824E10DDD3047B
311
ACC8521ED7E98B257D1166903B1B08FA6F918FD7E162913FEC7D0EF4787E29C35FBA8C6E2C9C20E9AB30AE42CA2A01A090E7D010C1B5BF9CEE2A304BF3A987FB40D836979B79E18D70F257DA61E808472DD85B82761825779D6B90CAEB0F23360C6F80A7D7D77545E95B3DFF0CF96A827F9B5BCECD2C9698718417EF80FEED
311
EE938AFF55859D0D540B7FE09435583A6F04874A0C7E8CF234DF4879722000167F5872CEC6BF3EF7E5A8CC8121E6A359227C8A29C95212F9F735BC72A887D56B8F309FC525BFB4FD767AAEC4AEFF249CFBBD2DE1AB9969A6155C7D8DABC307E47324C1F916C7BCFF40ABA5644E9FFB9238D19ADADA49D9610F01ABBA57E4DF
311
CBDCCBB2B93C8953206C91DE01B0E2651A6D6C31721915B31F7B7CBCE55466F6D70402788FA91D73BE4ADCBA99A35F17D6B83383704917D6833F0FA3CD45C926ADB8BC17999A4A0AFBCE2541F7B8CF4C2F5FBA611B3E626D64407CB32C122DFF4EF8674D6EDBB86C8F7C6A16D50FA685E2CCA34F8F7D1D8265BB0042E9D7F1
311
F666F7BE5FAA5184DF58E12122A42EF02F461B3F369AC746F96528AD208512AB56844CF75B97F352DF7995024FB02855385854F3798670D01CAC771AC3E1889EC25F61A20C1F8CAB46898817F9C47E2CDA1F286BF2F358298709FE567C91133E2638C8B53975E753EA8BFD3578B5F7186B7BF084EBA3F77BAC3132A5779902
311
EC22AF2D2E79F42D324E083386DAEE9810D1B44A5DAA54513C7A71E52A4AB9257D975B621308FE4D2141CC3DCFE946C154A3C1DFCCA7629EC69ACFA831634ADDA93C0388D2A9A2DDAFCF957C6995BCE7FBB6DC4EBAE79E63EB08E9A25F52F67076F7093CA545CA3053B5BF576DEAD4E0017143C5F759F32B2D6F145B52B67B
311
48909B7C7FCA6586EE385A2189C16932CB6DDFD9152AE317C430492A578ED27B72D85D40C7C93C097939E1B50F4D67F05334FE9DC362C30B7FF561B95259138ECFD9274C8D695C31B14D4EAA9F3D7FA8DDF652F8C5DEFA23284C799B7D94416DEE81E05A866302DC70192A5368EA65E1CED8BF107A1E2D3119A71E85DC1A7B
311
0C1E93274CE04DD0F2ABC8AC7C987FDB002B6F81757B43502EF7A0D92E416494FAEEA4C9C090CD9557AA4D532F4996A272B94355C5A0E4974EEA9627476F30809B94D8D8D860062E02204643BEC7D0438AF800FC7E2B26955D595421E83C69E1A07E0E3122285835F014AD538188CF9737CE76D464A353FA55A001AB2526B8
311
4E985083693BC76FE211CA1D000679C889E3C009832C87E1AC2EDD05C302557422DF0800E316FCAC86978A371F025A6C7DAA9F333E7BD160403A1A06EA75AA9888FF01504B03041400060808000C808C5028BB58AF800100009E0500003D00000035383532464544342D464142442D343239352D423845442D383842433645
311
3537363746372F536368656D61732F436F6D6D6F6E536368656D612E786D6CBD544D4FC23018BEFB2B96DE15493C78601010A34B880709DEDFB52FD0D8B54BD70DF6EFED3AC0B12E6442E2716BFB3CEFF3D18E26FB440405EA8C2B1992E1C323095052C5B8DC842437EBFB673219DF8DA659866649B798C078B48AE6410122
311
242F2A4994AC7F93815DF85C049C8564CA0A901499DD886B2EB9B1E02448F358701A9235880C49A0119892A20C89D1B9FD768815CAD268CB5E0355B40B1E47F3E37A2020464BED06AA57CE8FCC20C3C3446D46761A2632A8C1283D07031EFF2AE7CCB1BFEEE916E406DFAC8E36FFD99A9D60A6944090EEDC3B670C7DC13DE8
311
6B6B2C5C240D6E503BB85ACD579D513F1B9F9A69DC9CC22AFA80C426D40AF0B21EA168559156B6276F0F726A6BFF04DCD513A87A62CAD41FB24FCB2858B3952E3D852084DA25B9303C15687973CC8E8AAE11DF2836C38C6A9E765E8C1BA1BFB1DC29CDFE518C8B5A7655A4ED7E77291ABEB80DBD82EC866ADE1B8D05AF9E35
311
CF09D7A061F38A986D9EC412B8F0F65E5D81534D9B231D1E5A8FE577A241F3A5FD01504B03041400060808000C808C50670136ADA9040000B41400003E00000035383532464544342D464142442D343239352D423845442D3838424336453537363746372F536368656D61732F47656E65726963536368656D612E786D6CDD
311
586D6FE3360CFEBE5F21F87BD3245B0E2D90F4905CD12E1F8A0CCDF5BE0A8AAC24DAE417C872DAECD78FD48BE3D44EE3B5C3E16E010EE75A34C5877C48911A7F7E4914D9095DC82C9D44835E3F2222E5592CD3CD242ACDFAE22AFA7CF3CB785A14C22CF95624EC66FC34BF253BA626D1BD488596DCBD8F2E6FC6335608B7F4
311
28D258E807664080A98384D9E75E22F16B2CCF05D32CE502359492C878124DE31DBE89612BB196A934605E44F272A5249F446BA60A11112D589CA56A3F898C2EE16F6B136C595C7AC3C2FF076D3D808BDBC824572211A961A8D96E393F7AF5806BEA91EDDFB1ABFB769EB08DE8BCDFE27EF98E9DE0ABCE3BFCA1C54E8AE777
311
ECE2BFFC92A94C87EDE6A9111BA1ADE75C74BF391275D33FAAC5FABF89F1D33C9836CB3225980B2A479BE96A4FB3D59F821BCF11CF1FC55602586C7191D99E2C9C0CF2B8A662E3484E59466361985485D7E248E7953C01F19DA23B9D256461B6E09C40FF02D1DEA98C19EBAFBA4659184B7D47DEDF22E2F53DB017721B164F
311
5B845961697F0C699AAC2410982C385725A6361A500F59CD848221F103A8C1A7CA84A55F407794695C905C688E69B111550ACA946B9B4785FC1BDE0E229240B62665328986D5B32C400CEDD88188F35AC25EBCD40836F47F35E5C0EA4B6F767B50568CFFB5665C505E2AD5EA8A9997205F50A2350EAB32C9294B0024108429
311
953DF32C4D812E226658F78A490408362A94987E6F787DFCBBBABAAEDC36758ADEE9B58B41BF0F35D87BB1E991E02BF0B513748E6C0AA2EB2CE56EC68E97585643D82DE284E51DE03E4E22B00738761F1E66E1616A03EE093B0327B6BB9797262B0DCD72C6A5817ADAC1C3C0A3909CF6639B404D18B15CAF4B3C09CEAA4414
311
BD5F0723F059ED37048E7A64271711EDC9C5230F58FBDA5DE00DA512CF04BA6671A0D201A83D2EC81D2EB552C7E5CD1BF9D6913567B2CD53A659AC362A2B200B440195E2ACBBD167A32A86F7874F7F00686DB55D163481DADE5E417E979BAD827FC6B2B0AD8A6AB1567038E466EB4B10C4C2F3F71196A09260938125FDAB86
311
62456EAD68AB2F7C1DFF709C874887B76A4355564F017256531BF73D7D754A40E23401DA38EFC907CF8D8E3C1E5E7505D8E432C60BE1EDA01E5166683F169B6EAC6EC046153F66C2BE0679FD3F407982ABFA28F92E0E457501938D96B12090869079360D3F947CA8BBC3D9FCE1ECF3C676C9BE80EB67CABE004FC290F8E26B
311
E6A0371AD6CE66781C408A1FAA8CFFA63DD93A94CD5E1F3BA6A3DFB05B34E1247BB3949E3C332105035203136EA14AE89FF99E3E0B3C4EFE65C581A3A3D2D0EE84EFDB22B49DA31A07059E69B81628A8ED1228B63E42C3D840C3C01F460D1F331FE199821B03F22CCDB6DBF074B49566B12C3B3626074EA1B130B4596BDBFB
311
B642A835954A9509E5769234228129889952870EEE13F494954AD7A27EAD09411BDEEC5B6B6AD752C11509F826EF4007E86281B1AE63750FD09DBA87A34EF4CE2A75F3E85960004EA6B519F4806609E8C91CD18380BD81691D9F2CB5730631E6DDBAFBC30E96D3E1D3D67EE8FB72BAD92AD4C1FD3CEDFBD2681858ED6583CA
311
3853294B80AF67AECFAC6418D08164D5FD1E52E8B546BCC77B87C6E9D1655FFD384FB26A28AADD82E04B9C64EBF78FFF00504B03041400060808000C808C508DFFFC99640100009B0300004500000035383532464544342D464142442D343239352D423845442D3838424336453537363746372F536368656D61732F52656E
311
6465724D6174657269616C536368656D612E786D6CA5535D6BC230147DDFAF08799F5FDB600FADA20EA430D968A7AF12D36B1B481349529DFF7EF9A85A718860DFDA73EFB987734EA3D16FC5D10E946652C4B8DFE9610482CA9C8922C6B5D93CBFE3D1F0291A6B0D26A3255464182D920FB4233CC629881CD49C18508CF000
311
E3EE309A100D61622AAB4A8A33B2483F11CB639C545B0E1508438C3D3C0361192846DB7ACD198DF186700D182920B914FC1063A36AFBEE8FBA03FFD3CC1D1F4FC9E151A2AF59F628C5B7821D83FDFD3489305080F2EE04BF962195FB285E9D2DD352320A9E827AE357594914E42B1F5FE35F83688F60C4C91A6C946ED0668E
311
8F244BC2EB0BA6E3BCCFC0B6A4B507F9F9F8D51EB315D9BA9E08D308E89F96931666E577837E2B4172199C68C4FE306156D47DF51C698C7B9D97FE5BEFE2190C3C38BB054E6E8163FB039CB4B993C80BF18D969203116D6BBD26238B821F9BB909AD6D9C71B85BCD8C33D66FEA3D31B4BC0AD45BEA46BBEDDFEC0F504B0304
311
1400060808000C808C507DE1545E51000000570000004700000035383532464544342D464142442D343239352D423845442D3838424336453537363746372F4173736574446174612F41737365745461626C654F66436F6E74656E74732E62696E536160603072733534317571D375757136D235313130D0B5747433D47574
311
B33034727132323470311102AACB4D2C492DCA4CCC492C28484D2C4ACC4B4E050A82012F90744FCD03CA26072767A4E6260200504B03041400060808000C808C50C55C663656000000680000004500000035383532464544342D464142442D343239352D423845442D3838424336453537363746372F417373657444617461
311
2F53747265616D56657273696F6E5461626C652E696E665D8CBD0A80300C06F73E4B29FE6CDD8A2E82A083B8B7F209014925C9FBA3AEAEC7DD2555D896CB85E51C2A1BD834F6A1F56EC4494C4695278364ABB24ABD2146F88CCEBB89D5321FF8F3F43D672A3B44DF3CB6A1710F504B03041400060808000C808C50077E1A41
311
36010000A20400003600000035383532464544342D464142442D343239352D423845442D3838424336453537363746372F4173736574446174612F636E782E786D6CCD94314FC3301085FF4A648931B113014295E30AC1D209242A06B6AB7329561D3BB22F08FE3D769A0154C4D4A1EBE9BBBBE727BF93EBCFC1161F18A2F1
311
AE65752558814EFBCEB87DCB26EACB3B56AC950CDED30F8C150E066C592E3325F7C14FE352EAB087C9E6AA35EEB014EF6344DAC2CEE253FFE01DA1A3C80A6D21C69645FD8E03543091EF301EAA0E08AABA0A18FD1434A64964065C26E98040D831D5884694E2BAAC9B6D7DBB1262D5DCBC499E492577DEDB85376959F0E355
311
23F4712F5342F20C283905B350F9354CFDA5B2DA19277922958C14922B4B077D8DA903C6D11A0D94CCE35E135299208441F223AC24CF2EFCF2E2117BE34C6ED92469403E3C278118C8E0057AF29FDAF37BB37191C069BC64474E359EDF8797F917BD1E6339E7E6F2D272AAB132AE3F4356F87C4E5274F27551DF504B030414
311
00060808000C808C508E8D8504E6000000600100006700000035383532464544342D464142442D343239352D423845442D3838424336453537363746372F5265736F75726365732F32464531343544462D454443322D343430302D394146312D4146383132444232313044342F7468756D626E61696C2F302F636E782E786D
311
6C4D90C16EC4200C447F2542EA3181446D55AD1CF6277ADA4B458937454B3002536DFFBED072D8D358E327CB3370BE1F7EF8C6941D8555CC931203064B9B0BFB2A0A5FC737319C3524227EC0C410CC81AB68B6D0B0272AB15B1B5E4DF1CDF52EDCBAB963C0E4EC470CBB18AC3739AF22DB2F3CCC640AD386F9366D86CD344F
311
09339564B11E6077603F60131AC64DE8452D6A54CFE3BCBCCFAF27A54ECBCB056423357C12F9CEBBC098283E2DCA521D43FD47816C8086925CA75A08A11F9E0359971A32A79ABF43FC132B6462F4CE1AAE3549B28C3C5608CD01F21FD6205BDE2A7F65546DDDE85F504B03041400060808000C808C50A233C2345D00000080
311
0000006500000035383532464544342D464142442D343239352D423845442D3838424336453537363746372F5265736F75726365732F32464531343544462D454443322D343430302D394146312D4146383132444232313044342F7468756D626E61696C2F636E782E786D6C4D8B490E80201004BF42E6EE76F3C0F216234B
311
883063108CCF170C074F95AE5473F5C4C06E932E4F28601967600677D21E9D8092EDB002539227A2FCCB80E1168D80A6417297A89C5D6963B7129A0D1E8F2EE73AA7B62BBEB8B27DE50B504B03041400060808000C808C50BE89762363000000880000005B00000035383532464544342D464142442D343239352D42384544
311
2D3838424336453537363746372F5265736F75726365732F32464531343544462D454443322D343430302D394146312D4146383132444232313044342F636E782E786D6C4DCC3B0E80201004D0AB90EDFD75167CCE820A4A845D83603CBE602CAC26799919AEEEE0D965E2E908050C6D0FCCE04C8BC355404EB6198129C923
311
51FAD580A10E464065907C8D948F8F166375F655BDC3FDC3B4E530A176BE7057BDC43B2A593FE403504B03041400060808000C808C50B6E13F1C7D000000A30000003600000035383532464544342D464142442D343239352D423845442D3838424336453537363746372F5265736F75726365732F636E782E786D6C4D8CD1
311
0A832018465F45FE7B9B8A83066AB4CCF7886521330D97638F3F1D5DECEA83C3778EE83E9B476F9B5E2E0609B421806C78C4D98555423E16DC02EA9448311E7F374061DAAC848A418935C5BC9F68B6CB947DA5DE85E709991929BF6A83473D30CC3921F8D61B8A7BD352A6EF8C12CD8B71A94A995FAF6CCDAB2F504B030414
311
00060808000C808C5063F6490D0A010000550300003400000035383532464544342D464142442D343239352D423845442D3838424336453537363746372F536368656D61732F636E782E786D6CCD93BD4E042114855F65426239C04CD4980DC3161656366A65877077250BDC093F46DF5E582976133B2DB683932F37E71CB8
311
62FBE9DDF00131590C0B99282703048DC686FD424ADE8D7764D84A1111F3094686A03C2CA4C9448A7DC4B276C9C04E15D75467C3A18BF7E83D8667FD0E5E91413B95D242D2F14A55C968201DA85159D189464858A2863A215B0F7D828EA0321822673EF3915F8FD3FC32DD6E38DFCC37AF8235528A3744D7791B32445CAF66
311
AEB11E4335C4056B801425DA4EB514449EBAA3B50FC12A2145CAB1B6D0C9FCB55652ADABB35AE55A163B823F8C14AC853D8BFC0001A2D5979AF9CCDEBF857E8260203ED6978A56B94BCDFE9BCBBF55C08E1B50BF415B08F90D504B03041400060808000C808C50E3603EBE7A000000C20000002C0000003538353246454434
311
2D464142442D343239352D423845442D3838424336453537363746372F636E782E786D6C6DCD410EC2201085E1AB90D9DBEACE05D09878023D01A1D34A8419C380F1F82DA68B9AB8FDFEC93C3D7C52546FCC12980C9CBA232824CF63A0D9402DD3E10C6AB03A3397DD192872090D3406ABE7CCF5B5D18893ABB1690CF4DCF0
311
2282E5EA8A5BB96FFE536F285CB347F95BEFFE81C9ED5AFF9D5B1FB575BB00504B03041400060808000C808C50355CE8B17F000000A300000007000000636E782E786D6C4D8C4D0AC3201805AF22DFDEFE84182D1843AD7A8FD09820355A6C2C3D7EB564D1D583E1CDF0E1B37AF4B6E9E562E8E17C3801B2E11E2717961EF2
311
36630668103CC5B8FDDD008571B53D540C822F29E6E78E263B8FD957EA5D78EC9030D218AD5A6CAE52E1B6B9102C9956983179EB34A11D35B418C7AA94F9F5CAD6BCF802504B03041400060808000C808C50CA1DF9C9A900000073010000130000005B436F6E74656E745F54797065735D2E786D6CA590410EC2300C04BF12
311
E5DEBA70400835E500FC800F84E0B411AD13252E2ABF27A55740421CEDDDD9B55CEFA7A117778CC979527255565220197F75D42A39B22DB652EC9BFAFC089844F65252B2630E3B80643A1C742A7D40CA8AF571D09CC7D842D0E6A65B8475556DC07862242E78CE904D7D44ABC79EC569CAEBA537E3521C16DF5CA5A40EA177
311
46733E0B6615DE7217475F386F18B9481C510F1F021CD9FF027EA0E1F5C4E609504B03041400060808000C808C503DEE336E64000000790000001B0000006175746F6465736B2D64657369676E2D7061636B6167652E786D6C35CBC10E83200C00D05F21DCA56CA76D41FC96062B120735B69A7DBE268BB7777961F8D5AF39
311
6893C2ADB70FE7ADA196782C2DF776D7A97B5933C430F15651E5469C55D70F80A4992A3ADC954792C525AE70A1E4D6AD9816CC044FEFDF01FE3FDE907802504B03041400060808000C808C507DA57CFAF9000000960100003700000035383532464544342D464142442D343239352D423845442D3838424336453537363746
311
372F4173736574446174612F636F72652E786D6C8550CB6E833010FC15B477836DC883C8384AA0FD829E7AB38C43AD041BF951F5F36B072AB5A79E76353B33BB3BECFC353F8A4FE5BCB6A603526228949176D466EA20861B3A4271E6CC591B7ED1A03062561D6418389B9C8DCB06496B8232193576541B28BC57010AF9484D
311
075E7EA859942286C4F0F77211F22E26559272E57116A31E37A91E939BBE69E5805F498DEBCBBE45B8C707D4B4B441D7E1E588867E371CDABE21CD2B6655167316F4FCB35D3A25821A81534C31C20D22F48DEC4F189FE8EE9D5599C9990F2EFDBC2DCDDF01BFE4AB071104ABD6E91FD7B88CFFBB466D424D37D755E1819374
311
E473C05995534AE51961AA3951FE0D504B03041400060808000C808C503CC7CD5AF40000008E0100006800000035383532464544342D464142442D343239352D423845442D3838424336453537363746372F5265736F75726365732F32464531343544462D454443322D343430302D394146312D4146383132444232313044
311
342F7468756D626E61696C2F302F636F72652E786D6C8550CB6E833010FC15B477836DC883C8386AA0FD829E7AB38C43AC041BF951F5F36B072AB5A79E76353B33BB3BECFC353F8A4FE5BCB6A603526228949176D466EA20862B3A4271E6CC591B7ED1A03062561D6418389B9C8DCB06496B8232193576541B28BC57010AF9
311
484D075EDED42C4A114362F87BB9087917932A49B9F2388B518F9B548FC94D5FB572C02FA4C6F5CBBE45B8C707D4B4B44197E1F588867E371CDABE21CD1B6655167316F4FCB35D3A25821A81534C31C20D22F49DEC4F189FE8EE835599C9990F2EFDBC2DCDDF014F5E2BFAC72D2EE3FF6E519B50D3CD6D5578E0241DF71C70
311
56E574527946976A4E927F03504B03041400060808000C808C501D6B4DF8FA000000960100006600000035383532464544342D464142442D343239352D423845442D3838424336453537363746372F5265736F75726365732F32464531343544462D454443322D343430302D394146312D4146383132444232313044342F74
311
68756D626E61696C2F636F72652E786D6C8550CB6E833010FC15B477836DC883C8384AA0FD829E7A73B143AC808DB05DF5F36B072AB5A79E76353B33BB3BECFC358DD9A75A9CB6A6019263C894E9ADD4666820F81B3A4276E66CB1D6FFA24166C4A41A483070362C36CC1BD45BE39549A8B1526DA0704E79C8FA31360DB8FE
311
AE26918BE023C33DF259F40F31A89CE42B8FB310B4DCA45A46377DD36A017E25252E2FFB1AE1161F5055D30A5DBB9723EADA5D77A8DB8A54AF981549CC99D7D3CFF67E51C22B099C628A11AE10A16F647FC2F84477EFAC484CCE9C5FE2CFDBD2F41D707F0FD387117A64C53AFDE31A66F9BF6BD0C69774735D150E3889473E
311
079C1529A5589E11C69A12E5DF504B03041400060808000C808C502E5F7B3D0D010000B10100005C00000035383532464544342D464142442D343239352D423845442D3838424336453537363746372F5265736F75726365732F32464531343544462D454443322D343430302D394146312D4146383132444232313044342F
311
636F72652E786D6C8590CD6EC32010845FC5E28EBD10F2E3081339267E829E7A4336495162B00C547DFC42E24AEDA9A745C30C1F3BFCF4353D8A4FBD78E36C834809A8D07670A3B1B706C570C507549C045F9C0BBF6CA8B06AD20DCA3212FCB6B838AFD2E06CD036ABD68D7A1595F73AA06278A44383FCF0A12755AA1892C3
311
DFCB590D7775D325295F3EC16334E31A35637ACD5C8D5E9038930D6CDA5D8DA1833D663565F82C2F072CBBADDCD71D23AC075EE5B0E0C14C3FF461D12AE811090A1430304CE81BD91D018E74FBCEABEC14DC8725EDBC42F376C9DE5F08DBCA1E5F6447316300B86E7B82DBFE40A83C530292F1EA15FC038CF3F83F301A1B36
311
7405BE121E0992FEFFBC10BCCA05A6F16C37CD5CB6F806504B03041400060808000C808C50E9F91BA7FA000000960100003700000035383532464544342D464142442D343239352D423845442D3838424336453537363746372F5265736F75726365732F636F72652E786D6C8550CB6EC32010FC156BEFD8603B4F61A2266E
311
3FA0EAA937041B1725868847D5CF2F24AED49E7ADAD5ECCCECEEF0C3D77CAD3ED107E3EC00ACA650A1554E1B3B0D90E2996CA13A08EE9D8BBF68505939E3000506C127EFD26D8194B3116D41ADD3B88032048C50A96B6E0608EA036759CB1433235CEA9B54173961CDEA074FF0948C5EA44667377336E8411C5947BBA7F58E
311
D013DD907ED7F6E4383E6FC9785A8D9BDDA967FD0BE54D110B1ECDFCB35D799411358896B694D09EB0F68DADF794EEDBD53B6F0A53F0107DFE79595ABE03F18AC125AF30F0E631FDE39A6EFA7FD7646CECDAC5F5A10820583EF23E10BC2929E5728F30D792A8F806504B03041400060808000C808C50083D33FCF700000094
311
0100003500000035383532464544342D464142442D343239352D423845442D3838424336453537363746372F536368656D61732F636F72652E786D6C8550CB6E84300CFC15E47B2009EC5321AB2EB43FD09E7A8B489646BB24288FAA9FDF04A8D49E7AB2359E19DBC32E5FD3A3F854CE6B6B5A2025864299C14A6DC61662B8
311
A1231417CE9CB5E1170D0A2326D5428681B3D1D9386FD0604D5026A3C64AB581C27B15A0181EA969C10F1F6A12A5882131FCBD9CC57017A32A49B9F2388B51CB4DAA6572D337AD1CF02BA971FDB43F21DCE1036A4EB441D7FEF988FA6ED71F4E5D439A17CCAA2CE62CE8E967FBE094084A02A79862841B44E81BD99F313ED3
311
DD3BAB3293331F5CFA795B9ABF03FEBADCE959B5CEFE78C659FEEF19B50935DD3C5785074ED289CB80B32A6794CA1260AA394FFE0D504B03041400060808000C808C50DEA3AC6A03010000D80100002D00000035383532464544342D464142442D343239352D423845442D3838424336453537363746372F636F72652E786D
311
6C9591CB6EC32010457F05B1C70FE257234C54D7F11774D51D35130725060B70D5CF2FD4AEDAEEDA15E872EE0C77869DDEE73B7A03EB94D12DCE930C23D0A3914A4F2D5EFD8534189D38B3C6F81F18465ACCD0E22863CE266BD6659746A33DE8A86A2361178573E0311AEFE1D262375E611689587D20DC2D59C47813132479
311
B2719C79357F59470BC283C49C663423594172FA9C57C72C3BD2F285A591E46C55DA1FE8DE0CE65790C82C3E44C2BC3CB0747B0ED8AAE40E29193EA92E0A6C409A920EE7BE20C363D793823E94A46BCE3D699AEEA93A9775550F752812CC9C396FC368F62271087FB56FC65FD1D645FE33DAE67098E7DFA1D23867CED2CF25
311
8433EE847F00504B03041400060808000C808C50C8E7FB3506010000B201000008000000636F72652E786D6C8D50CB6E842014FD1572F728A8F370824C3ADA7E4157DD51612C1905233869FFBE30D2A4DD7575C9B9E7C565E7CF694477B5386D4D0334238094E9ADD4666860F5577C0474E66CB1D6FFA2013262520D441838
311
1B16BBCE09EAADF1CA44D458A912289C531E503F864703AEFF5093C8C4EA03C3DDB259F43731A88C661B8F33AFA71F69BF28E195045E90826052615ABCD2FD899053B17B63796472B6AE5AA6282D43BABE6AB500BFD092944FFB1A93961C70551715BE74CF47DCB5BBEE50B715AD5E08CBA39833E797F0E764127A7AE4C43D
311
E6B27C5B71F66EED9808A19444D68C5FC083435CFC29BDCEF21FA5B5F165910C3785034E43A1C72204C70B86F1386F98F1DAFC1B504B010214001400060808000C808C5062E8724C16010000A80100004F000000000000000000000000000000000035383532464544342D464142442D343239352D423845442D3838424336
311
453537363746372F4173736574446174612F446566696E6974696F6E4974657261746F7250726F706572746965732E62696E504B010214001400060808000C808C501E31BF7B000100003002000045000000000000000000000000008301000035383532464544342D464142442D343239352D423845442D38384243364535
311
37363746372F4173736574446174612F496E7374616E636550726F706572746965732E62696E504B010214001400060808000C808C5088E57597CD3F0000904100006B00000000000000000000000000E602000035383532464544342D464142442D343239352D423845442D3838424336453537363746372F5265736F7572
311
6365732F32464531343544462D454443322D343430302D394146312D4146383132444232313044342F7468756D626E61696C2F302F67656E657269635F706E67504B010214001400060808000C808C5028BB58AF800100009E0500003D000000000000000000000000003C43000035383532464544342D464142442D343239
311
352D423845442D3838424336453537363746372F536368656D61732F436F6D6D6F6E536368656D612E786D6C504B010214001400060808000C808C50670136ADA9040000B41400003E000000000000000000000000001745000035383532464544342D464142442D343239352D423845442D3838424336453537363746372F
311
536368656D61732F47656E65726963536368656D612E786D6C504B010214001400060808000C808C508DFFFC99640100009B03000045000000000000000000000000001C4A000035383532464544342D464142442D343239352D423845442D3838424336453537363746372F536368656D61732F52656E6465724D61746572
311
69616C536368656D612E786D6C504B010214001400060808000C808C507DE1545E51000000570000004700000000000000000000000000E34B000035383532464544342D464142442D343239352D423845442D3838424336453537363746372F4173736574446174612F41737365745461626C654F66436F6E74656E74732E
311
62696E504B010214001400060808000C808C50C55C663656000000680000004500000000000000000000000000994C000035383532464544342D464142442D343239352D423845442D3838424336453537363746372F4173736574446174612F53747265616D56657273696F6E5461626C652E696E66504B01021400140006
311
0808000C808C50077E1A4136010000A20400003600000000000000000000000000524D000035383532464544342D464142442D343239352D423845442D3838424336453537363746372F4173736574446174612F636E782E786D6C504B010214001400060808000C808C508E8D8504E6000000600100006700000000000000
311
000000000000DC4E000035383532464544342D464142442D343239352D423845442D3838424336453537363746372F5265736F75726365732F32464531343544462D454443322D343430302D394146312D4146383132444232313044342F7468756D626E61696C2F302F636E782E786D6C504B010214001400060808000C80
311
8C50A233C2345D0000008000000065000000000000000000000000004750000035383532464544342D464142442D343239352D423845442D3838424336453537363746372F5265736F75726365732F32464531343544462D454443322D343430302D394146312D4146383132444232313044342F7468756D626E61696C2F63
311
6E782E786D6C504B010214001400060808000C808C50BE89762363000000880000005B000000000000000000000000002751000035383532464544342D464142442D343239352D423845442D3838424336453537363746372F5265736F75726365732F32464531343544462D454443322D343430302D394146312D41463831
311
32444232313044342F636E782E786D6C504B010214001400060808000C808C50B6E13F1C7D000000A300000036000000000000000000000000000352000035383532464544342D464142442D343239352D423845442D3838424336453537363746372F5265736F75726365732F636E782E786D6C504B010214001400060808
311
000C808C5063F6490D0A010000550300003400000000000000000000000000D452000035383532464544342D464142442D343239352D423845442D3838424336453537363746372F536368656D61732F636E782E786D6C504B010214001400060808000C808C50E3603EBE7A000000C20000002C0000000000000000000000
311
00003054000035383532464544342D464142442D343239352D423845442D3838424336453537363746372F636E782E786D6C504B010214001400060808000C808C50355CE8B17F000000A30000000700000000000000000000000000F4540000636E782E786D6C504B010214001400060808000C808C50CA1DF9C9A9000000
311
730100001300000000000000000000000000985500005B436F6E74656E745F54797065735D2E786D6C504B010214001400060808000C808C503DEE336E64000000790000001B00000000000000000000000000725600006175746F6465736B2D64657369676E2D7061636B6167652E786D6C504B010214001400060808000C
311
808C507DA57CFAF90000009601000037000000000000000000000000000F57000035383532464544342D464142442D343239352D423845442D3838424336453537363746372F4173736574446174612F636F72652E786D6C504B010214001400060808000C808C503CC7CD5AF40000008E0100006800000000000000000000
311
0000005D58000035383532464544342D464142442D343239352D423845442D3838424336453537363746372F5265736F75726365732F32464531343544462D454443322D343430302D394146312D4146383132444232313044342F7468756D626E61696C2F302F636F72652E786D6C504B010214001400060808000C808C50
311
1D6B4DF8FA000000960100006600000000000000000000000000D759000035383532464544342D464142442D343239352D423845442D3838424336453537363746372F5265736F75726365732F32464531343544462D454443322D343430302D394146312D4146383132444232313044342F7468756D626E61696C2F636F72
311
652E786D6C504B010214001400060808000C808C502E5F7B3D0D010000B10100005C00000000000000000000000000555B000035383532464544342D464142442D343239352D423845442D3838424336453537363746372F5265736F75726365732F32464531343544462D454443322D343430302D394146312D4146383132
311
444232313044342F636F72652E786D6C504B010214001400060808000C808C50E9F91BA7FA000000960100003700000000000000000000000000DC5C000035383532464544342D464142442D343239352D423845442D3838424336453537363746372F5265736F75726365732F636F72652E786D6C504B0102140014000608
311
08000C808C50083D33FCF70000009401000035000000000000000000000000002B5E000035383532464544342D464142442D343239352D423845442D3838424336453537363746372F536368656D61732F636F72652E786D6C504B010214001400060808000C808C50DEA3AC6A03010000D80100002D000000000000000000
311
00000000755F000035383532464544342D464142442D343239352D423845442D3838424336453537363746372F636F72652E786D6C504B010214001400060808000C808C50C8E7FB3506010000B20100000800000000000000000000000000C3600000636F72652E786D6C504B0506000000001A001A00210B0000EF610000
311
0000
310
504B03041400060808000C808C50000000000000000000000000370000006662782F43343336304438332D313541422D344542302D413645362D4631384141453830454133332F617474726962757465732E62696E504B03041400060808000C808C50000000000000000000000000350000006662782F4334333630443833
310
2D313541422D344542302D413645362D4631384141453830454133332F76657274696365732E62696E504B03041400060808000C808C50F270F1330600000004000000360000006662782F43343336304438332D313541422D344542302D413645362D4631384141453830454133332F747269616E676C65732E62696E6366
310
60600000504B03041400060808000C808C5088E57597CD3F000090410000420000006662782F43343336304438332D313541422D344542302D413645362D4631384141453830454133332F7265736F75726365732F322F305F67656E657269632E706E67355B773CD4FF1FBF73E71C0E67EF7576C9DEF3EC995D46C6A1EC50
310
46649CBDF79E192942562825CE965D8A868C2842C8DE9FDFD1F7E7F138F7078FCF6B3F5FCFD7EBFDFEC41B196891913091804020321D6D7513FC77D8C5070EC3FFEE51B21F068154CC75D455CC028A3EA68992803810109FDDE5D5CEC5521B28A1B422BF80741695D5B529DA1C2D058AD2388BDA9F476F7C2CADC939304173
310
DBF48A452BF8A700C0C70C3D121C1AA15A5270C22E2B9E28763651F7DA0D12CE11077B2ECD0D560B5E3DE2368B1E65C5E1C87384A4CC5F2D9FB8BE39E9B77C753783A37998F5CEF1B4FEE553463245C9712270880DF339E0B882A6BA713D865F6F384C842D440934EF264F4A304F8DE4EEFA1E2BF5E2D91F5ADD9613D6E31D
310
DB33ED31DB1D7916CAF091286EA3D31B9CFECB78BB0060245B943C4C040119FF780A74DD308BA9D028678674EB5504ECF284EE814DAED07440BAF649BE4B55DA2890F4D73E2D489A59EE54FDB0A85B59F2F52C4858A02705C4815A792B0C4A996A2023ECB195073E115E3E3647F64243A8338F2000BCB58DA5692C7E7C3D41
310
3F963FEDF3CF00FBB0F831A9D51360FECA43819F527B89FA260EB63C5DA676830AA3626A3693B23F1A17A0DFFCE3EE164E31B5365EDF0C89EF64D8E38AB0BA9A1117D7C3A0EC44F44F4023095E80BA610DE336D0F99593A88BFC5306E72DF98F7FD132ED95878DF2964EA7E43071359FD83B2BDF9C6B5BDF768F0F3C0FC351
310
199526F53D9460A34511F75D1B63E488178569472C91A94497807A3FD4A390C6558F26D416365C3656DE6E769DA9D8FC73774E1709812842DD8EF96AED1960F79D21B395CDDFE6F92CB4EB962A4668C76990E2EF29798C8941D67DA50F4A5F947872460F1F6FDB794E8A29FD7AC0C0D6E0714339CE258FB17AE8535221E346
310
4A10F29A0BE5EEECEFC5675926A89F49EB14E5711894F6586DB5754EB4D5DA9C6437EBA57DB97A24F8B8A8DB295FFD73266CF57E82694DF5166DDF93573AFE9C9C5EB05F8FEF8E89E0A8917B0B3724DB7BEBB53252581EFC3E38166BA131A3A5B42FE2AD00A769BBFA4458D2DE7822F8C4F63D0B8E21B285AE13325F3410A4
310
35C648C9D91FDEB109E73CEDA7BC796961AF79175E1A3CE4C5E8B0D009B0C9E29EFD98BC8E97554E3D8D838424E270F7685226E5AC268E021EDE3522D583E8F20C0BDE2959EF5BBFEEDAB32FE9A3ED0E39F211A86AA9DEBFC68182EDED132AB8BB794442D2D7EA9F4D8BFF52BC4D55BB165124EE90A42D101E67BBBB292FFB
310
4F66DE5BF2300E44546757DA7CEF8932BFC9F92A0707953491A55C5A5ACEDABD9FA1AEA01BAC3DC5A24E22E7C47213493996EFBC369D086ED9397C9BA6C7F9855C7BD5E15BFC8C53DB3D2A4C5901A57ACD2FBDF4D1676E95338B2C2BCE65FDA4C64F5FEFDC7D9CA5AA1FCF11E193F2FDABF0F4916BF13FB916A224380E6462
310
A9815F2300DC49CC4DF8D055CEF76462F4B7A7ACA7365C2707891370BC1D0AA6203C44CCAB47084FEC057F27FFCD57F89B8B9852459798A675C66BD7CE572CAF71FF7E6D7ECF7BF62CAB7B3F1107DCD04DC55A3F9961700286141C94A4F771FEB2BCDA2DDEE0CB0BAE402FF1DB0100F8E475DFFFC074DDB4498AB7D186A765
310
4DDB1CB680D703D47CEB4E72F8CB13D86A4AA68116E26387B93FD6738779B34FEDB8E517EDF2BAF28D9BE93A1D3A164320E07D42E514725C29515FF361754213EDE06B079A2E99EB1CA82A02019EADEEB87B9AF005BD04BBCECB14AACD6B24EFBE482194A97DD32400685FF1FEF1544D1B14EFB1E7F08E6D2CD2AF52DE757F
310
35F5E62332EE88EA26417AD5C3E0E319D68F25414E6D672BD4522B278C57D18F0113921C71D96527E091F00CEB15AE23D24667369BD3CEFA10C7549D930890BA4366F4EBC55F01F746109F98ABCDD5A3EE06619C6AD78AB33E48E4C9BD21BF7478B385EC05C4F8987E2C1BFA0A60EBEDAA0AE0B015C2720ECE180FB6F2DEFB
310
EB822D96338C9B63822183BBF52FB664A7AE57003AABCE512BF77E7E31BDA2E739AC4C131657DDFE5225E900FB56CC01CDE808FA4A9C9DA16AC679656BB64796283D89812B8F91136AE18EE5EBBAF47A73BE3C153EB5D4CD491B4BFB4FE690A4CF9ABA08C0D8AA64220C438C96EA6CA80B58FE5761E697B3A292EB9FBDA502
310
FA863E49FE694ADDFFF9D62C520BDD1A22014147A0903A05B9B729F54272EF83931FEEC057BFF8C8055C279EAC5C0011804828734024F6CFA319C9CC6867C727184465CD9BB7ED386AFFD96B294A85E3802FAE47244602D8273615952B98C4F23F7EAE4463D9D638EEE374A20959E0FE519C4CFB0FBFE5DD80C2AA3F9DB961
310
D1BDE57E67C9BB47B77FDD74EE3094F5DBBE3EBC1FBDB7393F5116263009E2EFE1AF9A221B2AE234C902BF70E9F280ED23E73908361565964333A3F01D0B006AF32FB21AA1316744B489D5A198E85299241735BE559675130955C902A8ED761FC0DBE337A9F91919AF5CE32AF902ADF9AB2615E00E8A94586BA1A90839B618
310
32FF1BFB76D2EFADE6DB1BA04CCAD3DA649E7E2A0219F592E22F2AD54847EEA8E42271011E9074F8F3DD9FBA6CDF88FFC9FC7E811AD1CA8F4557CE4AFC7BBEDCF0114A48689F20A584520C74DA8127124B767E2FB91A6B186246727BE63C9445BAE02088D58B8EFDC0F1072407CD9B89A13F6303B4A928F593AD489B58E686
310
9325790ADC406036C591729FE14021F94B7796BB11848D463536A092A26F077F94639F7CEEE2A724C66EC885F4A24F8B8A0AC321F8FD149BA529460FAA34E4663C02D41FDF80BCA222D42F0ABFF8490F4FA74C673807C2051D8E467B47B616072860069A9A303ABA9B319D58404461401B0A0F9BE5E1E151C14BC33B32ABE0
310
3DDE91708DFAEB15E7C0D593C86BB7D7EC17BE56E57975F077BFD5525F3A1A361D584A75E08CF29FC7B44B2B3085014F3A5A14517377C3F6B8F37E59514C3B12F8AACDEDDA4DFC49BE5710101534CD6FB6DE15B50F11A09472AABA727F0C49D9CB906B158030065F48EB3625E010CEC1D511D0053474B11E6A4F01C0D6EF1B
310
ED3A944FDEC70E0DDCDC756C86545910E0DAE3BE3AA9A404574C2995CD5CAF9549226BC94B4F4F0F5F9086F418F6B32346464610D8BC7391D3C3A3CCF04CFC1FB2A3A3170E369511868F14EEA4E5E438CC73DB1F3248AA94B6B2FF33B222FF3D1E7BF146CAD229770158063BCE4F5391964DF62F7E52A7BE0EEA829C9E13C4
310
C147D6F93FE59E111DAB5E4594D6F3CD1AD375EE039930EFE5AF2BB2D41C83C7DABD8C659BAFBE8FAB392CA634F3D15C1D945DB4588D2B0824A4EC928AAC565557CA2F0DAA588CA5BE30B3A8004F7BF005E96CBF891D7F18112A3619FDF530DC8AA64954258E1811789B5189B49B4EB53F5F89F7D37523894F3EB57B373763
310
C91E502F52CC99EB7BDDF933FC324C4FFC2561DFFA7339FAFDD0A4BFBE6D3A8FF9ED1FC49898139864602458968913181918F719CCF5A68B2EE9C1FF050E34E63107003B8120FA982C21B30A874E4F5E4B38D5A8290C4B8D9BE48A0BE31EA995BDC37AC6DE90BA17D259DEF53605D55922FEB1855D915B659FBEB350EE0DFB
310
2F9F766E1C84CC8964B75D08667445EAB966015F63A18A9E0A325C1B3DC628C0D3CB60F767FA93CC65F25458BD23C3B312716E5F40E5858AC06EBA9AB14F95DB99147B832069201541D09A0D856E12C629CF32683760EE855537D1901988D5EBC156676C7DD51D7207CF3267AF1D76C2AD867315E44618015313A98B19941C
310
696FED3461CAA9B5415F918556D7802EDACEFD6B2E45853A9735DFC9DBF7E440F9319F8B6805A973BCCDC76C069A9144E51F187EDCC12FC31B5DEAAF0A76137199B106EC84ADA6B6EE697D4E6A96E007417F4E880E8B1E89B4BCE9D81EF611E2ED8F0C1A6C25F620FAFAAB656A7C42D464880E8AFAB0E0FC8EA38CA9A8AEEA
310
EE3E4648BA4680270A89743CDD3E6C6CBF34B7B640EFA285ABC7EA0A1E28F3CC963D114A80123EE66D0AF7D5380EB41909B605AB4765B709B808590458157E69BA1378FEC4B48CAF6A730E3BE3C5EF2DD1A5EAF94B1DDE50CEB55DDFD7EE9A16747FA4B223359FB1FCC69E1194892BABB93A1D5C4E807AC0EA2E30180811E7
310
7A2291F6E7F7FAA5E0F60215BC6024E48DE436C511F0628B8CA189982D4D83CCA17D305A7E923C37941CFDFDCD93ACAF735EF5F0E61BBD3E6C41A59B242790D3A3BAC7064DCD89AA2E37214EC839820949D5CAA31E240D2948E48F690298974A96BA9A8432BC90F5071D6537C9666EA4564796B7AFFFA548077BEEA75F6308
310
3435074BA182F3699557397F71548383FDA8CA34D99B981E72835ECDA5DDDC151315173D05A21F651AAF8524E88209E2E7A737ED1045800CE3390050BCFB8BE588DF111617874C62575039CA588EEFDEFEFE319B739DE2EDC147092A262611E159650E787917885EF08F1F51B8F2D8A71D60B58B190FEF9541A1BE94BC19FE
310
A50784DA1419FE4B0FB51B8D36B5FF8E1286FD8AF42B91E59A5F1CC4D60174E764045FD8C57B18209B217F89A62252BD20BE0E63E12B8E8F029FE19E0E8D0870F58721A557082250D5424F7909369376E41666C0EE77CD87CB283F661D5FB6D0DA023CB67320A20DC7BE661E9E1BFE5463085C557DA1FF9BE835733766C3D1
310
39F2CF9E2208873AD0EB4814DE9E6BF2CAF81614D4D43906ED1C05A3265CABBFE192770FC2F64F940CB6B17B5F166F133C9AEEAD2641807C3E69515171DD74C4A85311513D6EC9530B3B601B6BA3EBFF3B5C3D2F7D69765141E345F75433953D013ADDF8F6AA7DC3F4A7563FE5C7D367937E2900D7EAD0F9FC9A4A1A9B5BDF
310
1FEF08532660C01C5D6DE22199AA774383E306DAB87E301ABB7D213887F9869D4942D0D71E94B27EDF216A318BD488D45DF84529EF575AF3C3938C0AAA0215B01994153E2054A0B894DA5C784980633AAD48576957CF4AEAEAFADC7C587368551C73DBE1E57C58AC713303A8BFC258BD04B51724459FF9E24C03A81E0E0679
310
CEB9B348C0DC998FEB9C6D6EFA77D247CC8F92D3848599ED89A23218D0636465AD1CEEB7DC140D7426F83491C4E8E8281C2FB35240918FFECE880CA2A42D70E8B20B34DF5221C7DB0CF90ECCB9C745B37A47E9B716FF7A97B7A252C1F3814DC7B1E1A7F72B8751D524EF7CAE45B0C73B3BE7D08ED39781B380DDFC9AA4A474
310
9C9493DB5BAD07A6EA6C092FBD0E85DB004DF06B8C9D3089C5320187E4CE1846158C7EA7DDAE8AD9AFFF21AA3A1026BB06A259845E8232DEE62811A4DA9CEAB3A4887320B76E2AE5615EAB7BDF738CBDD01F1E64064BC13D9EC53576751CA8CACD58B3CEB0E6CA585BD089B2A59B9FC101403387AADBDBE70586B93D64BF3A
310
D4453EF9C3B6A93817E8346991798601344F79A83C51F3D50F7BF2683A3605F51A72449489E0EE6169C749C60B1035651103AEE24D24E51A759C840DD3FC6504DA6FE107510E447B43461C79D22970B75DE5E1BD3007D1AFC619A4A4A69B5626AF5E9B8374E20677F77E2F8E73DF868E8BEC7EBA7B6A75EEF7205E1AB9486C
310
B642741D6E03FF13FCCEDB1C4AC129886268B01CDF4B124AF797CF784F3C6DEC97A17D4B558070A0F1C04DA4FF9BDBF34159AEFE958479824B3F58EBD1E19088A2AFDE501B6F2052368A3FD0E650A179EFAB1561E1D27527077136E652676C3670F42DCB3352F48F6BC86D2C3B0051727E41A0A4DC6CE2BE9D47F5CAA2935A
310
3C0539AF080665997194ABECD723B08129CC5B6B21D2E7D54CD4D12610E7E9FB8306771A89576C7A982002775ED44F3F744CF21EEBB27A631671D921938AAEE3EB0D19CD1E083727F607823E817BF599DCED5394E37EEBC2E88782E638920CA641EF74D4CDFCDEF06F4278ECB18E31E7E9876F2D783C8BF429C75395F57E98
310
C2B495A3DA077EB3AC3C158608B6B57FE3EA48484D9A480096FCEE0DE880950E7E5A5714131C5C41AAA29FD19AE81AC145FA1B9E85C7169A5AB837B213493DF7E9AA4B5FBF9CDEB36EBD21EF1181B7CF7366AB2A951D01E37AF4EB835D1BE8C117CFBE7625D2EBCDB0B20C5A4B45CED0BCDE3EE8DA9DA78C2E21DEAAFFD119
310
7E463C33CC6A80FB785669B856EFF7A8CCCA2841B5A5369173320B1170C368B2748D81062EA0296E5E2D95D7667A4A46D98A6FF475C76AAB0A8C8D45E226FAFC9FE0133EA9F60111F99CA81ACE03A1D14C89E8B0D69079C91464FA1D99E651D0EAF606F345C42A8A1AA9BA391031582B96D5B4176A77AADB01F12FD298A75D
310
EEBB2C82F0B8650E880722F8DDD90C56A7A058E5FDEF1AC93545BA27367C76F5D8F9690CB6F8DAE141EDD7971F0FB548A2AE435F224D6E5954CA155512F7332029D5A1230854B79F258EC5FFDB09F5F6343A8EB193229B7F7E79B3E48F8E183860B38C8269D1B53738FF1E0BACF6AADA6D4869E9DE708E79B5DADCC09B1BC7
310
6F649731CFAF59A83FD8BAE4C749D66FA87A3810D4D62FFE826FA400C0F325D2BC0F3CA35F5847B82A2ACC7961745C823E4D863D54460AF792CE6F79B5C7A33B25C3AEA6CDE15A919B6367D781E9D44F61BF828672594A3E1D9EDD6DF179A81F27EAC05B936575D73E05C209DDD2115CFB705DF9BBF3C911589B3640735E9E
310
618FC9C36A7326C82B2205E244C55D56FDB9D5DC93CE958D4BF8174D2B3DA54CB3C09F2C2A6DFF73D23B2197355761AD421EC581284A7EF8DE2CE3497C0C804D49B41DFD6A7360844E5BEFFB495CFCDB97A4595911CDBA623274CE852B5E278AF0BEB1770E9D37CD977B2766A7DED0E94B840E1E95E8C77DE5CB6354AF7871
310
427C28ADBEEF7BA0A28E19DE9ACD75F379FE373EAE6DDDAE3834692F9C2B03B4FCA8FCA9ABE8EEEBEBB725B88A7C90941E850682CA04061A7DF0CE82ED49BFAFFD42C309818FAE14755CAAE78B0F73243ECCCAD7DF58FCB9CDFAE7A4D3E6671A613639130D056C8383C8F4FCF4808C331E544DD26E4755D09EA05253B3049A
310
1E32587CC25D72E073E2CD96D04A71BBCB0038FEC3F53D254199C3CDC67CD66640269431860225392B2CB3ECD0B4498AAE78BA1994246AE1EE78F2EDFB79F6C6CB6B5E279C4D373FBC21CB2698C9ACBBEB6A4BB6B39E16AB0E421CCBFC7654D81ED86022F9BB522146F9F4772E2D0E4FA70120C95A85A417BF5078B232F475
310
4363EB1750B2AC2148EB46B1EA72AD9B4D23ADCBC589D70106C3EC2ABEEED84DFE28E718C6C83502C28E9FDD3B09DA0A6F6F7B72B706A31C9E2A331EE70DA56A083D2177BFD63C55B11D8D949FAFCF90B23A1E24B9B5018B9A17E99F2890EC302F330FE7936E2C23F0D237EC8916F5166AB84B62A21BB0B950146962D754F9
310
2CC2C8877BED8FC7B7B25726DD19545392570B3A2C66B58F027BEF412E552D12A588C4A3CC5C3193FCB3485EFFF700D0B9EEC077754A33DC1FB9E25AF814628F91DDFECB667D3F7690803F38D13F8AE39353523BB08FC6760144AFA2CE28236F65EDBB3D5F59A57D612B99E3D7E5F8A851666BF9B5A6658EFC96EEB37A378A
310
BB0EB3FDDF1303AF32C41BD1C8560745D7BD81066B0D6313359CF488563D3BA3F8E2185D1FAA3EBA1397C9D0E3DD232180A4DCADB6AF25DB3AC3CC26589C8239E66E81547BC7E2F328F9884764CA37EB5DBE390DFC03A5246B456A7C3684C4377D0EEF9A350680FA9A077E8B2957B489E09AB1AD41316944C2254B5984830F
310
691C93CAA767EECF976FA5647538830B5E63236A6F0365C1E0F3E327F24FE35EDDBD7360B0F7374837409F7A6311BECC12B7026D4FA1AE204FA3F5FE904B1F420C7A9044AE58E403E7C4848E7DA25DC9EDAC79DD756FAA26B9EA83ACE8A214A2612A22AFA19DAE7DBAC5F8CDE1292A485F98DAC731A29FE01A3966E96BCB9F
310
B5A4C8830E1B9AF0C54B87FBE221A097036E5D28D1F869F810C06A9BB0AC0612F69AEBAF893C6E7AD59460208BAB3A6B09CA4F6BDDAB8CF0D1F84B72487498395A70DCD754796E271099A567A55CF242BBED64696378BB6CF25EF0FCDB589F3A82F1116D010A9AB9FA4358809EE0C973A2B4229BAA876A70B03AB49CBA7FBE
310
71DB1832FFD32F9BF2C8E98075CACAFB36921235D0F552B6A67E94E094097A5D7DF681B40623DA535ADA7A9AD8E9A62407D7C9A5AE51D62A17A83A23728DE86BB56115804D3F2675F2C6B87541A0FC497BF0CA86420F558C9859EBE9FAD62747E323E3AADC03FDCDDFE7407B09DA90B44E3185723C5381EAEF589765E2F7A0
310
99BA46695BAD60CEF3491B8A171F5F56444F7CE9455312C3498C74173AEA0214EC029833B34B650CBB5A5508D5091665309642791708ECF27CF11DB3D797D6CFE474453BD4BFADB768094B2147814D81C7CBAF8228DCAF5564B5891F5EF6A860EB2E323CB82AB868D8EA048880D63B0DE5341F1B3D53297B928A11E15F25E5
310
148990F710747C3509ED14909C552EBE3973246FCE55D00564D8310BC3EBC5085D08D806799B77D6C57FDF5E55837F9E934F09C03C729271B64F12D0A9F9E938107CAF7BF1EC8CF1BB9B42363D33070F4CACB425E605DDB0A34A12BB936DE286B9887A4E2E558F0886498BFF49C311D96C277CF6A9FC0D75AD0ECC5226D7E0
310
E3572012E56D7FDE4410CEC7A6D0F997F225A2055B8B92E3956E875AE4993CB3D4C9063AF98FD45E1BAB165640A43439A2C9181A7C355B297C0A0CCFFAE19B6FA3C2BA238A885FBC98B8F6DAF4B94B97304878DF4D8BFF6A4AEDF79E90ED4E68F00CD7299F4E0D83E35601AF0CBEF18C1E870E74758FA91F5131075004DB3C
310
FCF09AE1DABC11957FD9808C92E8A678CE9DBE40DDA0E0D1D505AAFBCBA208232BFB6FB3704E8985E61ADE53DE74152F5C7DE74B1DEDCD37DC3E8FB30D7EBA8B9EFFC3606BF90B8D438279CB7709FC7C00D327F41817EEA71CD9E49FE9C8C9A81C70915D9F0F15958EC5AA4C3BBFAF46986B90F188BDB24B89DE3C6F29EC3E
310
6F66D84856EE96A35E657CA41B41EFD8DBFA16AD6E91439EA92B40B21C053249F51AE50EB0B24C770FFAF40DF12C8436366819C48E36547D4E7B72FE2BBF10828583057814A668BDF183F6B2E58DFB151103E56303E63D00F39C27C4661605DB644D19175D02E3F0241E8FC3458D17AAAADB117CE9EEA690D0DB01E634878C
310
04C2C9310B69FCAB831151E3AD293BEF6E46B0ABCECB50F5939B39C613D41E81FAE8D34CAE3C4566B761D37185FE864AC32FCB71AEF39DAA5BAB88609BB980CD2F07A8F941653B529567726E2B2A58D079DD57E1E5E31426CF184A04D7B03B985F276D47406AF276FE32E3328BA866EB1FD39BEF57863A317634AA5FE46740
310
9B3873F5069EF0D71AF00AD189D17BA1974ECDB2D623E9E14086386A6AAB5807825C37B015BFE892AFD154920EC437EB945D958E18622E1E0FE2FA06557CE4BB9BBD05A2D40E774DA2B65473791E314B7D6C886820B2FCFE4AA272B3B8B15E7344A145E8AF919B5454D89D36D413E87211186BF6F645E5EC94DCCE8E1C7990
310
22E4EC9BC86D7A0F2AFB1FC4B2CE48F84B3F49ECE65BAD24CADCC07EFF39AB06BE9E6B27A059938EA7208838455383DDBCFCD967DDE4650EF92A14FF933C975DB20BD7FEEBC4487576485963D757D16340D9599FEB362F775F38CA4185A86F74B629C81B133644A3B18FD056E997E0734F9BE26D11C0AAFC669E2AC9FC41D2
310
81F8B2E1C35AE27BCE05F3DA295488096688719D974DF1B5D182DB7792288697F8763CFB43562C1CDEE11C4AABD5C22B6E33F6F389CFC3477C5919DC0D533F8A7A1846B7ADB60ABDC26C43D0CFC8910B7C15EE22675BD02702ED39DB77A87A192CA7A543E6205B979B9F5A6B512A3CA799E198B2D5797C0AF8D1D872CA455D
310
4D431A7879D4DD76110B5FF7F4176B54477A9EB5E4A5D11214FDA585F0382751D8E2582BA5D2075053298FEB8F1537304E32CB22C2E2B693DC0A760B1DFCA751BDC445AFDCBB12820ED85F6D5298933C7EF1211E9E057684056CDA3FEF3BB6052355E162DF27C59E965A8DDB7F9437EB72CDDA3A090DE65A5B2F50326247B7
310
EC67B73ACC7047FC9B353D6EE990F772207C6EC52B39DC2F3C0754821DAB559F7C1809C7D0DD5B0499D0442E0A6E391B3D5DB46D11E731E6794EC77523FBDAA242ED67F9FA1FB684255671F63C9BCFE6E7E896D51001A6113EF2298BA494E0B0980D1FA5B9D60796554C02256B1E0345FB7C6186B6A19D2DCA270416262845
310
FA4F42DB5D9B0A0B6F07FCA2E56C242522E001E0CEB734AF310FC8BFB57E38E03AACE93B3326A2197891E68452B26A6307FDABFEE0223D3C03C3C73D2D5BC054C8311F12004CAE488E5C29287F8156A2CAA4AD0D7BE6B97264E4139F437CE73ADF52E5134C52B819777C18B323A5924E4F67AFD13B1CDC3A61793A79FAF5C0
310
CEB718E441071E797C6DCCB9EFCF7E4A1E9F3DF3C2F9C9E8294E9586868788C972857FB0556D7A26941A7EEB9B580AD78EC40B85DC906B4120A563CA3B87797ED612D3B035962BB75F6515A393F4CB057F564CDF54F2E5A024514E6A1F901DB80C7E70B1FC05E356A7E72FABF4775B3E3FB8F70A2A8E7B6A94542BB3041579
310
78CCC999E707A29CC795E67A59CC546A5D47B368954CA7B6E75EC9E1F6FC73CE3B4F71F8CB1A6B15923D61EAAEB14626AAA9D04A26EB9C66CD1BE86CA31A5D8703DE04CD1EBCE4F5CCB62F93909AD11E55799A781A956ED27D3E738F4538CB04ADABC7DAEF20BC35BA6A90BCC1DC61BA05F20D8832FFB9BC9B15E2DB838A0A
310
FBB7E0C82A562127E0446894F427794C3037186F622BF24DE1B00AA10A23BFA47B2A180D6DA5AD6F7326FEB8C100C2D7142EB2A0B2A9D1008A09BA343D70E054AB69E2A7EDB783CBD92537FAF4A44D1296AC2792729104B3276C276C951D0CF3CF3F1E6B017720A7B8505A5FF9589365979678C36F1BAF759EAF57C60F1FF5
310
FE9DCF5F8E764FF25A2D06CF25117A8FED51884C13B2B750DB0E4F5E3D64124FCF11F0AD8F1CC3B3DA4B38ED22BF1CB2585EE6BFEBBA63FBFD44F9537B9B37BDD6B358720F98A8125AED4349CCFEB0E135F19E208A04CA7E2B10711185D72E381F448036EF57C9F874E54A971CA37A639E986AC0226DC5AA00D5B14FEA9192
310
234B3DE617814FC221C92F33F1D392F297731B567FD98FD91D989379AF567A65B8ADF177591DB90FBEA99BF4ED11B16E50A0AB1DBF1156D034BBE04D69D08F939D8E92BF525A1DDAFF80ECBC95D8F45D3FDD289FD23F7D8B452F8EBB34EC082DEEE68E18EDDF072060FAD2AB1504DD4879BF67099FC58F6E9DEFBF645D1633
310
4A3E9A127C6F1AF6132CF287E433B43A0EE93812B4AA0B194E03EE3FF91EF9C6ED0074A2F6EB18A96A7C9890B1FCDA1F2095E944DB911ED54C60DF16FB74C8CE9BDC7C54C4F14078CF73C2FFF1F1BBCCD7CF64F71407EA1683DBC410D226627F66E509060D5C0AFD611DE681D509DB8DD12FB1265B03C6F5C55FF4C30BD941
310
87FF692B4F152982502F193098A789526A038AB529A52BC0DC4FB6285CBAC10A8B8DB75DCD9BDABBB221E27D1F8DA9F5EE5926A1C8AA9BA9BC09239C6A7F12914EA3B59EFF7AAEC3FFCCE56F1C5C2980AD072793527565E774F4631DB178CEEC691B1F367BEA0CF2907E1D6B854D527065979DDEF002D8B2ACEA7CE21AE297
310
737EDE1D45B31233B73FEA35BCFDD0B09721FDBAF6432681F2FD10C3E9EFB246FD6E854B344ACC9D8A0EEF876A7314B49B6A499FC650B099D650DBFEC7638ADFD245E2B7839DA5AC5F7D5623FC0ECEEC8653FC9B2BDD1AD4D00A566FBA7186DD3C9CD26512551637498CADB950FEC71ADB9A5524285DE328B8EC7EC75D2345
310
AEC6A27C42AF6D9B92155315C80DBFCABBB7DA0FAE425C4FB896B15C9BFAC4FE67DF5A23D30C93DA4D8F36FB15D100050DA6062E22AEC5F4DAC4F6FEEF97AE05DE63C6D38F9E068A20BC5E3B6BCD75320C5090924E7F93640A7735B1A43451C2D91EE62C6238B797349E59890AF3A520DF4A87095F3ABEC2E61F0593416CE4
310
6CDCBE0E00E2523FCCD04408588B5B6C9DB6459C786CE378770B54F51DA3A5E1DF2A3349BEAAC234A6CF8993B598B3B25B4B113E353A4D750FA7534749430F3EBF2512E7EA3FD43C6AB9A1F765A58463B306721A15D224FAFE8C6F5E3432D57EE697DA0DD5A9D4866A8BCCAAA9DFF1F06047851408FEC060471D0E3EB86BFA
310
F46E4B5E60311DC3E3CEA147C75CF971BE74689507154FF2D2E92F15CDB2B9182B11459FD8ACAC5A85F174BC94A7F4EE4C4F5CAFA7C02E37BF0BC77B7DCD0C047BC316F562A01A441AFA7931CC84A28CB9F4AA367EB515778F29BFE61195FA671F4352E5E46E3A64773F1F76EE5EB36D7BCE9BCEAD837A4D77F8DB8C92AEEF
310
6711920D7C7D0F76B0FD0EB7AB83724CD35BCA7D36DDDF5FBB7FF6F04A91F3E2BB3B8F1A43CD659639507FF6331C5F697BCC782AE57D757A27D97F1AB9E0AEDB43F92F1B2AACDF5FEC8ADBAF9F814E2027003BA2F9E144B1938A7A04050AE5D953B82C45619165C813A10E76DD6906B3C16438064D14CDA713AEC420034613
310
E1AC7241904A49FBF87409AFB1FCB9B72FE7933A87D8FBEDACECE4EDCF6A4FE9FB94D5DEB74FAB7CFEAE17EE965DF980DCCA2D04134994F9A2E94D2265DA4FE6AA7B7AC15FACAC2B5ABBCD7DFF542C5314FDAB2E1B9D8B65220B8E2B638BE008E8DCA22678C820C5053664D15E89F2D735B51A84955E81A443545E9FF787BE
310
0FA700A76D136C27DA179A7C6E8939E01BE756E19CB292798063D8B97F44E8A27BCF3A614FEB8BE974A718E86F7EC99B53CA35FA24F61F2B07266684623A3D4CF073E511F3A10A8FDAFAF0078C577F4DF9D339FE7862E5FA47CF4344209E5BF76D783B1B48E152AD281B15FCB934DCDA49CEC5706B1EE8B460F435324A5CAD
310
154725E21AB8044B75A557A79F6C807B9340AA3D92503E866F4274412926C8C504E4D5EF8C0E68DD0B028781A6B4054F11CF18941F101C57CCC796773ABC8DED9CD91FE5788806C05E548895354AEAC96546D55B0E94A59F148D061F42AA398D822CDECA4CDE79E13469BDCC44FDC990F366BA5978C15F97ED80CBFD73B0CD
310
9B8B83A4F6845BDFBFAF034019473FB9A63BD55D3A4A7284757071574029A4D016DCCBE95DD679EF3C4880BF169422F8C89B68A988D2B13793CAED4F74DE7486C72DC94DF46B8E93D8E02EFCB1FF9B3BA10C8AE7F653DF94F4AF466CDDCEF5776687F7C4C14B63E4EED1719DC2EC482D7DBCC7AE518CDE3D5FF86D39000EC3
310
673C0044E1D308BF05F74D1B5F033A7D1BE7F74BC55BBE3E4A20F920946CA0271EB17BD2B80E5660ACB8A29A79F5E4BBA49D4D945B6EEF4A7EFEAA65E5555BBB57A7E15D2F83C69F30BBB978D2B39F1F26FC097424D39BB33CA3D87ABF64E307938B685BAD44F71556A30B7E712CA4FE600613C3E554B69ADE949A7CFE214D
310
F1FFF05CB82151EC6FC31950239F94CF7AD39DC473F6EA356E5EC2C4EFA04383CEFE985A127484366FBEE3C0EC4FEA363E4F6632AE781392FD45D67B63FB8DF70E82734F431FD3443172A0E30A83D60982D55FA6A2CF86DBA8382502ACC6CDEF3B907982EED1160E14863FA242F9757347E1544275CCDCF71ECD5F8621CBEA
310
326B8BA884AD7F825781923E66971F04010D574C541D8427A438A37EEF8AF88240EED7362C953F5A81DE2D56109CDE2524EA0F5D2F87308C0C47BD97AD605878AB8589E17CA83930CB5E0DCCD75853D68B1AB136594926DE426C367428E9334AFAFF90ECE221BB5DC9E5BB53D2CDEF954EAA9CD814F0E5725F1965DD458E5F
310
8487683AD86B9D0076BE3EE91EB1CECC5331A67A3F79D8B27587C12EC2A6A70474749F27B4C0BBAFB94B34189E88DC18964BE4121B9137FD516C7755356E50D6714E31ACD222621EBBCD1CFF81D87479056A9DA0E0B8EA19D24CF937DA89F78E8650CCBDC110AAB6C4E46DCBFD0446BA9E2060E81F314AC2031E88135E5476
310
AC0160EF5C0DD2EEF1B8B5CB2D198BE9A554A9093B5F7D7E4B5407DDFCA1D9C152FD97F55BFFFDFE802954DFEC8995B983E28AC92F1971E28F531DC407A1280EB125F64A72E617EFB27DFBCEDCDA2D6F2BDADA36873EE46B9BE1782998C63DA7182BC383FB6FD15DA472B175D7E8B4FC88F38D6E07FEAA3FA3CBB8F6B449EC
310
F14D2175E5C5CCA3A42ABF24CA6C9395AF74535F4DDB38CB84F56614B0FD32D7E19CA5CF988DB4449C40E23DF2B16772594554579094450F56F253CD25EA7F77366FB1CFE79696C428BB64D5A41E986189427E5E4D7E2DAE3D5BB4972B3DC44EAABDDDD63A2264ECFA5C786EB0EE1FDC5BE34FA0F08376869FD1E61EA06CAE
310
15191135445EE8F0394161C3266A596AA035572BB0C8876180D8B9C77D307DF9DCDF7365ABDA6F3A2366436457A4DFC1F259666569A9E4A79C817BDD5610E5200FCE894A358EC72858D50EF67545DA81C6FACE3D457BAF70367E1E6BDD9A952FB4F56247F58F523B97E640246051A72F79BE42FFA0B3187F63097F91C48B86
310
8586F714B0EBD5A00A8412C1236E1298F60C72BE6C96B82B404CADAA304AE9F303176B14BA53FBC2D5E86377E35542019E24D97B96A49B2C0E5006E7795954DEAF5DA58958839043C6C70BD3B1B33B6DC5C31316D8A6923F142E26F6711A2258AF977DDF1F970ECC4F1F2B434B96D81BEB6E89BF3BBB3C7C8CC80505070723
310
D6D7D7D3C8CA27CA164A26024FED94B12A86031867241DA53D929636DA600F050BC40CE48B8BA03D69224720DEE2ED2127390BDF5E6EA64527BBD4C4C63FA76BB801FEEC0E61218EC98A8A86CD8313781617877E66692839B9468CF4DB8E50A73986E558E309C0D6F676F921BE02F1185454DC75B111572FF9D27D85EA14C0
310
5AD7271225B391C4275659CA4A43759D0BA44639BE4C30A84DB7F67A41399FB95CBF923B1B1672ABC807C1590557FB18D811983FA97F5E609516D62281D38B1281F68FC75528C35E4CD7DF0F7DBB5E5DD69C414EBEA2F4A5B241B996BA77AE6C772E367408C633EA3E438B68563EA8BE7667F3A4C4FDEEA52ABD78A2820F44
310
3B7914A15F180018D231E64519C56A12F6CA7C8DAE18F06F6B769DBF92329EF6A5D18FBCE600F36BD8E8198DE5CDAA96181F3A756EBA5501CEE58F497EA4F418A2B82565B9BCC611713C0B708CCA1F398B78C5F7D03B3437CC18F13061F55C7BEDADD5ACB1DB0E36D3CE47FF6EA1A563A57E9649EA5D14D1A50EAA45746338
310
1C073777EF1600607BAF6428A7DDC079D47A204EF1E1F1F0589FB054D45E02CE623B3823C317C601E589E22B1E88B448524B86A82828E32345EC18AE17214B42F8C41C6D428016D9BA31DDCB47572561E5A402E5BA4FCE55F78AF7268524AA04130F3A20BA5D1E9F9948EA48FC8F5314FDB35E21898198060034ACE5E3E2BB
310
CA34092518F275190AF65F45867FF0900AA4B81F25427414C372BF51DC29AA855C5428EE1EEDD6B849AD60F6E73475C2D2523F8A2772C840A478DED18A8C5C91B085F255DC4F54EA7AA8947354FD17ECF8FB3B4A0DE7B483CAF3A1165EE05BBA413E5C1FEF3DE1D6B8F2F3F3251C17D9FCAB48A9AAF63AC773A0E413BBC46A
310
9ADF84A566FC920E4D8C52C9769EE3301CADEEEDD92B312E02E2A7E35B7F1E7D203FE5A7D75578B06E99D0E46FFADB8FDA17ED8880390DA29094202D6F645F76F6F96409CDA05495A96E84B04A00D1A6C6C81D7F3DE9376E828CCF144EE50E364ACCE7237EA0BFB5607ED1AC3CFE73794E5B61739D14DF1743441B1AC98F00
310
ECEDE9E7301FA29755FBEFA68C91EF2B314CF510537EF1ABFC9A762496280B546F5EDAAF8A5B387D469FC9A878A92828C88608453ACEC6094DCA54111E7AD5B2663DFE2DD151B7F123B9F4FEF8EE36AB125FD7AD52A59B1B765B3E3F73E3F73DEA93875004D2AFFE3CDE9493B87A9904DD052028949041A91DC0E1BA47BA71
310
4343FD5B25E0A6A09503AFC17C790058A836A324FE31D7893512E28230332F153181C1E018E1124EBE1BA262AA428A518237D1EA7275E48C5C561BD19ED6912EDD8367DA0F31E40EEAE9683DA9257525AEA7B632B97119E17145A90231768A4F3B9120FF32E8319B015E3CBE26F1A754177D8185345817C096B0CE443A955D
310
13AC15E1FB5DEEA0239EC32A3C92241A237B0B02FFCB4F93CF2B02570C8D192E2F2A68CEEB42F12E6F8CEEFF46C251E22B4341C56FB08CCE550E7A9D6F4D6564B9EA52A83D5BF2C6E03FA19D2775E15A8A7ACF30A13C259EE7F5EF2AC3BA354F1500E1A07FC63FB4686E2F12EC69719F9ECF5FE3F35598DF2CE944008CE78F
310
0911BA5BE5D0A34E0098FF038669C26030BA9B300303039852A8F6F496341737CA7E0D2E3AAA36DE0A70AA7D9CA0D54D9AD84B18A44C9E625475E1C97B93BEBB38DCE7D227E67A2D00F531436136355F243D1FC0D712C5765754FA22FCFFAE97919161F46D6E61ACB37D83777B385889770B50765B127768443A5C4D3A4E35
310
A3151111F146B7CA116F918A049F1C272F2CD7976C69A0068773451659A97E0F4A08FE604C3FF6CE7385DB19F4D3ABC8A0D80DA8A42096AC377DB49382B36E270B6FA7570188B4B7D1DDDDA82ACA487CCA5D38BD3BD039ADBAFA4ACFF27809239B722081E2EB9F145320553D183F28471C388BC8814E5045676767AB58A8E7
310
2D1CED2CA731379515D2E533E4CF0B39DFC625F97AC4836831A4DE330E87A8126FA17EBE583D614E71E22A8DBF2825599743E0640037303E8E1B1E8EA4E1ABFA4F62907B5E4E0E5DCFDAB417C36C6848A2B8D15F1E505434C0707E16B1CFC2A1C36A42BBF55734F8F4301DDC2A5110CEE8C0747F69519265012A2174BF4E95
310
5ECD4FDE095A3ABC70536B7AD0B9D7892F81287D667C108703C9B66A221E9A0929D030008F77FF6F5D2108EF5706FC87A3069B976F7C9FC3239D13D283CDEA83597461079FEEE049B0F392889898B7D87D31F8D60ED7B56B91823A8E4EDDB36C6172ECEE42BD42B12CD67994FA0F0DFAE9389356F4CD4425A4B8AA55CBF7EC
310
D585C6A2C2316791E43D5C06841ADBB226A87FD61515FFBB0167B74E56BD7F3E90A57A97FEDCBDF483A0D6699A8C0849CAEB4947FAA90D8E332D9DEBD9F4738C37DA0CAF9CF3DAA68BCB67C420459C7A64498D6E848E5CADE92BB6901F607AA331104A67F7CD650EE169B1DAE94D2C31C2F993632259B6957E246EFE4C5481
310
107B07118607700040E5812A2A2A38DA0076875258C753F60E0F2662C748EDD5F3F3686B8FC3BD6FE631ECCAA1E8B1C1E565AD117E54893E79F4672E32F9E46B2A183DFDCF3EECB4D4D077DBEA0DA254D256045109670050129E9B9B1A9E4A11344D61497A992778095151510C4BB7EF2009B63AA4360635312E4CF668B7E0
310
D3D85A8688E2BD83B569439892ADB63461930D428E0DE42E4AC57CE48DA5CC1449530D8BD3D6A0F08DF20C8E8F570F2CFFFCEA286E30969B4654D498A58D9DA782E19FE3F002181838925592C4A1EF0B332D88B61A92C644547BED490D3A42CFFAB70E36D961F694F6307F72FF15A1C79D5B1B5CEFD353D9E2B52566DEC8F8
310
F09CB3E8359C0F68EBBB7898243E34E12A015B2685AB303C04D3A9E00671FF3DFF0A184E4A2ABEB2B666AF5B3A209C73D8EF29DCDB069C9F391EEE9DD0F74C7BCDE16F8F02E3B8816122BBEB50665775B600549D8BB33A54A6BF940C028118BC6878C79958D6784F9DEAA6E26748386FFAF8D0D0101E2847B6563F5D8DC1D7
310
8F787BE00E2C941AE12148D4A81599FE8F68D4DA5CDED75530ADE138240300EE13B0FC13A1687FED6774662C05A2B7DFB186732F0D7A93545D8B0A6390AE5054D9CB582DA846D7A061B3358B45E2B52DDE63E114397EDB7E09233A579155D795BE76102CF277F4DF8B188C4F2879BEAE3C08347124BF9ED23B128259FE107D
310
31E34A652F090B30B39E0D9AF917B76A2806135621A8A60681F16AF216514BBD02711585B5B1AE823F4B2D0369EA5B6BCB863072727FFC871CA6C9AB79A814D989057E9470A3D238BC87CBB4A0EA49AFE2B86F22E499793CAA9047080450166BDC357524561E258C77CB697F1ABB32562CF87C3B7AA12F911EF19FB3E5C022
310
22E887D08202A60A17151F5E053A86B437771088B4FEE14D652C43E8D939995D34545E12E2FF93D4E366EAD25F10CB7DED141563C3D0C447AF06078A91135FD4B9611583CB4BF3BD167F2399CEAB0E0100F8FFC305F00F1711717173138B4B48C83022295DE657EFEDD97F238ECA80F528AFB4F8D67AD4E2594B9A3AA86D74
310
87EFC313BA95745C186F0CDD84CC12DC9CB0424B42203D351FD9C0A3AF10CC7F388E0329279087386421F194F4A29464C1DEF7EF8BE515E4A199DCD5B909342598D8FE6A231F71336248D5CEC5454455C7BE383B3BC7B260FED27F703FDC39A170F3827239102F59D4DEE7FEF82EAA1A5E4BA94DCC4CC44E7E2EDE20F24244
310
E4454369D2E87C3F823F193FD4FD27E1C23984B01898D15ABC20711A8A558054951A6AE280096BA36CBA439603B7B0B4C45F248C14B2383B4B5CD8ECECE4FF859AD4A6CA2326D020EF090F4041D28DB66E5256B56232CC52829DE8060BAE6BBF37D4B7469B822454FE93210A3E8D15E69FFCF01123222611C51C4FD0A041A0
310
CFA2471CF6BE38D2B20FA4C3525B5B8B586759475CF80ADFE67A284AC24651E52B8E683D24C2622642F27E7C3C22783BCF63648BC398BD6CD0D9C97E7E7E3EACB6126DB7A6C1FD9F1031302EE67ED96F22B77C7CA0239BB324207559B105E4693EB26EC46182A92C9C0DBD24F29B31C5C5AC1F84300E0E17CEEAC15F5736FA
310
4A98971E2F1423BFCD68D4BBD5F86E74B40A369F39507C88FCDB35D2DD8DEBEA4AF999E23CF2816D204200DF6E611781B9884C1AC8888B4DE397320472959434323A5A36B22A8E1F721A270DF3BD65E4A31C11FF048AFB0D8B7B6881423793963A23CFCE935FC189ED36FAE35C46DA3574C979E4394BE52084F3081837BE03
310
3396D2EBD80F1F691B273F660D2B32FA27A33B1DE4ADA5F0FA4651511102DFA410DDA86E065272CA314D5249DF91B06BB92807B28EFD54F08F7B525252782CD276DD02E6B0319B13DF87B1F6361AD6B28FC0D711CF445429B9E5A433CD493051C49A9E03DDB1B147D880253514A5DED88009018620EE229101C041950E2D8A
310
A8E1F5F5438E0C0C0C60EEDEE9E3E0C051948C69F84BB7B2A48A1F3C8EB9E6864687F4F4F6F6E2FA87608ADAF9C5E117B7C1A737E710769DA1D15ECE6A84502AA855398712D5FB51BE92E4EF824969CE18278798AC303C2C7980DD2500ADF8FB1E6D6C2FAAFF9987178923334A244758BAA01A9A1B70FA5097D01E1CC2A58D
310
AD0EC94CE6430AA9B0C10D75E3C6BAC670EFBADEE1607739CE0FC18A2587E3EC3058562014C64219C69BC269082D5C2F4A659278D585755912176D78A1B641719C2A394CED495A1AC5D583FD2F5EDD93308EA7EAE8A6DD396598BDBD3D4CFED62D18A5BDFDE0DD5C80D1A89BA62697B131AE7CE9A6594138582F1B37D68F17
310
49AC7CB67A70695D48A4A056AC1FBD4E82358CEAE38F54B95A9016F9000F9879C0D9D131768635CA798895F27D6F1614F11F2838A83611AA51C9A3DDB539D42979C29F10465655C17BEC3E2760B80DCBF609198C7B171A531905F3EC218D696025975E986C6B4C666666787271F202805577DD5A3EF0CAFAF91B62DC4B2DB4
310
217A7606282F31D8DDBC290593BAA93EA6353AFA9939B877978481E15CFC9F2755CDC00C538F63A4BA3E80AE009B73CA0185687D339A507D165B74290D6EE46D5C58148F020C3668ABE9EF2F7549170DC80DB41FFC1D678FF19AEB10C7133832B104B80F691B3138F97A92D26E551F1F110400D45AC71A9B9AC41A1A1B1DAE
310
ED0B0810638EFFB511D46B121C6FEA0F38CD00E03CFFEB9713FE1F9C263E4DDEC160D0497FA9A132BA608584057FB15380825DE6C7FC3C667EE947D488A09898D8E939C4953BF4EC9836344D2CC6B2971B2A21A572B06096F4982D2CC7232D46E8EA69DC83722E267754D777F97F96D5DA74E1E75178084D0E70F12AD33E5F
310
71EF2AFA599B2BEBF60A5BE475F444F240CBFE8143C334E7ED9150FEEFEF7EB020C4DBED388DD1D6A167A76F3CBF119B578AE8CFA7736ACAFA4440A1C47185638A0D2F3EB5BDDEFDA958FB13CE4AA4923D5BF840392D45544329525749734866684BF7F8D9D54D892E19BCA9F829A0F8BFCBEEA6CFDFC61D74EA1A645ED7A1
310
FF241739F15694BD835B66FEC5677E40FE69BD3F91AE402F036537218A401CB0828604AD189E575015C6F3F6BBC8AC79CF6C70653847254B31551EFCBEB5978B9DB85D58D0FA41A9DFE9C624834AA04949D24B5AE6D299E072D152D12097920F14AA92C31C3B97E28B6C2E6E9C23D63043ECBBC0A60FDF5BD0C33C127EA8A3
310
308B8B6AFFEB28B4455BF6E7AF4FC6222728357EB8E46E85053E6A8843AB23295BF838ABDA94658FEF3F832F147046B4ACD6F7D48E8FCC9618582961C898D1C7A253C91BFECBDA6BA18A1FCF70755DCCEE2222F41B76D23CA98D0CB3D95F0CF66D57FFF65E2A90F5DF40FC3187621E981BD0BC1D992787212688976B94A8F0
310
C6EF646624B570B78E068826F87CE27041A95C9A4871FF65CC17FCB1639629AD6A9517000D63AC231F3D741CB8430777E7ECF80CE7A3F73C0F162F7E56AA71F4DA80A33CD6ACEE78E2C11FAC03DAFCE929B106F8F6B3ED2DC71FF994BD9CEF4E9A94896EF1B6E2B7B4978168BCF0847A3D2A4F1B0500B926E634B174548E9F
310
BAD27153FB5FC36799B1E6C7C38A94E1F9E996796D7B485E635D5287A2AE76FBD11A341DB3F8F810385BB7296391973DC6C37C452A9305AEBBE0CDB6C566DB59FE60C8E94B1FD090354BF51439FFD1B48D725228FFA88C84F686F547107A7A235665A4593B7C34D748C1AC8D56DD5DA861EEFBADDECBBD65117E65851F9035
310
1AEB65F0EFCFF4BCFEF24CB7A5879699FAC437A7AF9099186CF006BB923A59E37D7A36A29FD8D2CBB914A5E9D0A8FD212FBF796AE9A67958FF1D5D8B85F78F96219D4714EB919929241B6C018AAE0C02069F8D919961EC5DDFBFB7573E3AC8E08BFB7C8534BE6DE045B3CD63DBD71F7638BA2309CAE398EA3A7D8F98BBBC7A
310
EB367EFA5CFA27A9F8F2F52FE878058E6209C026453F8E7E8A237DFC389E9590F6059B397CFD65183BBF936E86896612A5B5FEE49DAC8455D026218AFEBEC12B3523A45B57B82C9C97E02ACFA1184DB18E48CF615DBF39C3CC6F0B4AE6BBEEA2E39D944E290302FA3DE33FA7E40296E2EF7BF1CD855BBECFAD0FD622BEE974
310
6FC4FDFDE545AE6E3BC234CADF83A0FB76DFB145BF3828AE3436368AC24989454F8FF70A177672C711CAA1A76107218CF948CA01F873520E7A2B118EBB161ABAD432932029628B6761590C98AB590C8C8C79798CE9F715BA696E839E9131A4BB68BE923F1747FBFF165331FFDD4D05997ACD168F12CA75348DAC04C7F509FE
310
83898A8B421181AF492861CE81E4A2DD0A30850CFA95E05F097FF70F9E777310D584A75BA7018922E271DAB1D785671157685B7D383D3E074DDB4F1E44EF04B07BAAC75A062077C54B9752C738C9D804D402E02851F3F89605AF189738C18C021D2139EAF72513824E10DDD3047BACC8521ED7E98B257D1166903B1B08FA6F
310
918FD7E162913FEC7D0EF4787E29C35FBA8C6E2C9C20E9AB30AE42CA2A01A090E7D010C1B5BF9CEE2A304BF3A987FB40D836979B79E18D70F257DA61E808472DD85B82761825779D6B90CAEB0F23360C6F80A7D7D77545E95B3DFF0CF96A827F9B5BCECD2C9698718417EF80FEEDEE938AFF55859D0D540B7FE09435583A6F
310
04874A0C7E8CF234DF4879722000167F5872CEC6BF3EF7E5A8CC8121E6A359227C8A29C95212F9F735BC72A887D56B8F309FC525BFB4FD767AAEC4AEFF249CFBBD2DE1AB9969A6155C7D8DABC307E47324C1F916C7BCFF40ABA5644E9FFB9238D19ADADA49D9610F01ABBA57E4DFCBDCCBB2B93C8953206C91DE01B0E2651A
310
6D6C31721915B31F7B7CBCE55466F6D70402788FA91D73BE4ADCBA99A35F17D6B83383704917D6833F0FA3CD45C926ADB8BC17999A4A0AFBCE2541F7B8CF4C2F5FBA611B3E626D64407CB32C122DFF4EF8674D6EDBB86C8F7C6A16D50FA685E2CCA34F8F7D1D8265BB0042E9D7F1F666F7BE5FAA5184DF58E12122A42EF02F
310
461B3F369AC746F96528AD208512AB56844CF75B97F352DF7995024FB02855385854F3798670D01CAC771AC3E1889EC25F61A20C1F8CAB46898817F9C47E2CDA1F286BF2F358298709FE567C91133E2638C8B53975E753EA8BFD3578B5F7186B7BF084EBA3F77BAC3132A5779902EC22AF2D2E79F42D324E083386DAEE9810
310
D1B44A5DAA54513C7A71E52A4AB9257D975B621308FE4D2141CC3DCFE946C154A3C1DFCCA7629EC69ACFA831634ADDA93C0388D2A9A2DDAFCF957C6995BCE7FBB6DC4EBAE79E63EB08E9A25F52F67076F7093CA545CA3053B5BF576DEAD4E0017143C5F759F32B2D6F145B52B67B48909B7C7FCA6586EE385A2189C16932CB
310
6DDFD9152AE317C430492A578ED27B72D85D40C7C93C097939E1B50F4D67F05334FE9DC362C30B7FF561B95259138ECFD9274C8D695C31B14D4EAA9F3D7FA8DDF652F8C5DEFA23284C799B7D94416DEE81E05A866302DC70192A5368EA65E1CED8BF107A1E2D3119A71E85DC1A7B0C1E93274CE04DD0F2ABC8AC7C987FDB00
310
2B6F81757B43502EF7A0D92E416494FAEEA4C9C090CD9557AA4D532F4996A272B94355C5A0E4974EEA9627476F30809B94D8D8D860062E02204643BEC7D0438AF800FC7E2B26955D595421E83C69E1A07E0E3122285835F014AD538188CF9737CE76D464A353FA55A001AB2526B84E985083693BC76FE211CA1D000679C889
310
E3C009832C87E1AC2EDD05C302557422DF0800E316FCAC86978A371F025A6C7DAA9F333E7BD160403A1A06EA75AA9888FF01504B03041400060808000C808C5051464CB48900000043010000360000006662782F43343336304438332D313541422D344542302D413645362D4631384141453830454133332F646972656374
310
6F72792E786D6C9D8F310EC2300C45AF127987122606C71DD918B841D4B851A43646695A717C52A85029031293A5A76FBF6FACEF7DA7264E43906840EF0FA03836E242F406C6DCEE4EA06AC22492573150D1F66C60C640E8938CB705396EEDD86DE9B5042FE27813D640EA63BB001C722AF6E55CB61E4863F58284D5D3F53D
310
D715CE1C3985E63FD7F1B7EBDD617E9F1E504B03041400060808000C808C500D7FC4B23F070000541C0000340000006662782F43343336304438332D313541422D344542302D413645362D4631384141453830454133332F6F626A656374732E786D6CDD59DB6EDB3810FD1542FBB2FBA0AB2FB50BC785E34B6114698B1A5D
310
EC9B40CB94C28D6EA0A4C4D9AFDF2145CA9222DB4AB6058A4D81C6A1A9E1CC999933C3D1ECC3310AD12361194DE21BCD362C0D91D84B0E340E6EB422F7F589863ECCD18C25495EDBA7A11847E446E3CBDA7C16B0A448E5D281F8B808DBAB9BDBBF50E6919868C80B7196DD6899774F226CE0224F0E247B300E38C746E01F0D
310
DB283736C5060CA7F7ADA352CC489C83AAB01E8314A981DDFC134C32E733936F686C73FA6D1B5CD8660AC39B8AD238CB71ECBDD0AA25C7E9A7D5C01EAED6CE68AA8F86C3813E1C3BB67EBBB95DE9F6BB81B51C2F97D3C57AAAA1F96C9F2461E58094C407F0E2B336B76726FFA6325FA2D0A5B797C431F1249A5D1B0E44CAA5
310
246B63D200D616A6D51C52DA5A5B18F434FECCB65EA034546AA0AD8C53BFEBD19BECFF0610B23E51CA32C2A33CCB19F85A625FE6833533CBD5865F6886229C1346718842BA67988183606BE9A086189E2D5C14E298092F2A79755D21B0AFE75297967E11863C7FB5B9C83417F291E499D08CFE43D849FBFA69A013585BD038
310
9F4863F3E714444C67A6582CBF1B38F2CB1248E4873880680133F9A681D3C26BC9B960BBD2E69F36FBE38EF343F7E1294B52C2721E79229965DE290FD6420B82AF072825AE4DDF9D50F906D07F06E42B5DD00C3CC7E871781C2ADB198E333F611178075948B7E03F0BF18F2F3ECDCCEAE139420DAE3C8729A4ED0FC2B46146
310
E3EC1AA4F3D923047DC206D2B89D874388E93B1AF33C87404161024BC0F7FEFEA8CDB740A6B0084FE110AC877F33937F44F0AB94037CD3F25017FDF670944A98769E9D7CF511628651AF7255C3C673F88E7E08BE8BD5EED3AE603EF6C89D4CEC15F1694C7328A6DD0A35406FA4FCF7ED6791912FEC69ECF2E09C20E1C4D1E1
310
979DF40B128E0155781D2E5D2356EE28A47B18E298244526D7BB88CA4BC284B9FB67B7CCE1CEB3FE5441501E06F9CD23A093CCA0BA7B8CA61C146D2ECDAB98D038E1C479500660503AD5DD63EF81C3EB7AC0586FD103A216B3B6D0224A5D1C2545CCE9FB6578B74D330696F8B1EDA9634D9DC9743492010FBA8B0354FE2872
310
A8D4E72745383D73CCB2E12FC91B0AC8329386C0975D3678D03515B99BA4D8A3797734B4CCE8A9F281FA7E9101AD7702D3D2D818D8A3121BF5BFE320EB15AB955297AD954AB934C201717DCC6B62A77E0D402BE1CA499D4806619265342699E8695E705D0B45CB00EA28235D49ED085B9AB911C9F15B225614C956C032E287
310
2E745F39EF7FAFC7AB5250D6DB731279AF97C4AEB0FFD9CD709486655F770D03DB699DD0892B579A1FF108F1E9E2DCB50E44B4E9D7A4574CA2F0ED257DFA66F167E061F8A7C3A38EA0D0AC4355BDEE59DB18D953FE33011A1A8FECC1F85DE58A6B68A9C372DEB78405745ADEB3FB446870DF8F0495CB2F9E9391D077691816
310
915BD6909C44D0B6E1BC60BD32760C6CD23E4832432B256A27F93484A6BA37CD8A7E45752C70986858CED16CED18308AC670AFEB65C80B2B3A8358F842DC61F955EDBAFF5F2FF53F3366FD6EF3409E9F1276E8D4B4D97AA8AE4D35199C30654DACDC2B24CF67F5F48BC465E73A0E432544325C79B39011C2C823E5C30C716B
310
EABC73644F38F7804A77E2B77E0B19712087531FD210274723DA1C0E55D2546F5BBF1D01DDF102D268D6B69C5223985060CEB477FC43F80D83ABA15BCC4CD90999E5FA969736038631273D2EC8FAF271D792022BBD9FFECA31224F2D097275C99BBF0BA2BE6F4F3D6E4B82B4E8FBF6C2E3F97D11ED634C796DE461810FE9FB
310
0FE2FE7963C2E5C25C0E07636B3519E8F66871AB0FD7B796BE18AFC7FAC69E2C16EB89B55E0C0626235952308F64A6635AAEEAB6D23850815142D7E716029388EBD74515CF6D07FF8F6F2161B2C7E762F157BD84540D1F6FC95AB9D8F712D249D4FBD7DD18EC1744DD5DC45ED56B97F30515E097CB169091AAF7FD9B0B255A
310
55F86E9D6B15F19585F7ECFDE6A7D79806A177D687C68E2ECA6F7231CCAB3AAA94BA110B5E73366B7B385A6DF4F56AE9E8C3A165E9D3C5C6D6179B89EDAC6E1DDB5A5565ACCD56D7EACA2FC1A1AA08D6466F3041CE9290C2209F1C504012B803C1A4A207BFB28864E26E030D802CE3EA2D428FA71FCB396C8EF7A17ADABBC7
310
30CC0E65452E3C18A4C2BDE34693EBE837189DF2E9A51868190F507864B46BA860F4468310C829D417630F2330317014D25B234E085C1C07FCD6543E55FD7D7A8CA303B172B2ABDAD307176959233A619C908A770BC076AA2179BBE94A1D8473F8B82FF2CA98D3C2C91A09827A89501A0793C20709EF1188E7B25DB621F634
310
20E935CDBF1807A5543DC72C1023F91ADE8BD557934FD3B75F501A160177E7A57ADF90A4F33E232CCAC1D50C02439A99627E135FBE37BFB2045E4B4568432108D0EFC7C9F80F7399445112974BE642BEDC42BB7B78557530D598101A17CB9E9AA2EF91AF0260D69511031FB2075800D732CAE7A925C48D00A8E8A91600CA23
310
DC17F05863FF76856411A8B5B0758AE1F088F700081289BFFFE16953DF501B5A422E8056E2CBD307B53033190CCEE7FF02504B03041400060808000C808C5079179227E0000000550100003C0000006662782F43343336304438332D313541422D344542302D413645362D4631384141453830454133332F7265736F757263
310
65732F322F636E782E786D6C4D90CD6A042110845F6510721C7524096171DC97C82997C568AF91557BF027246F1FDD18C8A99BAA8FA6BAE4F92B86E51372F19876B2514E164806AD4F6E27AD5ED717B29C95CC88F51F4696A423EC64C8444997B11D53B270D52D0C35F8749B22BF384890BDB91CC991C5045DCA4E8AF980A8
310
A96E152D941BB5BA6ABAD10C055B36D04F541F619E301974054B94E082AFFC71DDC4EBF67CE2FC249EDE241BA492EF8861F23E55C8783C086EB0AFA927E2920D40C996FDA4C61BDDF88B477B3CC9BAAD64A9B97730B1FA7D74CC47ED80DD915F5749369EECE3DE409FA310F503504B03041400060808000C808C50FF15A4A4
310
5D000000800000003A0000006662782F43343336304438332D313541422D344542302D413645362D4631384141453830454133332F7265736F75726365732F636E782E786D6C4D8B3B0E80201005AF42B6F75B59F0390B113044D83508C6E30BC6C26AF226F3B8BA6360974DA7271430F523308B2B198F9B80925DB7005392
310
27A2FCCB80A18E5640D320F996A81C9F32D6E9129A0D1EF74FCE750E6D57BC7165FBCA07504B03041400060808000C808C50D099CC9E4201000056050000300000006662782F43343336304438332D313541422D344542302D413645362D4631384141453830454133332F636E782E786D6CCD94C14A033110865F650978DC
310
6C765191924DC1834FE041BC65B3D3356D36599289D8B737A9DB5691A287427B0B932FF0FF337F862F3F4653BC830FDAD996D4949102AC72BDB6434B22AECA07522C05F7CEE1378C14568ED0925C26820FDEC5692EF5B092D1E4AAD176331725A2D75D4408A4504686D092A0DE60945446743D840DED254A5A530FC145AF20
310
BD473DC2FC5E7990083D110D6B58C96ECBBA79AEEF178C2D9ABB575E6552F0CE3933F3DA227837DD344CB974B4490EE35506048F5ECF54F640C4511BEDB4E555BA173C24BD769839DC4E999B26A395C4D4A8CA29042C130472E4D5172C78951DFFF0FDF4F872D4904EBDF6A0D0F9EDC5DA509F6AC3411A4D89F85F1776E05F
310
E65DB74E962F37F79386676167B3BB4F6E48D1FD9D8494276907738D1FE020EDFCF94F8B05B5BA46D37B6567F25CED56601A7CDE88E213504B03041400060808000C808C50A110974D7D000000A30000000B0000006662782F636E782E786D6C4D8C410EC2201405AF42FE1E8550090BA0A18AF7682C6D88141A2CC6E30BA6
310
0B572F99BC19D97FD680DE2EBF7C8A0AE8890072F191261F1705659FB100D46B9953DAFF6E80E2B83A050D83964B4E653BD0E4E6B18446838FCF035E3BC6C94D304C2F66C09D1D0836DC727CA7C2182B88358C55E3DC943ABF5EDD96D75F504B03041400060808000C808C50A6D797065F0000008200000007000000636E78
310
2E786D6C4DCB3B0E80201045D1AD90E9FD7516806B51190811670C8A61F982B1B0BAC9C97B72CA7B1037C6D3332918DA1E04D2CAC69353902EDB8C20262D23F3F59B81A079470595414B17391D1F19B4730A5583A7ED43BBE4025D9592775E5ADFFA01504B03041400060808000C808C50ECFD112DA8000000260100001300
310
00005B436F6E74656E745F54797065735D2E786D6C7D4F4B0EC22010BD0A61DF525D18634ABB506FE00510A79458060253536F2FD89D5197F3FED3F68B9BD80362B21E25DFD40D6780DADF2C1AC9671AAA3D677DD75E9E0112CB5A4C928F44E12044D22338956A1F003333F8E814E5331A1194BE2B0362DB343BA13D122055
310
543278D79E6050F344ECBC6478EDCD76CE8EABAE5449AE4298AC56946789C28AAFBEABC53F3EAF09A84A1441B91F0101CD4780756578C173A578FFDDBD00504B03041400060808000C808C503DEE336E64000000790000001B0000006175746F6465736B2D64657369676E2D7061636B6167652E786D6C35CBC10E83200C00
310
D05F21DCA56CA76D41FC96062B120735B69A7DBE268BB7777961F8D5AF396893C2ADB70FE7ADA196782C2DF776D7A97B5933C430F15651E5469C55D70F80A4992A3ADC954792C525AE70A1E4D6AD9816CC044FEFDF01FE3FDE907802504B03041400060808000C808C503169DD2FF30000008E0100003D0000006662782F43
310
343336304438332D313541422D344542302D413645362D4631384141453830454133332F7265736F75726365732F322F636F72652E786D6C8550CB6EC32010FC158B3B1888E3BA11268ADDE40B7AEA0D01715062B07854FDFC42EC4AEDA9A75DCDCECCEE0E3B7ECD8FEA53FB609CED01411854DA4AA78C9D7A90E21576A03A
310
72E69D8BBF68A0B262D63D2830E06CF22E2D1B249D8DDA16D43AA5375084A023A8E423373D08F2A66781448A9911EE6811F22E268D085A799CA564D426352ABB99ABD11E703A8C9776184EF074217BD8747807BB663C433C90F6756CCF94BCBDB0BA88398B66FED92EBD1651ABACC71443DC4042DF497BC0F840F71FAC2E4C
310
CE42F4F9E76D69F92ED359BDA27FDCD2A2FE774BC6C61DDDDC5645009CE4E39E03CEEA924E2ECFE8722D49F26F504B03041400060808000C808C50EE2BB532F9000000960100003B0000006662782F43343336304438332D313541422D344542302D413645362D4631384141453830454133332F7265736F75726365732F63
310
6F72652E786D6C8550CB6E833010FC15E4BBC17608A591711468F2053DF566990DB1126CE447D5CFAF1DA8D49E7ADAD5ECCCECEEF0E3D7FC283EC1796D4D876849500146D9519BA943315C718B8AA3E0CEDAF08B860A2367E8508691E093B371D920654D0093516347D840E93D0454A8476A3AE4D50D6659CA1812C3DFCB45
310
AABB9CA0A4E5CA133C463D6E523D26377DD5E09060FD7069FAFE844F17BAC7754B76B8AD8733263D6D5E87E6CCE8DB0BAFB258F0A0E79FEDCA810C30263D6104931A53F64E9B032107B6FFE055660AEE834B3F6F4BF3774838F0363A059E57EBF48F6B5CC6FF5DA33661C736D755E191A0E9C8E740F02AA794CA33C25473A2
310
E21B504B03041400060808000C808C50DB984C9CF2000000B1010000310000006662782F43343336304438332D313541422D344542302D413645362D4631384141453830454133332F636F72652E786D6C8D50CB6EC32010FC156BEFD8603B96156122A771BFA0A7DE10101725068B47D4CF2FC4AED4DE725A343BC3CC0E3D
310
7D2FF7E2A19CD7D60C404A0C8532C24A6DE60162B8A21E8A13A3CEDAF0870685E18B1A20C3C0E8EC6C5C7748581394C9A8B152ED20F75E0528C43D3D06F0E24B2DBCE4312486BF952B17373EAB92941B8FD1A0975FA9708A072581D5B8C608B788D41FA43B627CAC0F9FB4CA4C4663D472B7D232B9EBAB560ED85BDB74F8D2
310
37881CC6336AA73346633775E89DF4E338F5781A9B865659CCA80F2EDDBC7F92AF7B55BE09FF658EAB7C21B336A1A977C34DE1819194E7B960B4CA05A6F16C37CD5C36FB01504B03041400060808000C808C50E840617554010000DD0200000C0000006662782F636F72652E786D6C8D52DB8E832014FC15C33B0AD6BADD06
310
696AB7FD827DDA378AD425553008A69FBFE0256E1FF612132473CECC9933811C1E6D130DC2F452AB02E018814828AE2BA9EA02387B833B101D28315ADB6F6D2052AC15050830A0A436DA7533C4B5B2420554E94ACC20EB7B6141C41B7F2940CF3F45CB62E6ACEFE8EF71C7F89DD522C6F1D4478973B29AA9B2F26AF2268501
310
342D4F97BC2C8FF078C15B98EDD006EEB2D319A212E7AFA7FC9CE2B7179204322556B6CB746E04B3A2F27C9422883288D3779CEF11DAA7DB0F92844E4A7A6BFCCEF3D0B01DA0B7EB832413FEA4E7BAEA6F3D2795DDA4B3DEC4E801C5DEDE58A02409F9F8DF18DE73867EB0CFCFB26BB3AC70F7D020B8D526F3954ABBB534B0
310
C6092F8DA2F123C954F5CAA3C04F3AE92F3ABF6BF8A098AABD3566FDF5EA6C98FEECA913060EF611296D5AD6ACE6268BEBB90E7A5A69A173DD68F31FF6B2EA1266121E26FD02504B03041400060808000C808C50B2AE772807010000B201000008000000636F72652E786D6C8D504B6EC32014BC0A628F0DC471DD0813C56E
310
7282AEBAA3405C141B2C83A3F6F685984AEDAEAB87E6F36678ECF8398DE0AE176F9C6D21293004DA4AA78C1D5AB8862B6A203872B638177EC920B062D22D4C30E46C58DC3A67483A1BB44DA8754A675078AF0304728C8F167AF9A1275188354485BF15B3903731E882149B8EB360A61FAB5CB4085A414E31C5085788D05752
310
1F303ED0FD1B2B9392B375352A471915D3CDD5E8255ABAFE5277DD099D2E648FAA06EF5053F567843B523FF7F599929727562633673E2CF1CF7949EC198017F794CBCA8DE2ECDDB9310B6229059C1DBF20C7AC4CC49FD2EBACFE51DAD8B0A379E1E6F0909358E841C4E074C1381EE78D335D9B7F03504B0102140014000608
310
08000C808C500000000000000000000000003700000000000000000000000000000000006662782F43343336304438332D313541422D344542302D413645362D4631384141453830454133332F617474726962757465732E62696E504B010214001400060808000C808C500000000000000000000000003500000000000000
310
000000000000550000006662782F43343336304438332D313541422D344542302D413645362D4631384141453830454133332F76657274696365732E62696E504B010214001400060808000C808C50F270F13306000000040000003600000000000000000000000000A80000006662782F43343336304438332D313541422D
310
344542302D413645362D4631384141453830454133332F747269616E676C65732E62696E504B010214001400060808000C808C5088E57597CD3F0000904100004200000000000000000000000000020100006662782F43343336304438332D313541422D344542302D413645362D4631384141453830454133332F7265736F
310
75726365732F322F305F67656E657269632E706E67504B010214001400060808000C808C5051464CB4890000004301000036000000000000000000000000002F4100006662782F43343336304438332D313541422D344542302D413645362D4631384141453830454133332F6469726563746F72792E786D6C504B01021400
310
1400060808000C808C500D7FC4B23F070000541C000034000000000000000000000000000C4200006662782F43343336304438332D313541422D344542302D413645362D4631384141453830454133332F6F626A656374732E786D6C504B010214001400060808000C808C5079179227E0000000550100003C000000000000
310
000000000000009D4900006662782F43343336304438332D313541422D344542302D413645362D4631384141453830454133332F7265736F75726365732F322F636E782E786D6C504B010214001400060808000C808C50FF15A4A45D000000800000003A00000000000000000000000000D74A00006662782F433433363044
310
38332D313541422D344542302D413645362D4631384141453830454133332F7265736F75726365732F636E782E786D6C504B010214001400060808000C808C50D099CC9E420100005605000030000000000000000000000000008C4B00006662782F43343336304438332D313541422D344542302D413645362D4631384141
310
453830454133332F636E782E786D6C504B010214001400060808000C808C50A110974D7D000000A30000000B000000000000000000000000001C4D00006662782F636E782E786D6C504B010214001400060808000C808C50A6D797065F000000820000000700000000000000000000000000C24D0000636E782E786D6C504B
310
010214001400060808000C808C50ECFD112DA8000000260100001300000000000000000000000000464E00005B436F6E74656E745F54797065735D2E786D6C504B010214001400060808000C808C503DEE336E64000000790000001B000000000000000000000000001F4F00006175746F6465736B2D64657369676E2D7061
310
636B6167652E786D6C504B010214001400060808000C808C503169DD2FF30000008E0100003D00000000000000000000000000BC4F00006662782F43343336304438332D313541422D344542302D413645362D4631384141453830454133332F7265736F75726365732F322F636F72652E786D6C504B010214001400060808
310
000C808C50EE2BB532F9000000960100003B000000000000000000000000000A5100006662782F43343336304438332D313541422D344542302D413645362D4631384141453830454133332F7265736F75726365732F636F72652E786D6C504B010214001400060808000C808C50DB984C9CF2000000B10100003100000000
310
0000000000000000005C5200006662782F43343336304438332D313541422D344542302D413645362D4631384141453830454133332F636F72652E786D6C504B010214001400060808000C808C50E840617554010000DD0200000C000000000000000000000000009D5300006662782F636F72652E786D6C504B0102140014
310
00060808000C808C50B2AE772807010000B201000008000000000000000000000000001B550000636F72652E786D6C504B050600000000120012002D060000485600000000
  0
ENDSEC
  0
SECTION
  2
THUMBNAILIMAGE
 90
     1673
310
1F256D07D43628289D57CA3F9D44102B750600000201E701000050000000063702000012060000000000000000000000000000000000000000000000000000000000000000000000000000000000000000000000000000000000000000000000000000000000000000000000000000000000000000000089504E470D0A1A0A
310
0000000D49484452000001000000007108030000000DA58D8400000300504C5445000000FFFFFF0000000000000000000000000000000000000000000000000000000000330000660000990000CC0000FF0033000033330033660033990033CC0033FF0066000066330066660066990066CC0066FF00990000993300996600
310
99990099CC0099FF00CC0000CC3300CC6600CC9900CCCC00CCFF00FF0000FF3300FF6600FF9900FFCC00FFFF3300003300333300663300993300CC3300FF3333003333333333663333993333CC3333FF3366003366333366663366993366CC3366FF3399003399333399663399993399CC3399FF33CC0033CC3333CC6633CC
310
9933CCCC33CCFF33FF0033FF3333FF6633FF9933FFCC33FFFF6600006600336600666600996600CC6600FF6633006633336633666633996633CC6633FF6666006666336666666666996666CC6666FF6699006699336699666699996699CC6699FF66CC0066CC3366CC6666CC9966CCCC66CCFF66FF0066FF3366FF6666FF99
310
66FFCC66FFFF9900009900339900669900999900CC9900FF9933009933339933669933999933CC9933FF9966009966339966669966999966CC9966FF9999009999339999669999999999CC9999FF99CC0099CC3399CC6699CC9999CCCC99CCFF99FF0099FF3399FF6699FF9999FFCC99FFFFCC0000CC0033CC0066CC0099CC
310
00CCCC00FFCC3300CC3333CC3366CC3399CC33CCCC33FFCC6600CC6633CC6666CC6699CC66CCCC66FFCC9900CC9933CC9966CC9999CC99CCCC99FFCCCC00CCCC33CCCC66CCCC99CCCCCCCCCCFFCCFF00CCFF33CCFF66CCFF99CCFFCCCCFFFFFF0000FF0033FF0066FF0099FF00CCFF00FFFF3300FF3333FF3366FF3399FF33
310
CCFF33FFFF6600FF6633FF6666FF6699FF66CCFF66FFFF9900FF9933FF9966FF9999FF99CCFF99FFFFCC00FFCC33FFCC66FFCC99FFCCCCFFCCFFFFFF00FFFF33FFFF66FFFF99FFFFCCFFFFFF0000000D0D0D1A1A1A2828283535354343435050505D5D5D6B6B6B787878868686939393A1A1A1AEAEAEBBBBBBC9C9C9D6D6D6
310
E4E4E4F1F1F1FFFFFF0000000000000000000000000000000000000000000000000000000000003AE5ACE9000002CD4944415478DAED9ACD71C4200C46E9803654892BC9C925B91857421BDC63103F028B4D263794EFCD666C93DD4C782B0432760E000000000000000000000000000000000000007F212A1C8BF3F5BB6234
310
24E0789017F1576C2DE02B1FDFBF52DE9C0FE4E4617F01E7995EFF58C0573C63E91B3142806C580970DB0F81785601B9C73202C696486F2CE48093BFDCDCD341C0DC122987844BAF6CE739E164B9B5801ADDB5BBB41690BBDE86458900B7BB80D41929A03A1102B8498DF4FD2380AA803AE2699D0394C4BF7F044801BDB362
310
1698A7416D29654040CC239CDC4B806809CA5F0836048CDF6FD017424113706DBF0E780BF0BA00EF1501DE1B8A00E67A50CA9DAB30B78707B30202F7EE25403497B2D8580E68E3FB725EFB5469CE9FDC7706D404F85980D6FFE04AB33101F7EDE7EE06AF24833C2E7A9D182D09E8EDDC3BEE317115C867C9409E2679996C4B
310
80682FB54E590ED76F9B44FDD42A87ED05C459405E134A011D5E0FB280B2743420A09C6601F2BB16BD9325C193006C45C01578899B7300D512301FB4F93DBD3B063339204D755D80F724AA621AEA5F5911F09AD8C42C20E6FA9ADA44B4AF04C8B2D08000D95B72E44894BADAA8094351709913D003C0EB028646BFBD00716F
310
8B1705CBD2AF354D758129019F6ADF85006F47808C6C7DFC8FAED8482B8D6D08C853E072FC0B01C19000FEF7C53448AEDEECD4B7C2D34FBD41D886808908106BFEF5B3003C3C9A00B7BD80B6CD396D7ABE06FD901F2C09289B02B5EAE740580B48F941E40003024AC517DB2A58C443BEEA7BA2758518E33D0B38F61F0243E5
310
1FEB2E78B926B14A4EC170E7741043AC69E4D83809B6D24F26415A931F14E084D867CB9D05B8B63F2A6EFC0C4FC2D40B2E9753C6B839317401461642BDFD0701C36DB2FF27805CCD920622403C1B7988FDAE8F39E099058E7A5E3FBDAF804F4FC47EE0984E1C0000000000000000000000000000000000000000000000F067
310
BE01C14F42F8024E57E70000000049454E44AE426082
  0
ENDSEC
  0
EOF
